backend,suite,family,pattern,samples,buckets,timing,codec,operation,baseline,speedup,cpu_ratio,size_ratio
scalar,BenchmarkALPMatrix,float-histogram,bursty,1024,8,regular,ALPv3,decode,legacy,2.856463412420353,0.3507856816848145,1.0209508460918615
scalar,BenchmarkALPMatrix,float-histogram,bursty,1024,8,regular,ALPv3,encode,legacy,0.38444684291954384,2.5948477751756442,1.0209508460918615
scalar,BenchmarkALPMatrix,float-histogram,bursty,1024,8,regular,ALPv4,decode,legacy,2.1742987425728892,0.4607811175588446,0.6269137792103143
scalar,BenchmarkALPMatrix,float-histogram,bursty,1024,8,regular,ALPv4,encode,legacy,0.3529798330791555,2.838407494145199,0.6269137792103143
scalar,BenchmarkALPMatrix,float-histogram,bursty,120,128,regular,ALPv3,decode,legacy,3.2285300876670355,0.30968762356662716,1.3605200945626479
scalar,BenchmarkALPMatrix,float-histogram,bursty,120,128,regular,ALPv3,encode,legacy,0.5216553570468946,1.9164790634849167,1.3605200945626479
scalar,BenchmarkALPMatrix,float-histogram,bursty,120,128,regular,ALPv4,decode,legacy,3.011970223325062,0.33198892843020955,1.206855791962175
scalar,BenchmarkALPMatrix,float-histogram,bursty,120,128,regular,ALPv4,encode,legacy,0.4724931523821745,2.116614137775777,1.206855791962175
scalar,BenchmarkALPMatrix,float-histogram,bursty,120,8,regular,ALPv3,decode,legacy,2.1537330981775424,0.46441732863811314,1.101645692158761
scalar,BenchmarkALPMatrix,float-histogram,bursty,120,8,regular,ALPv3,encode,legacy,0.48688364401683704,2.0547563805104407,1.101645692158761
scalar,BenchmarkALPMatrix,float-histogram,bursty,120,8,regular,ALPv4,decode,legacy,1.6156560088202867,0.619032020309557,0.7545982575024202
scalar,BenchmarkALPMatrix,float-histogram,bursty,120,8,regular,ALPv4,encode,legacy,0.4104879594423321,2.437122969837587,0.7545982575024202
scalar,BenchmarkALPMatrix,float-histogram,bursty,32,8,regular,ALPv3,decode,legacy,2.050595238095238,0.4877690044898591,1.0795559666975023
scalar,BenchmarkALPMatrix,float-histogram,bursty,32,8,regular,ALPv3,encode,legacy,0.37033814607534216,2.7012617012617017,1.0795559666975023
scalar,BenchmarkALPMatrix,float-histogram,bursty,32,8,regular,ALPv4,decode,legacy,1.4951175406871609,0.6689115962223253,0.7400555041628122
scalar,BenchmarkALPMatrix,float-histogram,bursty,32,8,regular,ALPv4,encode,legacy,0.3266749637004771,3.0622710622710625,0.7400555041628122
scalar,BenchmarkALPMatrix,float-histogram,fractional,120,128,regular,ALPv3,decode,legacy,5.41594780874767,0.18467819404418828,0.23870625662778366
scalar,BenchmarkALPMatrix,float-histogram,fractional,120,128,regular,ALPv3,encode,legacy,0.5451808624551644,1.840033855268726,0.23870625662778366
scalar,BenchmarkALPMatrix,float-histogram,fractional,120,128,regular,ALPv4,decode,legacy,5.41888404571379,0.18463016330451487,0.23870625662778366
scalar,BenchmarkALPMatrix,float-histogram,fractional,120,128,regular,ALPv4,encode,legacy,0.5169010287216386,1.9414585978276202,0.23870625662778366
scalar,BenchmarkALPMatrix,float-histogram,fractional,120,8,regular,ALPv3,decode,legacy,3.1482654383186985,0.31766061337576124,0.40297946920380573
scalar,BenchmarkALPMatrix,float-histogram,fractional,120,8,regular,ALPv3,encode,legacy,0.4117923671301393,2.438147566718995,0.40297946920380573
scalar,BenchmarkALPMatrix,float-histogram,fractional,120,8,regular,ALPv4,decode,legacy,3.144644140905823,0.31793493169473863,0.40297946920380573
scalar,BenchmarkALPMatrix,float-histogram,fractional,120,8,regular,ALPv4,encode,legacy,0.39573362364685827,2.537048665620094,0.40297946920380573
scalar,BenchmarkALPMatrix,float-histogram,gauge,120,128,regular,ALPv3,decode,legacy,4.099648877846451,0.24392882904544363,0.7707045735475896
scalar,BenchmarkALPMatrix,float-histogram,gauge,120,128,regular,ALPv3,encode,legacy,0.5324433745486377,1.8802544876164509,0.7707045735475896
scalar,BenchmarkALPMatrix,float-histogram,gauge,120,128,regular,ALPv4,decode,legacy,3.9594058620552888,0.2525246453474393,0.7564894932014833
scalar,BenchmarkALPMatrix,float-histogram,gauge,120,128,regular,ALPv4,encode,legacy,0.48666518634606104,2.0572597137014315,0.7564894932014833
scalar,BenchmarkALPMatrix,float-histogram,gauge,120,8,regular,ALPv3,decode,legacy,2.644909008873515,0.378027976799727,0.782495101241019
scalar,BenchmarkALPMatrix,float-histogram,gauge,120,8,regular,ALPv3,encode,legacy,0.4816841798015178,2.0779753761969904,0.782495101241019
scalar,BenchmarkALPMatrix,float-histogram,gauge,120,8,regular,ALPv4,decode,legacy,2.6750836629145116,0.37379733879222105,0.782495101241019
scalar,BenchmarkALPMatrix,float-histogram,gauge,120,8,regular,ALPv4,encode,legacy,0.4138006691898415,2.4186046511627906,0.782495101241019
scalar,BenchmarkALPMatrix,float-histogram,layout,120,128,regular,ALPv3,decode,legacy,4.258525267146323,0.23483894187511248,1.3580246913580245
scalar,BenchmarkALPMatrix,float-histogram,layout,120,128,regular,ALPv3,encode,legacy,0.5711465507863144,1.7492123503465657,1.3580246913580245
scalar,BenchmarkALPMatrix,float-histogram,layout,120,128,regular,ALPv4,decode,legacy,2.6593776170789742,0.3755023693839602,0.5200214707461084
scalar,BenchmarkALPMatrix,float-histogram,layout,120,128,regular,ALPv4,encode,legacy,0.4544405594683256,2.201638311279143,0.5200214707461084
scalar,BenchmarkALPMatrix,float-histogram,layout,120,8,regular,ALPv3,decode,legacy,2.600054749520942,0.3846105249857855,0.9089698046181172
scalar,BenchmarkALPMatrix,float-histogram,layout,120,8,regular,ALPv3,encode,legacy,0.4647351940505224,2.1492508270091455,0.9089698046181172
scalar,BenchmarkALPMatrix,float-histogram,layout,120,8,regular,ALPv4,decode,legacy,1.9135690540948926,0.522585128561501,0.5839253996447602
scalar,BenchmarkALPMatrix,float-histogram,layout,120,8,regular,ALPv4,encode,legacy,0.40307491431369347,2.4816112084063047,0.5839253996447602
scalar,BenchmarkALPMatrix,float-histogram,noisy-fractional,120,128,regular,ALPv3,decode,legacy,3.472720661249493,0.2879652005799903,0.8848974386225954
scalar,BenchmarkALPMatrix,float-histogram,noisy-fractional,120,128,regular,ALPv3,encode,legacy,0.4708461901186639,2.132517688679245,0.8848974386225954
scalar,BenchmarkALPMatrix,float-histogram,noisy-fractional,120,128,regular,ALPv4,decode,legacy,3.4530170076068365,0.2896568390526824,0.8848974386225954
scalar,BenchmarkALPMatrix,float-histogram,noisy-fractional,120,128,regular,ALPv4,encode,legacy,0.4710383840095538,2.1320754716981134,0.8848974386225954
scalar,BenchmarkALPMatrix,float-histogram,noisy-fractional,120,8,regular,ALPv3,decode,legacy,2.3640090624662853,0.423001095290252,0.9285354171918326
scalar,BenchmarkALPMatrix,float-histogram,noisy-fractional,120,8,regular,ALPv3,encode,legacy,0.4050471517964688,2.4795074758135445,0.9285354171918326
scalar,BenchmarkALPMatrix,float-histogram,noisy-fractional,120,8,regular,ALPv4,decode,legacy,2.4804165723341636,0.40317634173055866,0.9285354171918326
scalar,BenchmarkALPMatrix,float-histogram,noisy-fractional,120,8,regular,ALPv4,encode,legacy,0.42399547324849773,2.3669305189094105,0.9285354171918326
scalar,BenchmarkALPMatrix,float-histogram,resets,120,128,regular,ALPv3,decode,legacy,4.140571795695471,0.2414970208540219,1.042115114646701
scalar,BenchmarkALPMatrix,float-histogram,resets,120,128,regular,ALPv3,encode,legacy,0.5725699324816445,1.7465559157212318,1.042115114646701
scalar,BenchmarkALPMatrix,float-histogram,resets,120,128,regular,ALPv4,decode,legacy,2.7417680592189226,0.36475918570009935,0.43158633598502577
scalar,BenchmarkALPMatrix,float-histogram,resets,120,128,regular,ALPv4,encode,legacy,0.47457873770835235,2.108589951377634,0.43158633598502577
scalar,BenchmarkALPMatrix,float-histogram,resets,120,8,regular,ALPv3,decode,legacy,2.490675507666805,0.4014375083189139,0.7817576009995835
scalar,BenchmarkALPMatrix,float-histogram,resets,120,8,regular,ALPv3,encode,legacy,0.3741628951223997,2.6736521242141364,0.7817576009995835
scalar,BenchmarkALPMatrix,float-histogram,resets,120,8,regular,ALPv4,decode,legacy,1.7195994277539342,0.5813922534273925,0.6026655560183257
scalar,BenchmarkALPMatrix,float-histogram,resets,120,8,regular,ALPv4,encode,legacy,0.3313581803377722,3.01943227281387,0.6026655560183257
scalar,BenchmarkALPMatrix,float-histogram,smooth,1024,8,regular,ALPv3,decode,legacy,2.862472290806856,0.3492554631599304,0.8816762530813476
scalar,BenchmarkALPMatrix,float-histogram,smooth,1024,8,regular,ALPv3,encode,legacy,0.5013592849574382,1.99575571799104,0.8816762530813476
scalar,BenchmarkALPMatrix,float-histogram,smooth,1024,8,regular,ALPv4,decode,legacy,2.1939966571353584,0.4558112550763876,0.47452752670501236
scalar,BenchmarkALPMatrix,float-histogram,smooth,1024,8,regular,ALPv4,encode,legacy,0.4360069275261108,2.2968639471822683,0.47452752670501236
scalar,BenchmarkALPMatrix,float-histogram,smooth,120,1031,regular,ALPv3,decode,legacy,4.6040119025324096,0.2171689780739134,0.9578713968957872
scalar,BenchmarkALPMatrix,float-histogram,smooth,120,1031,regular,ALPv3,encode,legacy,0.567463514120391,1.7620332750081555,0.9578713968957872
scalar,BenchmarkALPMatrix,float-histogram,smooth,120,1031,regular,ALPv4,decode,legacy,4.601795811160533,0.2173239327496707,0.9578713968957872
scalar,BenchmarkALPMatrix,float-histogram,smooth,120,1031,regular,ALPv4,encode,legacy,0.5671387271256585,1.7630119517186156,0.9578713968957872
scalar,BenchmarkALPMatrix,float-histogram,smooth,120,128,regular,ALPv3,decode,legacy,4.195379238933471,0.23843021103295076,1.4113995485327315
scalar,BenchmarkALPMatrix,float-histogram,smooth,120,128,regular,ALPv3,encode,legacy,0.5630615316863655,1.7741791378155014,1.4113995485327315
scalar,BenchmarkALPMatrix,float-histogram,smooth,120,128,regular,ALPv4,decode,legacy,2.6513748960477703,0.3771442675552265,0.5401241534988713
scalar,BenchmarkALPMatrix,float-histogram,smooth,120,128,regular,ALPv4,encode,legacy,0.46750502441422365,2.14094259548805,0.5401241534988713
scalar,BenchmarkALPMatrix,float-histogram,smooth,120,8,regular,ALPv3,decode,legacy,2.3835504885993486,0.4194738640245985,0.9192846785886901
scalar,BenchmarkALPMatrix,float-histogram,smooth,120,8,regular,ALPv3,decode-cold,legacy,1.3780346820809248,0.7162459872852016,0.9192846785886901
scalar,BenchmarkALPMatrix,float-histogram,smooth,120,8,regular,ALPv3,encode,legacy,0.49636898741674185,2.01522506619594,0.9192846785886901
scalar,BenchmarkALPMatrix,float-histogram,smooth,120,8,regular,ALPv4,decode,legacy,1.747636580754304,0.5721216262384694,0.5785403576607057
scalar,BenchmarkALPMatrix,float-histogram,smooth,120,8,regular,ALPv4,decode-cold,legacy,1.1901404056162246,0.8318751180210234,0.5785403576607057
scalar,BenchmarkALPMatrix,float-histogram,smooth,120,8,regular,ALPv4,encode,legacy,0.4283074794203901,2.3362753751103265,0.5785403576607057
scalar,BenchmarkALPMatrix,float-histogram,smooth,32,8,regular,ALPv3,decode,legacy,2.4334581260577464,0.410935814455232,0.767043078209954
scalar,BenchmarkALPMatrix,float-histogram,smooth,32,8,regular,ALPv3,encode,legacy,0.38250754182283575,2.6148545176110254,0.767043078209954
scalar,BenchmarkALPMatrix,float-histogram,smooth,32,8,regular,ALPv4,decode,legacy,1.7593622543566927,0.5682308522114348,0.590547887913007
scalar,BenchmarkALPMatrix,float-histogram,smooth,32,8,regular,ALPv4,encode,legacy,0.3514773514773515,2.846094946401225,0.590547887913007
scalar,BenchmarkALPMatrix,float-histogram,stale,120,128,regular,ALPv3,decode,legacy,3.6346918764915914,0.2746547720884761,1.2034938621340887
scalar,BenchmarkALPMatrix,float-histogram,stale,120,128,regular,ALPv3,encode,legacy,0.5461294341132901,1.8327807708246995,1.2034938621340887
scalar,BenchmarkALPMatrix,float-histogram,stale,120,128,regular,ALPv4,decode,legacy,2.3704588506412807,0.4217279726261763,0.554296506137866
scalar,BenchmarkALPMatrix,float-histogram,stale,120,128,regular,ALPv4,encode,legacy,0.45436674652274334,2.2057604641525073,0.554296506137866
scalar,BenchmarkALPMatrix,float-histogram,stale,120,8,regular,ALPv3,decode,legacy,2.157290589451913,0.4637614414829314,0.9052419354838709
scalar,BenchmarkALPMatrix,float-histogram,stale,120,8,regular,ALPv3,encode,legacy,0.30731206200351924,3.255568814638027,0.9052419354838709
scalar,BenchmarkALPMatrix,float-histogram,stale,120,8,regular,ALPv4,decode,legacy,1.5205918798746265,0.6579356398595361,0.8745967741935484
scalar,BenchmarkALPMatrix,float-histogram,stale,120,8,regular,ALPv4,encode,legacy,0.2691826252745148,3.7165871121718372,0.8745967741935484
scalar,BenchmarkALPMatrix,float,computed,1024,0,no-st,ALP,decode,XOR,1.8074360627552117,0.5533235938641343,0.951803792955939
scalar,BenchmarkALPMatrix,float,computed,1024,0,no-st,ALP,decode,XOR2,2.998710509348807,0.33357798165137614,0.6919966825627202
scalar,BenchmarkALPMatrix,float,computed,1024,0,no-st,ALP,encode,XOR,0.596428423336881,1.688071188071188,0.951803792955939
scalar,BenchmarkALPMatrix,float,computed,1024,0,no-st,ALP,encode,XOR2,0.5685773127479302,1.775164390490642,0.6919966825627202
scalar,BenchmarkALPMatrix,float,computed,1024,0,regular,ALP,decode,XOR2,3.840012858979854,0.2604458416690483,0.6984242172921418
scalar,BenchmarkALPMatrix,float,computed,1024,0,regular,ALP,encode,XOR2,0.5518522927164755,1.8331665832916457,0.6984242172921418
scalar,BenchmarkALPMatrix,float,computed,120,0,changing-st,ALP,decode,XOR2,2.780922098569157,0.35965971459934143,0.8250652741514362
scalar,BenchmarkALPMatrix,float,computed,120,0,changing-st,ALP,encode,XOR2,0.5451734040203225,1.8418079096045195,0.8250652741514362
scalar,BenchmarkALPMatrix,float,computed,120,0,jitter,ALP,decode,XOR2,1.4781687654466282,0.6763610315186246,0.9693866191695424
scalar,BenchmarkALPMatrix,float,computed,120,0,jitter,ALP,encode,XOR2,0.48625026646770414,2.0631326584976026,0.9693866191695424
scalar,BenchmarkALPMatrix,float,computed,120,0,no-st-jitter,ALP,decode,XOR,1.803635507971057,0.554481409001957,0.965586592178771
scalar,BenchmarkALPMatrix,float,computed,120,0,no-st-jitter,ALP,decode,XOR2,1.4871463027236895,0.6723777883246321,0.9647242688100022
scalar,BenchmarkALPMatrix,float,computed,120,0,no-st-jitter,ALP,encode,XOR,0.5713670149736076,1.7517698104590091,0.965586592178771
scalar,BenchmarkALPMatrix,float,computed,120,0,no-st-jitter,ALP,encode,XOR2,0.4936981579230852,2.0304393859184757,0.9647242688100022
scalar,BenchmarkALPMatrix,float,computed,120,0,no-st,ALP,decode,XOR,1.7034134447927551,0.5865644171779142,0.9485087225661227
scalar,BenchmarkALPMatrix,float,computed,120,0,no-st,ALP,decode,XOR2,1.5664402647161269,0.6374,0.9473092595194604
scalar,BenchmarkALPMatrix,float,computed,120,0,no-st,ALP,encode,XOR,0.5702654472451484,1.7763692896436258,0.9485087225661227
scalar,BenchmarkALPMatrix,float,computed,120,0,no-st,ALP,encode,XOR2,0.424046397501673,2.36453358802929,0.9473092595194604
scalar,BenchmarkALPMatrix,float,computed,120,0,regular,ALP,decode,XOR2,1.6047909563969136,0.6231718770964711,0.9532343881265751
scalar,BenchmarkALPMatrix,float,computed,120,0,regular,ALP,encode,XOR2,0.44625741670470104,2.241965389369592,0.9532343881265751
scalar,BenchmarkALPMatrix,float,computed,32,0,no-st,ALP,decode,XOR,1.4582315583781145,0.6855305466237942,1.0843910342965164
scalar,BenchmarkALPMatrix,float,computed,32,0,no-st,ALP,decode,XOR2,1.2581827063996094,0.7945835145040064,1.0797257327238505
scalar,BenchmarkALPMatrix,float,computed,32,0,no-st,ALP,encode,XOR,0.2705089251804026,3.689452240832956,1.0843910342965164
scalar,BenchmarkALPMatrix,float,computed,32,0,no-st,ALP,encode,XOR2,0.22491454614508166,4.446262956901255,1.0797257327238505
scalar,BenchmarkALPMatrix,float,computed,32,0,regular,ALP,decode,XOR2,1.2974345948691899,0.7707824343795026,1.0995883680786085
scalar,BenchmarkALPMatrix,float,computed,32,0,regular,ALP,encode,XOR2,0.22933772269558486,4.359366466411796,1.0995883680786085
scalar,BenchmarkALPMatrix,float,constant,1024,0,no-st,ALP,decode,XOR,1.0189445196211095,0.9814143245693563,1.0911808669656202
scalar,BenchmarkALPMatrix,float,constant,1024,0,no-st,ALP,decode,XOR2,6.095624718087506,0.16407730200833648,0.10518731988472622
scalar,BenchmarkALPMatrix,float,constant,1024,0,no-st,ALP,encode,XOR,0.8391978122151322,1.1863443974159054,1.0911808669656202
scalar,BenchmarkALPMatrix,float,constant,1024,0,no-st,ALP,encode,XOR2,1.4814949863263445,0.6760393525864805,0.10518731988472622
scalar,BenchmarkALPMatrix,float,constant,1024,0,regular,ALP,decode,XOR2,6.186298892154646,0.16163922155688623,0.12774774774774775
scalar,BenchmarkALPMatrix,float,constant,1024,0,regular,ALP,encode,XOR2,1.5726691042047531,0.6362271853986553,0.12774774774774775
scalar,BenchmarkALPMatrix,float,constant,120,0,no-st,ALP,decode,XOR,1.2832534185757416,0.7793091996014612,0.8332499999999999
scalar,BenchmarkALPMatrix,float,constant,120,0,no-st,ALP,decode,XOR2,1.49032143491387,0.671003717472119,1.1764913519237556
scalar,BenchmarkALPMatrix,float,constant,120,0,no-st,ALP,encode,XOR,0.6579122974261201,1.482002446269439,0.8332499999999999
scalar,BenchmarkALPMatrix,float,constant,120,0,no-st,ALP,encode,XOR2,0.5616301239275502,1.7381903883594632,1.1764913519237556
scalar,BenchmarkALPMatrix,float,constant,120,0,regular,ALP,decode,XOR2,1.3864263380540738,0.7214968152866242,1.2974375608173856
scalar,BenchmarkALPMatrix,float,constant,120,0,regular,ALP,encode,XOR2,0.5795210166177908,1.6818783742487524,1.2974375608173856
scalar,BenchmarkALPMatrix,float,constant,32,0,no-st,ALP,decode,XOR,1.4656879878830247,0.682396336809972,1.5384615384615385
scalar,BenchmarkALPMatrix,float,constant,32,0,no-st,ALP,decode,XOR2,1.7348246533845975,0.5763239875389408,1.7390094602114636
scalar,BenchmarkALPMatrix,float,constant,32,0,no-st,ALP,encode,XOR,0.5896192343411413,1.6279597978536147,1.5384615384615385
scalar,BenchmarkALPMatrix,float,constant,32,0,no-st,ALP,encode,XOR2,0.5206892993499123,1.8481273770386129,1.7390094602114636
scalar,BenchmarkALPMatrix,float,constant,32,0,regular,ALP,decode,XOR2,1.7660195842638722,0.5661963062876115,1.8461538461538463
scalar,BenchmarkALPMatrix,float,constant,32,0,regular,ALP,encode,XOR2,0.5338195623938455,1.809250671222846,1.8461538461538463
scalar,BenchmarkALPMatrix,float,counter,1024,0,no-st,ALP,decode,XOR,1.5061534058385804,0.6633586300836739,0.8301703163017031
scalar,BenchmarkALPMatrix,float,counter,1024,0,no-st,ALP,decode,XOR2,4.481253577561534,0.22295618051013735,0.36390784982935154
scalar,BenchmarkALPMatrix,float,counter,1024,0,no-st,ALP,encode,XOR,0.8536911438633102,1.1717092337917485,0.8301703163017031
scalar,BenchmarkALPMatrix,float,counter,1024,0,no-st,ALP,encode,XOR2,0.9519368723098995,1.054828440042448,0.36390784982935154
scalar,BenchmarkALPMatrix,float,counter,1024,0,regular,ALP,decode,XOR2,4.193094978165939,0.2358572381587725,0.3773464163822526
scalar,BenchmarkALPMatrix,float,counter,1024,0,regular,ALP,encode,XOR2,1.2589422106931834,0.7631950989632422,0.3773464163822526
scalar,BenchmarkALPMatrix,float,counter,120,0,no-st,ALP,decode,XOR,1.5046674445740957,0.6646193932626093,0.902389425521098
scalar,BenchmarkALPMatrix,float,counter,120,0,no-st,ALP,decode,XOR2,1.681563593932322,0.5947206261970188,0.8987341772151898
scalar,BenchmarkALPMatrix,float,counter,120,0,no-st,ALP,encode,XOR,0.5625719769673705,1.76253081347576,0.902389425521098
scalar,BenchmarkALPMatrix,float,counter,120,0,no-st,ALP,encode,XOR2,0.47044145873320536,2.1091445427728615,0.8987341772151898
scalar,BenchmarkALPMatrix,float,counter,120,0,regular,ALP,decode,XOR2,1.7778171509567684,0.562509966512518,0.921
scalar,BenchmarkALPMatrix,float,counter,120,0,regular,ALP,encode,XOR2,0.487905604719764,2.033511413307431,0.921
scalar,BenchmarkALPMatrix,float,counter,32,0,no-st,ALP,decode,XOR,1.3501353179972937,0.7404794355808547,1.309598918431726
scalar,BenchmarkALPMatrix,float,counter,32,0,no-st,ALP,decode,XOR2,1.37212449255751,0.7287359949502921,1.2915555555555556
scalar,BenchmarkALPMatrix,float,counter,32,0,no-st,ALP,encode,XOR,0.27857347464909765,3.5623342175066313,1.309598918431726
scalar,BenchmarkALPMatrix,float,counter,32,0,no-st,ALP,encode,XOR2,0.23271268977370382,4.273667462211614,1.2915555555555556
scalar,BenchmarkALPMatrix,float,counter,32,0,regular,ALP,decode,XOR2,1.5788573383510094,0.6331808097615086,1.3464163822525599
scalar,BenchmarkALPMatrix,float,counter,32,0,regular,ALP,encode,XOR2,0.23660149511213344,4.20926580290538,1.3464163822525599
scalar,BenchmarkALPMatrix,float,decimal2,1024,0,no-st,ALP,decode,XOR,2.5355318838464904,0.3944948720971354,0.2124735729386892
scalar,BenchmarkALPMatrix,float,decimal2,1024,0,no-st,ALP,decode,XOR2,5.411206770757333,0.18483844241922123,0.1451263537906137
scalar,BenchmarkALPMatrix,float,decimal2,1024,0,no-st,ALP,encode,XOR,1.1348086586780055,0.887551379917792,0.2124735729386892
scalar,BenchmarkALPMatrix,float,decimal2,1024,0,no-st,ALP,encode,XOR2,1.2836618992397888,0.7864203954214359,0.1451263537906137
scalar,BenchmarkALPMatrix,float,decimal2,1024,0,regular,ALP,decode,XOR2,5.453047535724701,0.18340635268346114,0.15272595980262366
scalar,BenchmarkALPMatrix,float,decimal2,1024,0,regular,ALP,encode,XOR2,1.288525641025641,0.7833376321898375,0.15272595980262366
scalar,BenchmarkALPMatrix,float,decimal2,120,0,changing-st,ALP,decode,XOR2,3.056620798556282,0.32684583579444776,0.2993205532637709
scalar,BenchmarkALPMatrix,float,decimal2,120,0,changing-st,ALP,encode,XOR2,0.7677927189242375,1.2683937823834197,0.2993205532637709
scalar,BenchmarkALPMatrix,float,decimal2,120,0,jitter,ALP,decode,XOR2,1.6509534273764797,0.6056047805481146,0.42715534107212727
scalar,BenchmarkALPMatrix,float,decimal2,120,0,jitter,ALP,encode,XOR2,0.7694217807733239,1.3074542897327708,0.42715534107212727
scalar,BenchmarkALPMatrix,float,decimal2,120,0,no-st-jitter,ALP,decode,XOR,2.2115858379671995,0.4525592055003819,0.4211631876066693
scalar,BenchmarkALPMatrix,float,decimal2,120,0,no-st-jitter,ALP,decode,XOR2,1.7047934116984587,0.5862444334487876,0.4197853964930646
scalar,BenchmarkALPMatrix,float,decimal2,120,0,no-st-jitter,ALP,encode,XOR,0.8703919933277732,1.1482942678115573,0.4211631876066693
scalar,BenchmarkALPMatrix,float,decimal2,120,0,no-st-jitter,ALP,encode,XOR2,0.7678065054211843,1.3031340531998947,0.4197853964930646
scalar,BenchmarkALPMatrix,float,decimal2,120,0,no-st,ALP,decode,XOR,2.56551724137931,0.389817584609068,0.22680769897693775
scalar,BenchmarkALPMatrix,float,decimal2,120,0,no-st,ALP,decode,XOR2,2.1319122257053293,0.4690521561154633,0.2264935064935065
scalar,BenchmarkALPMatrix,float,decimal2,120,0,no-st,ALP,decode-cold,XOR,1.9910305521816314,0.4926458157227389,0.22680769897693775
scalar,BenchmarkALPMatrix,float,decimal2,120,0,no-st,ALP,decode-cold,XOR2,1.6638325703073904,0.5894012944983819,0.2264935064935065
scalar,BenchmarkALPMatrix,float,decimal2,120,0,no-st,ALP,encode,XOR,0.8538659284160569,1.1660599271912628,0.22680769897693775
scalar,BenchmarkALPMatrix,float,decimal2,120,0,no-st,ALP,encode,XOR2,0.699624283171841,1.4245638043106397,0.2264935064935065
scalar,BenchmarkALPMatrix,float,decimal2,120,0,regular,ALP,decode,XOR2,2.2592230637674082,0.445409429280397,0.23706896551724138
scalar,BenchmarkALPMatrix,float,decimal2,120,0,regular,ALP,decode-cold,XOR2,1.694942611190818,0.5805465316262183,0.23706896551724138
scalar,BenchmarkALPMatrix,float,decimal2,120,0,regular,ALP,encode,XOR2,0.7475652512660693,1.335757192538729,0.23706896551724138
scalar,BenchmarkALPMatrix,float,decimal2,32,0,no-st,ALP,decode,XOR,1.7607655502392345,0.5679587526400796,0.39893881611673027
scalar,BenchmarkALPMatrix,float,decimal2,32,0,no-st,ALP,decode,XOR2,1.647641831852358,0.6069034185197477,0.39481457170987855
scalar,BenchmarkALPMatrix,float,decimal2,32,0,no-st,ALP,encode,XOR,0.392082717872969,2.531584062196307,0.39893881611673027
scalar,BenchmarkALPMatrix,float,decimal2,32,0,no-st,ALP,encode,XOR2,0.3220974889217134,3.094743094743094,0.39481457170987855
scalar,BenchmarkALPMatrix,float,decimal2,32,0,regular,ALP,decode,XOR2,1.6719810040705563,0.5980653119522171,0.4292178409825469
scalar,BenchmarkALPMatrix,float,decimal2,32,0,regular,ALP,encode,XOR2,0.3230814466333432,3.0803886925795054,0.4292178409825469
scalar,BenchmarkALPMatrix,float,decimal6,1024,0,no-st,ALP,decode,XOR,2.702436876100998,0.3700428277434785,0.2294326241134752
scalar,BenchmarkALPMatrix,float,decimal6,1024,0,no-st,ALP,decode,XOR2,5.4700528479154436,0.18282495190986536,0.15641242596397922
scalar,BenchmarkALPMatrix,float,decimal6,1024,0,no-st,ALP,encode,XOR,1.0575443712604957,0.9511416646206725,0.2294326241134752
scalar,BenchmarkALPMatrix,float,decimal6,1024,0,no-st,ALP,encode,XOR2,1.011740157876213,0.9987110079917504,0.15641242596397922
scalar,BenchmarkALPMatrix,float,decimal6,1024,0,regular,ALP,decode,XOR2,5.532555459521752,0.18075179952012793,0.163926499032882
scalar,BenchmarkALPMatrix,float,decimal6,1024,0,regular,ALP,encode,XOR2,1.0075530212084833,1.0028314028314027,0.163926499032882
scalar,BenchmarkALPMatrix,float,decimal6,120,0,no-st,ALP,decode,XOR,2.644848484848485,0.378113830079736,0.24280481423338565
scalar,BenchmarkALPMatrix,float,decimal6,120,0,no-st,ALP,decode,XOR2,2.204727272727273,0.4536218498482649,0.2424242424242424
scalar,BenchmarkALPMatrix,float,decimal6,120,0,no-st,ALP,encode,XOR,0.38388799296290865,2.6123154981549814,0.24280481423338565
scalar,BenchmarkALPMatrix,float,decimal6,120,0,no-st,ALP,encode,XOR2,0.26872892537751064,3.7407529722589166,0.2424242424242424
scalar,BenchmarkALPMatrix,float,decimal6,120,0,regular,ALP,decode,XOR2,2.210154472518261,0.45250633898966264,0.2528177561990636
scalar,BenchmarkALPMatrix,float,decimal6,120,0,regular,ALP,encode,XOR2,0.2654982618771727,3.781518151815182,0.2528177561990636
scalar,BenchmarkALPMatrix,float,decimal6,32,0,no-st,ALP,decode,XOR,2.0551343900758097,0.4865343347639484,0.39689871329594195
scalar,BenchmarkALPMatrix,float,decimal6,32,0,no-st,ALP,decode,XOR2,1.7381116471399034,0.5755171976139104,0.39281632653061227
scalar,BenchmarkALPMatrix,float,decimal6,32,0,no-st,ALP,encode,XOR,0.12107988793615758,8.290752882658829,0.39689871329594195
scalar,BenchmarkALPMatrix,float,decimal6,32,0,no-st,ALP,encode,XOR2,0.09432889039816622,10.672293364377184,0.39281632653061227
scalar,BenchmarkALPMatrix,float,decimal6,32,0,regular,ALP,decode,XOR2,1.7133243606998656,0.583684243605053,0.42707830840971217
scalar,BenchmarkALPMatrix,float,decimal6,32,0,regular,ALP,encode,XOR2,0.09463053777740836,10.615952313369288,0.42707830840971217
scalar,BenchmarkALPMatrix,float,noisy-decimal,1024,0,no-st,ALP,decode,XOR,2.4327953149550066,0.41107503607503604,0.29669232962646136
scalar,BenchmarkALPMatrix,float,noisy-decimal,1024,0,no-st,ALP,decode,XOR2,4.946007713183831,0.20203900709219855,0.21571472996786564
scalar,BenchmarkALPMatrix,float,noisy-decimal,1024,0,no-st,ALP,encode,XOR,1.390406744200357,0.7235846894338759,0.29669232962646136
scalar,BenchmarkALPMatrix,float,noisy-decimal,1024,0,no-st,ALP,encode,XOR2,1.2970894098824688,0.778737049827331,0.21571472996786564
scalar,BenchmarkALPMatrix,float,noisy-decimal,1024,0,regular,ALP,decode,XOR2,3.724368077250781,0.26856696602889496,0.22226829773999585
scalar,BenchmarkALPMatrix,float,noisy-decimal,1024,0,regular,ALP,encode,XOR2,1.3084842470850906,0.7717525264974121,0.22226829773999585
scalar,BenchmarkALPMatrix,float,noisy-decimal,120,0,no-st,ALP,decode,XOR,2.5045460055764335,0.3993725307924704,0.30560629478712936
scalar,BenchmarkALPMatrix,float,noisy-decimal,120,0,no-st,ALP,decode,XOR2,2.1779609649654503,0.45912369756879506,0.3052631578947368
scalar,BenchmarkALPMatrix,float,noisy-decimal,120,0,no-st,ALP,encode,XOR,0.9127592004483467,1.0892018779342723,0.30560629478712936
scalar,BenchmarkALPMatrix,float,noisy-decimal,120,0,no-st,ALP,encode,XOR2,0.7175415654773024,1.3883464566929133,0.3052631578947368
scalar,BenchmarkALPMatrix,float,noisy-decimal,120,0,regular,ALP,decode,XOR2,2.1360785705833627,0.4681911852688958,0.31356643356643354
scalar,BenchmarkALPMatrix,float,noisy-decimal,120,0,regular,ALP,encode,XOR2,0.7395892217825514,1.348148148148148,0.31356643356643354
scalar,BenchmarkALPMatrix,float,noisy-decimal,32,0,no-st,ALP,decode,XOR,2.0154466084620553,0.4961616377012475,0.4579187953751009
scalar,BenchmarkALPMatrix,float,noisy-decimal,32,0,no-st,ALP,decode,XOR2,1.7447951645399598,0.5731970191537845,0.45601820859552816
scalar,BenchmarkALPMatrix,float,noisy-decimal,32,0,no-st,ALP,encode,XOR,0.41889945260731776,2.3697050343756927,0.4579187953751009
scalar,BenchmarkALPMatrix,float,noisy-decimal,32,0,no-st,ALP,encode,XOR2,0.34286949006050127,2.900380021715526,0.45601820859552816
scalar,BenchmarkALPMatrix,float,noisy-decimal,32,0,regular,ALP,decode,XOR2,1.8242214532871974,0.5483851384167072,0.48346998148637926
scalar,BenchmarkALPMatrix,float,noisy-decimal,32,0,regular,ALP,encode,XOR2,0.3490703079604881,2.850268817204301,0.48346998148637926
scalar,BenchmarkALPMatrix,float,outliers20,1024,0,no-st,ALP,decode,XOR,2.592310942120828,0.3857492490822116,0.43451171610456457
scalar,BenchmarkALPMatrix,float,outliers20,1024,0,no-st,ALP,decode,XOR2,5.24193775524574,0.1907840440165062,0.3201596806387226
scalar,BenchmarkALPMatrix,float,outliers20,1024,0,no-st,ALP,encode,XOR,0.26150690529984655,3.877069282648682,0.43451171610456457
scalar,BenchmarkALPMatrix,float,outliers20,1024,0,no-st,ALP,encode,XOR2,0.3342843703492362,3.0364945978391353,0.3201596806387226
scalar,BenchmarkALPMatrix,float,outliers20,1024,0,regular,ALP,decode,XOR2,5.207161840816897,0.192024202420242,0.3264471057884232
scalar,BenchmarkALPMatrix,float,outliers20,1024,0,regular,ALP,encode,XOR2,0.3346919555668774,3.0338616714697406,0.3264471057884232
scalar,BenchmarkALPMatrix,float,outliers20,120,0,no-st,ALP,decode,XOR,1.952610794207986,0.51202415615227,0.9731255038968019
scalar,BenchmarkALPMatrix,float,outliers20,120,0,no-st,ALP,decode,XOR2,1.6683633172444055,0.5993436001009845,0.9720805369127516
scalar,BenchmarkALPMatrix,float,outliers20,120,0,no-st,ALP,encode,XOR,0.43124801524293427,2.3197864135271433,0.9731255038968019
scalar,BenchmarkALPMatrix,float,outliers20,120,0,no-st,ALP,encode,XOR2,0.41441727532550016,2.415817114612295,0.9720805369127516
scalar,BenchmarkALPMatrix,float,outliers20,120,0,regular,ALP,decode,XOR2,1.6984183719059958,0.5880123792079832,0.9776588628762543
scalar,BenchmarkALPMatrix,float,outliers20,120,0,regular,ALP,encode,XOR2,0.45278080697928025,2.2203687445127307,0.9776588628762543
scalar,BenchmarkALPMatrix,float,outliers20,32,0,no-st,ALP,decode,XOR,1.8845650752125571,0.5306825123563058,0.6024918032786886
scalar,BenchmarkALPMatrix,float,outliers20,32,0,no-st,ALP,decode,XOR2,1.6792020928711575,0.5954636091724824,0.6000522466039708
scalar,BenchmarkALPMatrix,float,outliers20,32,0,no-st,ALP,encode,XOR,0.10870561282932416,9.23749392909179,0.6024918032786886
scalar,BenchmarkALPMatrix,float,outliers20,32,0,no-st,ALP,encode,XOR2,0.09738177057764685,10.3257328990228,0.6000522466039708
scalar,BenchmarkALPMatrix,float,outliers20,32,0,regular,ALP,decode,XOR2,1.6812749003984064,0.5948951225676018,0.6250322580645161
scalar,BenchmarkALPMatrix,float,outliers20,32,0,regular,ALP,encode,XOR2,0.09923114673646326,10.133084908171414,0.6250322580645161
scalar,BenchmarkALPMatrix,float,random-bits,1024,0,no-st,ALP,decode,XOR,3.6443228454172365,0.2743795299802328,0.9810443490701001
scalar,BenchmarkALPMatrix,float,random-bits,1024,0,no-st,ALP,decode,XOR2,7.733242134062928,0.12928848641655885,0.7467332123411978
scalar,BenchmarkALPMatrix,float,random-bits,1024,0,no-st,ALP,encode,XOR,0.29244613212288495,3.4497309544038512,0.9810443490701001
scalar,BenchmarkALPMatrix,float,random-bits,1024,0,no-st,ALP,encode,XOR2,0.3715268082933795,2.7201875837427423,0.7467332123411978
scalar,BenchmarkALPMatrix,float,random-bits,1024,0,regular,ALP,decode,XOR2,7.69956658786446,0.12989258580036678,0.7524500907441016
scalar,BenchmarkALPMatrix,float,random-bits,1024,0,regular,ALP,encode,XOR2,0.378277575943096,2.6705023235229035,0.7524500907441016
scalar,BenchmarkALPMatrix,float,random-bits,120,0,no-st,ALP,decode,XOR,3.3690727876774385,0.29682625067240453,0.9745373099139454
scalar,BenchmarkALPMatrix,float,random-bits,120,0,no-st,ALP,decode,XOR2,2.8408335850196313,0.35200306200561365,0.9735044747998114
scalar,BenchmarkALPMatrix,float,random-bits,120,0,no-st,ALP,decode-cold,XOR,2.559901928006241,0.3826773299879776,0.9745373099139454
scalar,BenchmarkALPMatrix,float,random-bits,120,0,no-st,ALP,decode-cold,XOR2,2.165385044020952,0.45250015452129294,0.9735044747998114
scalar,BenchmarkALPMatrix,float,random-bits,120,0,no-st,ALP,encode,XOR,0.31688096225632517,3.180566587238549,0.9745373099139454
scalar,BenchmarkALPMatrix,float,random-bits,120,0,no-st,ALP,encode,XOR2,0.3141158578736347,3.2120320855614968,0.9735044747998114
scalar,BenchmarkALPMatrix,float,random-bits,120,0,regular,ALP,decode,XOR2,3.1120604666447584,0.32133578353716497,0.9783961488787133
scalar,BenchmarkALPMatrix,float,random-bits,120,0,regular,ALP,decode-cold,XOR2,2.3832262756029574,0.41122523844460745,0.9783961488787133
scalar,BenchmarkALPMatrix,float,random-bits,120,0,regular,ALP,encode,XOR2,0.3179795125397386,3.170218505530078,0.9783961488787133
scalar,BenchmarkALPMatrix,float,random-bits,32,0,no-st,ALP,decode,XOR,3.3656554712892732,0.29717199814557255,1.024940211820977
scalar,BenchmarkALPMatrix,float,random-bits,32,0,no-st,ALP,decode,XOR2,2.820693391115926,0.35453539823008856,1.0213345438039039
scalar,BenchmarkALPMatrix,float,random-bits,32,0,no-st,ALP,encode,XOR,0.2289427242098508,4.390365825948647,1.024940211820977
scalar,BenchmarkALPMatrix,float,random-bits,32,0,no-st,ALP,encode,XOR2,0.22478742178726133,4.473720768696458,1.0213345438039039
scalar,BenchmarkALPMatrix,float,random-bits,32,0,regular,ALP,decode,XOR2,2.8654022802182957,0.3490224475018103,1.038625645632158
scalar,BenchmarkALPMatrix,float,random-bits,32,0,regular,ALP,encode,XOR2,0.23113782315165488,4.344803695150116,1.038625645632158
scalar,BenchmarkALPMatrix,float,random-finite,1024,0,no-st,ALP,decode,XOR,1.9998921134966017,0.500110497237569,0.88254233245886
scalar,BenchmarkALPMatrix,float,random-finite,1024,0,no-st,ALP,decode,XOR2,4.228827273708059,0.23646812957157784,0.6715970961887477
scalar,BenchmarkALPMatrix,float,random-finite,1024,0,no-st,ALP,encode,XOR,0.3619782880504892,2.7824232081911267,0.88254233245886
scalar,BenchmarkALPMatrix,float,random-finite,1024,0,no-st,ALP,encode,XOR2,0.45993014071089766,2.192023302711181,0.6715970961887477
scalar,BenchmarkALPMatrix,float,random-finite,1024,0,regular,ALP,decode,XOR2,4.211417192167275,0.2374663797740721,0.6773139745916517
scalar,BenchmarkALPMatrix,float,random-finite,1024,0,regular,ALP,encode,XOR2,0.4759374415073935,2.1177939173853835,0.6773139745916517
scalar,BenchmarkALPMatrix,float,random-finite,120,0,no-st,ALP,decode,XOR,1.9132501485442663,0.5227345330635715,0.8828392582969173
scalar,BenchmarkALPMatrix,float,random-finite,120,0,no-st,ALP,decode,XOR2,1.6318648671589848,0.6128206728668621,0.8820058997050148
scalar,BenchmarkALPMatrix,float,random-finite,120,0,no-st,ALP,encode,XOR,0.3962030905077263,2.5404381931295648,0.8828392582969173
scalar,BenchmarkALPMatrix,float,random-finite,120,0,no-st,ALP,encode,XOR2,0.39134657836644593,2.5766803840877914,0.8820058997050148
scalar,BenchmarkALPMatrix,float,random-finite,120,0,regular,ALP,decode,XOR2,1.7075775711260475,0.5859658208182289,0.8872941176470588
scalar,BenchmarkALPMatrix,float,random-finite,120,0,regular,ALP,encode,XOR2,0.39794816414686823,2.5289596486412296,0.8872941176470588
scalar,BenchmarkALPMatrix,float,random-finite,32,0,no-st,ALP,decode,XOR,1.5018735948038973,0.6657440919736001,1.0071109072141302
scalar,BenchmarkALPMatrix,float,random-finite,32,0,no-st,ALP,decode,XOR2,1.2575568323757182,0.7950673785914061,1.0035428571428573
scalar,BenchmarkALPMatrix,float,random-finite,32,0,no-st,ALP,encode,XOR,0.22279399903210192,4.5107981220657285,1.0071109072141302
scalar,BenchmarkALPMatrix,float,random-finite,32,0,no-st,ALP,encode,XOR2,0.21964833037586706,4.577417818008575,1.0035428571428573
scalar,BenchmarkALPMatrix,float,random-finite,32,0,regular,ALP,decode,XOR2,1.3727781835889943,0.729080270408453,1.0211442786069653
scalar,BenchmarkALPMatrix,float,random-finite,32,0,regular,ALP,encode,XOR2,0.2197480881691408,4.577433628318584,1.0211442786069653
scalar,BenchmarkALPMatrix,float,stale5,1024,0,no-st,ALP,decode,XOR,2.505465615054656,0.3876823888700373,0.21226006191950467
scalar,BenchmarkALPMatrix,float,stale5,1024,0,no-st,ALP,decode,XOR2,5.238273142382732,0.1855209742895805,0.21239157372986367
scalar,BenchmarkALPMatrix,float,stale5,1024,0,no-st,ALP,encode,XOR,1.112901242159636,0.9052848318462594,0.21226006191950467
scalar,BenchmarkALPMatrix,float,stale5,1024,0,no-st,ALP,encode,XOR2,0.9815766818349526,1.0302004686279616,0.21239157372986367
scalar,BenchmarkALPMatrix,float,stale5,1024,0,regular,ALP,decode,XOR2,5.491725428119154,0.18209876543209877,0.22010162349733547
scalar,BenchmarkALPMatrix,float,stale5,1024,0,regular,ALP,encode,XOR2,0.9873305398077397,1.0230629696812643,0.22010162349733547
scalar,BenchmarkALPMatrix,float,stale5,120,0,no-st,ALP,decode,XOR,2.6287069988137604,0.3809109685835417,0.2348051948051948
scalar,BenchmarkALPMatrix,float,stale5,120,0,no-st,ALP,decode,XOR2,2.0702253855278765,0.48184818481848185,0.31719298245614036
scalar,BenchmarkALPMatrix,float,stale5,120,0,no-st,ALP,encode,XOR,1.010540184453228,0.9880334161210205,0.2348051948051948
scalar,BenchmarkALPMatrix,float,stale5,120,0,no-st,ALP,encode,XOR2,0.6862412949369471,1.4543037554004652,0.31719298245614036
scalar,BenchmarkALPMatrix,float,stale5,120,0,regular,ALP,decode,XOR2,2.110221898872317,0.47386927744070595,0.3275109170305677
scalar,BenchmarkALPMatrix,float,stale5,120,0,regular,ALP,encode,XOR2,0.6936416184971098,1.437794216543376,0.3275109170305677
scalar,BenchmarkALPMatrix,float,stale5,32,0,no-st,ALP,decode,XOR,2.0283737024221455,0.4929569775060057,0.4272624753312659
scalar,BenchmarkALPMatrix,float,stale5,32,0,no-st,ALP,decode,XOR2,1.8252595155709344,0.5477432661975248,0.4707983845914881
scalar,BenchmarkALPMatrix,float,stale5,32,0,no-st,ALP,encode,XOR,0.42557929581703274,2.3301391740816793,0.4272624753312659
scalar,BenchmarkALPMatrix,float,stale5,32,0,no-st,ALP,encode,XOR2,0.33063496840204637,3.0064763026199586,0.4707983845914881
scalar,BenchmarkALPMatrix,float,stale5,32,0,regular,ALP,decode,XOR2,1.663617886178862,0.601042345276873,0.5023732965855153
scalar,BenchmarkALPMatrix,float,stale5,32,0,regular,ALP,encode,XOR2,0.33648081534772184,2.9573732718894012,0.5023732965855153
scalar,BenchmarkALPMatrix,integer-histogram,bursty,1024,8,regular,ALPv3,decode,legacy,2.2562323342924806,0.44323106257583644,1.1874619598295801
scalar,BenchmarkALPMatrix,integer-histogram,bursty,1024,8,regular,ALPv3,decode-float,legacy,2.26751616440428,0.44101075635991127,1.1874619598295801
scalar,BenchmarkALPMatrix,integer-histogram,bursty,1024,8,regular,ALPv3,encode,legacy,0.4866598956793841,2.0579540122008444,1.1874619598295801
scalar,BenchmarkALPMatrix,integer-histogram,bursty,1024,8,regular,ALPv4,decode,legacy,2.253850556438792,0.4437510833766684,0.9750456482045039
scalar,BenchmarkALPMatrix,integer-histogram,bursty,1024,8,regular,ALPv4,decode-float,legacy,2.2426422009199585,0.44590518467930107,0.9750456482045039
scalar,BenchmarkALPMatrix,integer-histogram,bursty,1024,8,regular,ALPv4,encode,legacy,0.41777504743389543,2.3986391365556075,0.9750456482045039
scalar,BenchmarkALPMatrix,integer-histogram,bursty,120,128,regular,ALPv3,decode,legacy,2.820609405340692,0.3545782084731022,1.3832701222081754
scalar,BenchmarkALPMatrix,integer-histogram,bursty,120,128,regular,ALPv3,decode-float,legacy,2.575625217424916,0.3802605511196495,1.3832701222081754
scalar,BenchmarkALPMatrix,integer-histogram,bursty,120,128,regular,ALPv3,encode,legacy,0.5389617079861736,1.8549078980570275,1.3832701222081754
scalar,BenchmarkALPMatrix,integer-histogram,bursty,120,128,regular,ALPv4,decode,legacy,2.8624005452417287,0.34942228848304135,0.995575221238938
scalar,BenchmarkALPMatrix,integer-histogram,bursty,120,128,regular,ALPv4,decode-float,legacy,2.702766285389795,0.3700546316863782,0.995575221238938
scalar,BenchmarkALPMatrix,integer-histogram,bursty,120,128,regular,ALPv4,encode,legacy,0.41318420353682733,2.3981831945495835,0.995575221238938
scalar,BenchmarkALPMatrix,integer-histogram,bursty,120,8,regular,ALPv3,decode,legacy,1.8307792631235735,0.5462316569311868,1.4480796586059743
scalar,BenchmarkALPMatrix,integer-histogram,bursty,120,8,regular,ALPv3,decode-float,legacy,1.8603661132396765,0.5374794069192751,1.4480796586059743
scalar,BenchmarkALPMatrix,integer-histogram,bursty,120,8,regular,ALPv3,encode,legacy,0.457369025917413,2.1860525631017436,1.4480796586059743
scalar,BenchmarkALPMatrix,integer-histogram,bursty,120,8,regular,ALPv4,decode,legacy,1.818525315772428,0.549864653084485,1.1571834992887624
scalar,BenchmarkALPMatrix,integer-histogram,bursty,120,8,regular,ALPv4,decode-float,legacy,1.8183709559970873,0.5499038989566172,1.1571834992887624
scalar,BenchmarkALPMatrix,integer-histogram,bursty,120,8,regular,ALPv4,encode,legacy,0.3907255061276999,2.5581576893052302,1.1571834992887624
scalar,BenchmarkALPMatrix,integer-histogram,bursty,32,8,regular,ALPv3,decode,legacy,1.5973724884080371,0.6259287925696595,1.2824858757062148
scalar,BenchmarkALPMatrix,integer-histogram,bursty,32,8,regular,ALPv3,decode-float,legacy,1.652619589977221,0.6053096043535814,1.2824858757062148
scalar,BenchmarkALPMatrix,integer-histogram,bursty,32,8,regular,ALPv3,encode,legacy,0.348239902891194,2.871573604060914,1.2824858757062148
scalar,BenchmarkALPMatrix,integer-histogram,bursty,32,8,regular,ALPv4,decode,legacy,1.5887778631821676,0.6294891640866873,1.1384180790960452
scalar,BenchmarkALPMatrix,integer-histogram,bursty,32,8,regular,ALPv4,decode-float,legacy,1.635236664162284,0.6117076040594205,1.1384180790960452
scalar,BenchmarkALPMatrix,integer-histogram,bursty,32,8,regular,ALPv4,encode,legacy,0.3064727590560357,3.262944162436548,1.1384180790960452
scalar,BenchmarkALPMatrix,integer-histogram,gauge,120,128,regular,ALPv3,decode,legacy,5.403118432648634,0.18506473953628425,0.7948854555141183
scalar,BenchmarkALPMatrix,integer-histogram,gauge,120,128,regular,ALPv3,decode-float,legacy,5.330135256518739,0.1876025791324736,0.7948854555141183
scalar,BenchmarkALPMatrix,integer-histogram,gauge,120,128,regular,ALPv3,encode,legacy,0.5456777838877397,1.8359864930053063,0.7948854555141183
scalar,BenchmarkALPMatrix,integer-histogram,gauge,120,128,regular,ALPv4,decode,legacy,5.494374741486282,0.18199337548931047,0.727224294086308
scalar,BenchmarkALPMatrix,integer-histogram,gauge,120,128,regular,ALPv4,decode-float,legacy,5.174267985997902,0.1932590855803048,0.727224294086308
scalar,BenchmarkALPMatrix,integer-histogram,gauge,120,128,regular,ALPv4,encode,legacy,0.471433113934487,2.127030069142949,0.727224294086308
scalar,BenchmarkALPMatrix,integer-histogram,gauge,120,8,regular,ALPv3,decode,legacy,3.174833194328607,0.3150965707528577,0.782869122491764
scalar,BenchmarkALPMatrix,integer-histogram,gauge,120,8,regular,ALPv3,decode-float,legacy,3.210088350113006,0.31155913978494626,0.782869122491764
scalar,BenchmarkALPMatrix,integer-histogram,gauge,120,8,regular,ALPv3,encode,legacy,0.4892606845037839,2.0444403123837858,0.782869122491764
scalar,BenchmarkALPMatrix,integer-histogram,gauge,120,8,regular,ALPv4,decode,legacy,3.2228807281193776,0.31040599132834057,0.7466307277628033
scalar,BenchmarkALPMatrix,integer-histogram,gauge,120,8,regular,ALPv4,decode-float,legacy,3.21901720407953,0.31067588325652845,0.7466307277628033
scalar,BenchmarkALPMatrix,integer-histogram,gauge,120,8,regular,ALPv4,encode,legacy,0.43564749678557246,2.2976943101524734,0.7466307277628033
scalar,BenchmarkALPMatrix,integer-histogram,layout,120,128,regular,ALPv3,decode,legacy,1.4802529664468116,0.6755146963615176,0.9393720678455432
scalar,BenchmarkALPMatrix,integer-histogram,layout,120,128,regular,ALPv3,decode-float,legacy,1.5493519895589887,0.6457720804421968,0.9393720678455432
scalar,BenchmarkALPMatrix,integer-histogram,layout,120,128,regular,ALPv3,encode,legacy,0.534776120938944,1.8687615526802217,0.9393720678455432
scalar,BenchmarkALPMatrix,integer-histogram,layout,120,128,regular,ALPv4,decode,legacy,1.4827630337060678,0.674478829470413,0.8523998556477806
scalar,BenchmarkALPMatrix,integer-histogram,layout,120,128,regular,ALPv4,decode-float,legacy,1.5129820089510655,0.6603551687639657,0.8523998556477806
scalar,BenchmarkALPMatrix,integer-histogram,layout,120,128,regular,ALPv4,encode,legacy,0.4643443699614519,2.152957486136784,0.8523998556477806
scalar,BenchmarkALPMatrix,integer-histogram,layout,120,8,regular,ALPv3,decode,legacy,1.234179850124896,0.8105039034776438,0.8049999999999999
scalar,BenchmarkALPMatrix,integer-histogram,layout,120,8,regular,ALPv3,decode-float,legacy,1.2274278622401489,0.813875646617304,0.8049999999999999
scalar,BenchmarkALPMatrix,integer-histogram,layout,120,8,regular,ALPv3,encode,legacy,0.38257773145735624,2.610105838170024,0.8049999999999999
scalar,BenchmarkALPMatrix,integer-histogram,layout,120,8,regular,ALPv4,decode,legacy,1.2508438818565402,0.8002636114772382,0.7668085106382979
scalar,BenchmarkALPMatrix,integer-histogram,layout,120,8,regular,ALPv4,decode-float,legacy,1.207324516785351,0.8304087635662847,0.7668085106382979
scalar,BenchmarkALPMatrix,integer-histogram,layout,120,8,regular,ALPv4,encode,legacy,0.34934324659231725,2.864800273130762,0.7668085106382979
scalar,BenchmarkALPMatrix,integer-histogram,resets,120,128,regular,ALPv3,decode,legacy,1.4847876808212785,0.6737080347038853,1.1311141304347825
scalar,BenchmarkALPMatrix,integer-histogram,resets,120,128,regular,ALPv3,decode-float,legacy,1.5476889918956023,0.6460288395513848,1.1311141304347825
scalar,BenchmarkALPMatrix,integer-histogram,resets,120,128,regular,ALPv3,encode,legacy,0.5011756936783561,1.994967978042086,1.1311141304347825
scalar,BenchmarkALPMatrix,integer-histogram,resets,120,128,regular,ALPv4,decode,legacy,1.495862976776256,0.668678486105872,0.9273097826086957
scalar,BenchmarkALPMatrix,integer-histogram,resets,120,128,regular,ALPv4,decode-float,legacy,1.4658091576371899,0.6819638361181048,0.9273097826086957
scalar,BenchmarkALPMatrix,integer-histogram,resets,120,128,regular,ALPv4,encode,legacy,0.43257281233526623,2.3106129917657823,0.9273097826086957
scalar,BenchmarkALPMatrix,integer-histogram,resets,120,8,regular,ALPv3,decode,legacy,1.2065081351689613,0.8289419087136929,1.1150895140664963
scalar,BenchmarkALPMatrix,integer-histogram,resets,120,8,regular,ALPv3,decode-float,legacy,1.2197993447993447,0.8197563185983284,1.1150895140664963
scalar,BenchmarkALPMatrix,integer-histogram,resets,120,8,regular,ALPv3,encode,legacy,0.28218609929541244,3.545549374130737,1.1150895140664963
scalar,BenchmarkALPMatrix,integer-histogram,resets,120,8,regular,ALPv4,decode,legacy,1.199626672197449,0.833609958506224,1.01616368286445
scalar,BenchmarkALPMatrix,integer-histogram,resets,120,8,regular,ALPv4,decode-float,legacy,1.207927818329278,0.8278119021246603,1.01616368286445
scalar,BenchmarkALPMatrix,integer-histogram,resets,120,8,regular,ALPv4,encode,legacy,0.2574966288451653,3.8856050069541026,1.01616368286445
scalar,BenchmarkALPMatrix,integer-histogram,smooth,1024,8,regular,ALPv3,decode,legacy,1.449573053709009,0.6898821218074656,0.42063773250664305
scalar,BenchmarkALPMatrix,integer-histogram,smooth,1024,8,regular,ALPv3,decode-float,legacy,1.4723322066634477,0.6793321819228555,0.42063773250664305
scalar,BenchmarkALPMatrix,integer-histogram,smooth,1024,8,regular,ALPv3,encode,legacy,0.4623455696949764,2.164357918382628,0.42063773250664305
scalar,BenchmarkALPMatrix,integer-histogram,smooth,1024,8,regular,ALPv4,decode,legacy,1.4475800291646412,0.6907662082514734,0.4248007085916741
scalar,BenchmarkALPMatrix,integer-histogram,smooth,1024,8,regular,ALPv4,decode-float,legacy,1.4398154394107012,0.6944924198810208,0.4248007085916741
scalar,BenchmarkALPMatrix,integer-histogram,smooth,1024,8,regular,ALPv4,encode,legacy,0.4280325091539344,2.338075627105953,0.4248007085916741
scalar,BenchmarkALPMatrix,integer-histogram,smooth,120,1031,regular,ALPv3,decode,legacy,1.449163073342186,0.6897282033180374,0.8840381991814461
scalar,BenchmarkALPMatrix,integer-histogram,smooth,120,1031,regular,ALPv3,decode-float,legacy,1.5184264340812463,0.6585989176187613,0.8840381991814461
scalar,BenchmarkALPMatrix,integer-histogram,smooth,120,1031,regular,ALPv3,encode,legacy,0.5697798091646864,1.7550337729173369,0.8840381991814461
scalar,BenchmarkALPMatrix,integer-histogram,smooth,120,1031,regular,ALPv4,decode,legacy,1.4877524136301172,0.6720790681256619,0.9147339699863575
scalar,BenchmarkALPMatrix,integer-histogram,smooth,120,1031,regular,ALPv4,decode-float,legacy,1.549253238876219,0.6455201443174985,0.9147339699863575
scalar,BenchmarkALPMatrix,integer-histogram,smooth,120,1031,regular,ALPv4,encode,legacy,0.5111098331745041,1.9565776777098745,0.9147339699863575
scalar,BenchmarkALPMatrix,integer-histogram,smooth,120,128,regular,ALPv3,decode,legacy,1.4481525818558303,0.6906166219839143,0.8468288791384124
scalar,BenchmarkALPMatrix,integer-histogram,smooth,120,128,regular,ALPv3,decode-float,legacy,1.5220313203271718,0.6571218795888399,0.8468288791384124
scalar,BenchmarkALPMatrix,integer-histogram,smooth,120,128,regular,ALPv3,encode,legacy,0.5448621443235249,1.8369036027263876,0.8468288791384124
scalar,BenchmarkALPMatrix,integer-histogram,smooth,120,128,regular,ALPv4,decode,legacy,1.4607476788016251,0.6845844504021449,0.8169126445951337
scalar,BenchmarkALPMatrix,integer-histogram,smooth,120,128,regular,ALPv4,decode-float,legacy,1.4484520855488598,0.6905286343612334,0.8169126445951337
scalar,BenchmarkALPMatrix,integer-histogram,smooth,120,128,regular,ALPv4,encode,legacy,0.4742096122220002,2.1110029211295034,0.8169126445951337
scalar,BenchmarkALPMatrix,integer-histogram,smooth,120,8,regular,ALPv3,decode,legacy,1.1471720116618076,0.8717823593997805,0.6532466076034541
scalar,BenchmarkALPMatrix,integer-histogram,smooth,120,8,regular,ALPv3,decode-cold,legacy,0.8874292185730465,1.123314262362076,0.6532466076034541
scalar,BenchmarkALPMatrix,integer-histogram,smooth,120,8,regular,ALPv3,decode-float,legacy,1.1798023897058822,0.8478260869565218,0.6532466076034541
scalar,BenchmarkALPMatrix,integer-histogram,smooth,120,8,regular,ALPv3,encode,legacy,0.41874752838822665,2.3895419537900286,0.6532466076034541
scalar,BenchmarkALPMatrix,integer-histogram,smooth,120,8,regular,ALPv4,decode,legacy,1.1478413068844808,0.8712943759912163,0.6327240103173714
scalar,BenchmarkALPMatrix,integer-histogram,smooth,120,8,regular,ALPv4,decode-cold,legacy,0.8886368791109095,1.1215774417654272,0.6327240103173714
scalar,BenchmarkALPMatrix,integer-histogram,smooth,120,8,regular,ALPv4,decode-float,legacy,1.1730637422892392,0.8525011687704535,0.6327240103173714
scalar,BenchmarkALPMatrix,integer-histogram,smooth,120,8,regular,ALPv4,encode,legacy,0.3805886807953481,2.6299148763680584,0.6327240103173714
scalar,BenchmarkALPMatrix,integer-histogram,smooth,32,8,regular,ALPv3,decode,legacy,1.22017614091273,0.8194225721784778,1.0638954624961416
scalar,BenchmarkALPMatrix,integer-histogram,smooth,32,8,regular,ALPv3,decode-float,legacy,1.2203659506762132,0.8196516115573171,1.0638954624961416
scalar,BenchmarkALPMatrix,integer-histogram,smooth,32,8,regular,ALPv3,encode,legacy,0.300914876690533,3.3245056497175143,1.0638954624961416
scalar,BenchmarkALPMatrix,integer-histogram,smooth,32,8,regular,ALPv4,decode,legacy,1.2255729794933654,0.8159580052493438,0.9710875604486059
scalar,BenchmarkALPMatrix,integer-histogram,smooth,32,8,regular,ALPv4,decode-float,legacy,1.1965678627145087,0.8357150307708355,0.9710875604486059
scalar,BenchmarkALPMatrix,integer-histogram,smooth,32,8,regular,ALPv4,encode,legacy,0.27801427127675865,3.5995762711864407,0.9710875604486059
scalar,BenchmarkALPMatrix,integer-histogram,stale,120,128,regular,ALPv3,decode,legacy,1.4345694444444443,0.6974877878576414,1.6885379798529814
scalar,BenchmarkALPMatrix,integer-histogram,stale,120,128,regular,ALPv3,decode-float,legacy,1.4987454884544686,0.6670966354939267,1.6885379798529814
scalar,BenchmarkALPMatrix,integer-histogram,stale,120,128,regular,ALPv3,encode,legacy,0.46065441278751396,2.1689623507805327,1.6885379798529814
scalar,BenchmarkALPMatrix,integer-histogram,stale,120,128,regular,ALPv4,decode,legacy,1.438305042262543,0.6955105838567109,1.2858698611489245
scalar,BenchmarkALPMatrix,integer-histogram,stale,120,128,regular,ALPv4,decode-float,legacy,1.4313740565614628,0.6983768676770935,1.2858698611489245
scalar,BenchmarkALPMatrix,integer-histogram,stale,120,128,regular,ALPv4,encode,legacy,0.387884817250725,2.5766758494031223,1.2858698611489245
scalar,BenchmarkALPMatrix,integer-histogram,stale,120,8,regular,ALPv3,decode,legacy,1.1833069620253165,0.8455114822546974,1.8117647058823527
scalar,BenchmarkALPMatrix,integer-histogram,stale,120,8,regular,ALPv3,decode-float,legacy,1.3010160880609654,0.7690143046978816,1.8117647058823527
scalar,BenchmarkALPMatrix,integer-histogram,stale,120,8,regular,ALPv3,encode,legacy,0.2293895066843975,4.360484685291148,1.8117647058823527
scalar,BenchmarkALPMatrix,integer-histogram,stale,120,8,regular,ALPv4,decode,legacy,1.1868750991906047,0.8428617311707083,1.6199095022624432
scalar,BenchmarkALPMatrix,integer-histogram,stale,120,8,regular,ALPv4,decode-float,legacy,1.2628421139146873,0.7923082935980614,1.6199095022624432
scalar,BenchmarkALPMatrix,integer-histogram,stale,120,8,regular,ALPv4,encode,legacy,0.20201980198019803,4.952877818916189,1.6199095022624432
simd,BenchmarkALPMatrix,float-histogram,bursty,1024,8,regular,ALPv3,decode,legacy,3.4190963527490474,0.29246820997717643,1.0209508460918615
simd,BenchmarkALPMatrix,float-histogram,bursty,1024,8,regular,ALPv3,encode,legacy,0.4402758464687592,2.273220179160773,1.0209508460918615
simd,BenchmarkALPMatrix,float-histogram,bursty,1024,8,regular,ALPv4,decode,legacy,2.5094611008118646,0.3985001630257581,0.6269137792103143
simd,BenchmarkALPMatrix,float-histogram,bursty,1024,8,regular,ALPv4,encode,legacy,0.4044899621568815,2.475954738330976,0.6269137792103143
simd,BenchmarkALPMatrix,float-histogram,bursty,120,128,regular,ALPv3,decode,legacy,3.79520863687391,0.263368580060423,1.3605200945626479
simd,BenchmarkALPMatrix,float-histogram,bursty,120,128,regular,ALPv3,encode,legacy,0.5067863150892024,1.9723513011152416,1.3605200945626479
simd,BenchmarkALPMatrix,float-histogram,bursty,120,128,regular,ALPv4,decode,legacy,3.510228427517342,0.2848942598187311,1.206855791962175
simd,BenchmarkALPMatrix,float-histogram,bursty,120,128,regular,ALPv4,encode,legacy,0.4799557210911244,2.082946096654275,1.206855791962175
simd,BenchmarkALPMatrix,float-histogram,bursty,120,8,regular,ALPv3,decode,legacy,2.572304995617879,0.38877984952567884,1.101645692158761
simd,BenchmarkALPMatrix,float-histogram,bursty,120,8,regular,ALPv3,encode,legacy,0.511496013200407,1.9560975609756095,1.101645692158761
simd,BenchmarkALPMatrix,float-histogram,bursty,120,8,regular,ALPv4,decode,legacy,1.8557157309054122,0.5389270526660125,0.7545982575024202
simd,BenchmarkALPMatrix,float-histogram,bursty,120,8,regular,ALPv4,encode,legacy,0.44691541343646946,2.2371660859465736,0.7545982575024202
simd,BenchmarkALPMatrix,float-histogram,bursty,32,8,regular,ALPv3,decode,legacy,2.4931789243921663,0.40115193026151935,1.0795559666975023
simd,BenchmarkALPMatrix,float-histogram,bursty,32,8,regular,ALPv3,encode,legacy,0.3883949577750811,2.5751941152431552,1.0795559666975023
simd,BenchmarkALPMatrix,float-histogram,bursty,32,8,regular,ALPv4,decode,legacy,1.69287772745986,0.590675591531756,0.7400555041628122
simd,BenchmarkALPMatrix,float-histogram,bursty,32,8,regular,ALPv4,encode,legacy,0.35131381465468964,2.846751123825092,0.7400555041628122
simd,BenchmarkALPMatrix,float-histogram,fractional,120,128,regular,ALPv3,decode,legacy,6.203295883873533,0.16120192307692305,0.23870625662778366
simd,BenchmarkALPMatrix,float-histogram,fractional,120,128,regular,ALPv3,encode,legacy,0.6010382476731394,1.6691496837666902,0.23870625662778366
simd,BenchmarkALPMatrix,float-histogram,fractional,120,128,regular,ALPv4,decode,legacy,6.209933066261913,0.16091346153846156,0.23870625662778366
simd,BenchmarkALPMatrix,float-histogram,fractional,120,128,regular,ALPv4,encode,legacy,0.5733773333466264,1.7508081517919887,0.23870625662778366
simd,BenchmarkALPMatrix,float-histogram,fractional,120,8,regular,ALPv3,decode,legacy,3.695593449265575,0.2705592105263158,0.40297946920380573
simd,BenchmarkALPMatrix,float-histogram,fractional,120,8,regular,ALPv3,encode,legacy,0.48143575053402315,2.085093167701863,0.40297946920380573
simd,BenchmarkALPMatrix,float-histogram,fractional,120,8,regular,ALPv4,decode,legacy,3.6943459915611814,0.27072368421052634,0.40297946920380573
simd,BenchmarkALPMatrix,float-histogram,fractional,120,8,regular,ALPv4,encode,legacy,0.47095414384326895,2.1319875776397517,0.40297946920380573
simd,BenchmarkALPMatrix,float-histogram,gauge,120,128,regular,ALPv3,decode,legacy,4.469612283221032,0.2234742897811518,0.7707045735475896
simd,BenchmarkALPMatrix,float-histogram,gauge,120,128,regular,ALPv3,encode,legacy,0.5706622147784272,1.7536463081130356,0.7707045735475896
simd,BenchmarkALPMatrix,float-histogram,gauge,120,128,regular,ALPv4,decode,legacy,4.34445661276815,0.23017614613605364,0.7564894932014833
simd,BenchmarkALPMatrix,float-histogram,gauge,120,128,regular,ALPv4,encode,legacy,0.5370575749266222,1.8634913400182316,0.7564894932014833
simd,BenchmarkALPMatrix,float-histogram,gauge,120,8,regular,ALPv3,decode,legacy,3.202108324245729,0.3123509775870291,0.782495101241019
simd,BenchmarkALPMatrix,float-histogram,gauge,120,8,regular,ALPv3,encode,legacy,0.5164859696972638,1.9373161348721433,0.782495101241019
simd,BenchmarkALPMatrix,float-histogram,gauge,120,8,regular,ALPv4,decode,legacy,3.198620188816267,0.3126916002452484,0.782495101241019
simd,BenchmarkALPMatrix,float-histogram,gauge,120,8,regular,ALPv4,encode,legacy,0.4535397098682304,2.205476352115863,0.782495101241019
simd,BenchmarkALPMatrix,float-histogram,layout,120,128,regular,ALPv3,decode,legacy,5.731830175101943,0.17418868872010546,1.3580246913580245
simd,BenchmarkALPMatrix,float-histogram,layout,120,128,regular,ALPv3,encode,legacy,0.5500362228733929,1.8171072426391575,1.3580246913580245
simd,BenchmarkALPMatrix,float-histogram,layout,120,128,regular,ALPv4,decode,legacy,3.166081483935078,0.31535998995668824,0.5200214707461084
simd,BenchmarkALPMatrix,float-histogram,layout,120,128,regular,ALPv4,encode,legacy,0.5032639001313115,1.9843111970771545,0.5200214707461084
simd,BenchmarkALPMatrix,float-histogram,layout,120,8,regular,ALPv3,decode,legacy,3.1566766566766566,0.3168323099322656,0.9089698046181172
simd,BenchmarkALPMatrix,float-histogram,layout,120,8,regular,ALPv3,encode,legacy,0.47537392587582433,2.103321033210332,0.9089698046181172
simd,BenchmarkALPMatrix,float-histogram,layout,120,8,regular,ALPv4,decode,legacy,2.2032539221382916,0.45388364879407483,0.5839253996447602
simd,BenchmarkALPMatrix,float-histogram,layout,120,8,regular,ALPv4,encode,legacy,0.42587224314702987,2.347834530976889,0.5839253996447602
simd,BenchmarkALPMatrix,float-histogram,noisy-fractional,120,128,regular,ALPv3,decode,legacy,3.534356228040349,0.2828763828763829,0.8848974386225954
simd,BenchmarkALPMatrix,float-histogram,noisy-fractional,120,128,regular,ALPv3,encode,legacy,0.4736946552067304,2.1184606133493684,0.8848974386225954
simd,BenchmarkALPMatrix,float-histogram,noisy-fractional,120,128,regular,ALPv4,decode,legacy,3.507423445716053,0.2850889850889851,0.8848974386225954
simd,BenchmarkALPMatrix,float-histogram,noisy-fractional,120,128,regular,ALPv4,encode,legacy,0.4750199740117059,2.1130487071557424,0.8848974386225954
simd,BenchmarkALPMatrix,float-histogram,noisy-fractional,120,8,regular,ALPv3,decode,legacy,2.5004029936672425,0.39993369433086523,0.9285354171918326
simd,BenchmarkALPMatrix,float-histogram,noisy-fractional,120,8,regular,ALPv3,encode,legacy,0.41633599087456163,2.412325622461593,0.9285354171918326
simd,BenchmarkALPMatrix,float-histogram,noisy-fractional,120,8,regular,ALPv4,decode,legacy,2.4966659002069442,0.40043098684937556,0.9285354171918326
simd,BenchmarkALPMatrix,float-histogram,noisy-fractional,120,8,regular,ALPv4,encode,legacy,0.4135482898900105,2.426452410383189,0.9285354171918326
simd,BenchmarkALPMatrix,float-histogram,resets,120,128,regular,ALPv3,decode,legacy,6.1097775082197465,0.1636466236127657,1.042115114646701
simd,BenchmarkALPMatrix,float-histogram,resets,120,128,regular,ALPv3,encode,legacy,0.6104687570005137,1.6380619995894068,1.042115114646701
simd,BenchmarkALPMatrix,float-histogram,resets,120,128,regular,ALPv4,decode,legacy,3.3602113726935974,0.2976362154367045,0.43158633598502577
simd,BenchmarkALPMatrix,float-histogram,resets,120,128,regular,ALPv4,encode,legacy,0.526029527424736,1.9022787928556764,0.43158633598502577
simd,BenchmarkALPMatrix,float-histogram,resets,120,8,regular,ALPv3,decode,legacy,2.512813559322034,0.39805699481865287,0.7817576009995835
simd,BenchmarkALPMatrix,float-histogram,resets,120,8,regular,ALPv3,encode,legacy,0.38995818472512606,2.5660663507109005,0.7817576009995835
simd,BenchmarkALPMatrix,float-histogram,resets,120,8,regular,ALPv4,decode,legacy,1.7506140185150199,0.5713082901554405,0.6026655560183257
simd,BenchmarkALPMatrix,float-histogram,resets,120,8,regular,ALPv4,encode,legacy,0.35240736212683665,2.84,0.6026655560183257
simd,BenchmarkALPMatrix,float-histogram,smooth,1024,8,regular,ALPv3,decode,legacy,3.508813342451852,0.28502446561936645,0.8816762530813476
simd,BenchmarkALPMatrix,float-histogram,smooth,1024,8,regular,ALPv3,encode,legacy,0.5335311063438554,1.8757969303423851,0.8816762530813476
simd,BenchmarkALPMatrix,float-histogram,smooth,1024,8,regular,ALPv4,decode,legacy,2.5674506448853087,0.3895184135977337,0.47452752670501236
simd,BenchmarkALPMatrix,float-histogram,smooth,1024,8,regular,ALPv4,encode,legacy,0.4793993794204179,2.0880755608028334,0.47452752670501236
simd,BenchmarkALPMatrix,float-histogram,smooth,120,1031,regular,ALPv3,decode,legacy,5.347427853195921,0.18697967449186229,0.9578713968957872
simd,BenchmarkALPMatrix,float-histogram,smooth,120,1031,regular,ALPv3,encode,legacy,0.5815803813943561,1.7183768792876952,0.9578713968957872
simd,BenchmarkALPMatrix,float-histogram,smooth,120,1031,regular,ALPv4,decode,legacy,5.4957965582280615,0.1819545488637216,0.9578713968957872
simd,BenchmarkALPMatrix,float-histogram,smooth,120,1031,regular,ALPv4,encode,legacy,0.6092002290343879,1.6415121880017516,0.9578713968957872
simd,BenchmarkALPMatrix,float-histogram,smooth,120,128,regular,ALPv3,decode,legacy,6.093176632388335,0.1641634863966515,1.4113995485327315
simd,BenchmarkALPMatrix,float-histogram,smooth,120,128,regular,ALPv3,encode,legacy,0.6048747942489849,1.6511627906976745,1.4113995485327315
simd,BenchmarkALPMatrix,float-histogram,smooth,120,128,regular,ALPv4,decode,legacy,3.33485587203832,0.29982764988304816,0.5401241534988713
simd,BenchmarkALPMatrix,float-histogram,smooth,120,128,regular,ALPv4,encode,legacy,0.5217492993175625,1.9177101967799641,0.5401241534988713
simd,BenchmarkALPMatrix,float-histogram,smooth,120,8,regular,ALPv3,decode,legacy,3.0860763950008803,0.3240468204531454,0.9192846785886901
simd,BenchmarkALPMatrix,float-histogram,smooth,120,8,regular,ALPv3,decode-cold,legacy,1.640020409898801,0.6001369607171761,0.9192846785886901
simd,BenchmarkALPMatrix,float-histogram,smooth,120,8,regular,ALPv3,encode,legacy,0.5271137756872422,1.8969457262140188,0.9192846785886901
simd,BenchmarkALPMatrix,float-histogram,smooth,120,8,regular,ALPv4,decode,legacy,2.17195242814668,0.46040112259566024,0.5785403576607057
simd,BenchmarkALPMatrix,float-histogram,smooth,120,8,regular,ALPv4,decode-cold,legacy,1.3633792859667726,0.7239619000186764,0.5785403576607057
simd,BenchmarkALPMatrix,float-histogram,smooth,120,8,regular,ALPv4,encode,legacy,0.4686881326008519,2.13403647549989,0.5785403576607057
simd,BenchmarkALPMatrix,float-histogram,smooth,32,8,regular,ALPv3,decode,legacy,2.906862745098039,0.3440345315977609,0.767043078209954
simd,BenchmarkALPMatrix,float-histogram,smooth,32,8,regular,ALPv3,encode,legacy,0.4104536489151874,2.437343599615014,0.767043078209954
simd,BenchmarkALPMatrix,float-histogram,smooth,32,8,regular,ALPv4,decode,legacy,1.9684647302904563,0.5080596209617589,0.590547887913007
simd,BenchmarkALPMatrix,float-histogram,smooth,32,8,regular,ALPv4,encode,legacy,0.36884083658277206,2.7129932627526467,0.590547887913007
simd,BenchmarkALPMatrix,float-histogram,stale,120,128,regular,ALPv3,decode,legacy,4.904900352865166,0.203600097299927,1.2034938621340887
simd,BenchmarkALPMatrix,float-histogram,stale,120,128,regular,ALPv3,encode,legacy,0.5664840007286943,1.767329842931937,1.2034938621340887
simd,BenchmarkALPMatrix,float-histogram,stale,120,128,regular,ALPv4,decode,legacy,2.8835663467297774,0.3465701775723668,0.554296506137866
simd,BenchmarkALPMatrix,float-histogram,stale,120,128,regular,ALPv4,encode,legacy,0.4841929220179664,2.0689005235602096,0.554296506137866
simd,BenchmarkALPMatrix,float-histogram,stale,120,8,regular,ALPv3,decode,legacy,2.417813010025647,0.41367531264474294,0.9052419354838709
simd,BenchmarkALPMatrix,float-histogram,stale,120,8,regular,ALPv3,encode,legacy,0.3356872383134178,2.979299363057325,0.9052419354838709
simd,BenchmarkALPMatrix,float-histogram,stale,120,8,regular,ALPv4,decode,legacy,1.6561526790705103,0.6040412227883281,0.8745967741935484
simd,BenchmarkALPMatrix,float-histogram,stale,120,8,regular,ALPv4,encode,legacy,0.2963895762146027,3.3742038216560513,0.8745967741935484
simd,BenchmarkALPMatrix,float,computed,1024,0,no-st,ALP,decode,XOR,1.7987308302485459,0.5561442591366126,0.951803792955939
simd,BenchmarkALPMatrix,float,computed,1024,0,no-st,ALP,decode,XOR2,2.8904283447911157,0.34608467590858005,0.6919966825627202
simd,BenchmarkALPMatrix,float,computed,1024,0,no-st,ALP,encode,XOR,0.5973546136307447,1.6831069811770312,0.951803792955939
simd,BenchmarkALPMatrix,float,computed,1024,0,no-st,ALP,encode,XOR2,0.5746092355025685,1.7563401292889111,0.6919966825627202
simd,BenchmarkALPMatrix,float,computed,1024,0,regular,ALP,decode,XOR2,3.8382493877116386,0.2605113636363636,0.6984242172921418
simd,BenchmarkALPMatrix,float,computed,1024,0,regular,ALP,encode,XOR2,0.5733342520498863,1.7608423163700178,0.6984242172921418
simd,BenchmarkALPMatrix,float,computed,120,0,changing-st,ALP,decode,XOR2,2.8075912034365587,0.35617977528089895,0.8250652741514362
simd,BenchmarkALPMatrix,float,computed,120,0,changing-st,ALP,encode,XOR2,0.5575757575757576,1.8003904343582233,0.8250652741514362
simd,BenchmarkALPMatrix,float,computed,120,0,jitter,ALP,decode,XOR2,1.4639599882318328,0.6832127351664256,0.9693866191695424
simd,BenchmarkALPMatrix,float,computed,120,0,jitter,ALP,encode,XOR2,0.49335367182392675,2.033530042918455,0.9693866191695424
simd,BenchmarkALPMatrix,float,computed,120,0,no-st-jitter,ALP,decode,XOR,1.5470588235294118,0.6465779467680609,0.965586592178771
simd,BenchmarkALPMatrix,float,computed,120,0,no-st-jitter,ALP,decode,XOR2,1.2941176470588236,0.7733060482037291,0.9647242688100022
simd,BenchmarkALPMatrix,float,computed,120,0,no-st-jitter,ALP,encode,XOR,0.5903404764494724,1.6952444742129942,0.965586592178771
simd,BenchmarkALPMatrix,float,computed,120,0,no-st-jitter,ALP,encode,XOR2,0.49167845099532254,2.0394842868654313,0.9647242688100022
simd,BenchmarkALPMatrix,float,computed,120,0,no-st,ALP,decode,XOR,1.8853974121996304,0.5304192085968547,0.9485087225661227
simd,BenchmarkALPMatrix,float,computed,120,0,no-st,ALP,decode,XOR2,1.6293460082739195,0.6157494639724514,0.9473092595194604
simd,BenchmarkALPMatrix,float,computed,120,0,no-st,ALP,encode,XOR,0.5652126736111112,1.7677165354330708,0.9485087225661227
simd,BenchmarkALPMatrix,float,computed,120,0,no-st,ALP,encode,XOR2,0.4571397569444444,2.188987668482936,0.9473092595194604
simd,BenchmarkALPMatrix,float,computed,120,0,regular,ALP,decode,XOR2,1.6233860701945806,0.6160618279569893,0.9532343881265751
simd,BenchmarkALPMatrix,float,computed,120,0,regular,ALP,encode,XOR2,0.4562132225683628,2.196510560146924,0.9532343881265751
simd,BenchmarkALPMatrix,float,computed,32,0,no-st,ALP,decode,XOR,1.4664694280078894,0.682035831495131,1.0843910342965164
simd,BenchmarkALPMatrix,float,computed,32,0,no-st,ALP,decode,XOR2,1.277859960552268,0.7827724606359987,1.0797257327238505
simd,BenchmarkALPMatrix,float,computed,32,0,no-st,ALP,encode,XOR,0.26699737925870465,3.735819209039548,1.0843910342965164
simd,BenchmarkALPMatrix,float,computed,32,0,no-st,ALP,encode,XOR2,0.2213590415574691,4.516666666666667,1.0797257327238505
simd,BenchmarkALPMatrix,float,computed,32,0,regular,ALP,decode,XOR2,1.2913014160485503,0.7745906204745461,1.0995883680786085
simd,BenchmarkALPMatrix,float,computed,32,0,regular,ALP,encode,XOR2,0.22952473326867115,4.351447296559257,1.0995883680786085
simd,BenchmarkALPMatrix,float,constant,1024,0,no-st,ALP,decode,XOR,1.0067537145429986,0.9938172658575681,1.0911808669656202
simd,BenchmarkALPMatrix,float,constant,1024,0,no-st,ALP,decode,XOR2,6.089374155785682,0.1642694928084784,0.10518731988472622
simd,BenchmarkALPMatrix,float,constant,1024,0,no-st,ALP,encode,XOR,0.8333636529015827,1.1946060877350047,1.0911808669656202
simd,BenchmarkALPMatrix,float,constant,1024,0,no-st,ALP,encode,XOR2,1.5129161360742223,0.6619334036088547,0.10518731988472622
simd,BenchmarkALPMatrix,float,constant,1024,0,regular,ALP,decode,XOR2,6.080707322602584,0.16442748091603054,0.12774774774774775
simd,BenchmarkALPMatrix,float,constant,1024,0,regular,ALP,encode,XOR2,1.5456537618699782,0.6475459749117038,0.12774774774774775
simd,BenchmarkALPMatrix,float,constant,120,0,no-st,ALP,decode,XOR,1.1749586928584541,0.8513032064504031,0.8332499999999999
simd,BenchmarkALPMatrix,float,constant,120,0,no-st,ALP,decode,XOR2,1.5412153478979254,0.6489422527158376,1.1764913519237556
simd,BenchmarkALPMatrix,float,constant,120,0,no-st,ALP,encode,XOR,0.6559175850503115,1.4914134742404228,0.8332499999999999
simd,BenchmarkALPMatrix,float,constant,120,0,no-st,ALP,encode,XOR2,0.5653569717297556,1.7330126893164144,1.1764913519237556
simd,BenchmarkALPMatrix,float,constant,120,0,regular,ALP,decode,XOR2,1.3675466125161526,0.7312925170068029,1.2974375608173856
simd,BenchmarkALPMatrix,float,constant,120,0,regular,ALP,encode,XOR2,0.5881951219512195,1.6567792363964329,1.2974375608173856
simd,BenchmarkALPMatrix,float,constant,32,0,no-st,ALP,decode,XOR,1.4747052331997441,0.678134845620668,1.5384615384615385
simd,BenchmarkALPMatrix,float,constant,32,0,no-st,ALP,decode,XOR2,1.6530173665563106,0.6049465992130411,1.7390094602114636
simd,BenchmarkALPMatrix,float,constant,32,0,no-st,ALP,encode,XOR,0.5679345113307378,1.7193822305807265,1.5384615384615385
simd,BenchmarkALPMatrix,float,constant,32,0,no-st,ALP,encode,XOR2,0.5064390536088649,1.9333546940083308,1.7390094602114636
simd,BenchmarkALPMatrix,float,constant,32,0,regular,ALP,decode,XOR2,1.8485588098558814,0.5408830332897515,1.8461538461538463
simd,BenchmarkALPMatrix,float,constant,32,0,regular,ALP,encode,XOR2,0.5290361812100942,1.8293213908067427,1.8461538461538463
simd,BenchmarkALPMatrix,float,counter,1024,0,no-st,ALP,decode,XOR,1.774560669456067,0.5636591962905718,0.8301703163017031
simd,BenchmarkALPMatrix,float,counter,1024,0,no-st,ALP,decode,XOR2,5.276987447698745,0.18950958103280285,0.36390784982935154
simd,BenchmarkALPMatrix,float,counter,1024,0,no-st,ALP,encode,XOR,0.9842522644416882,1.0153181461115475,0.8301703163017031
simd,BenchmarkALPMatrix,float,counter,1024,0,no-st,ALP,encode,XOR2,1.1048220393129629,0.9079733052335793,0.36390784982935154
simd,BenchmarkALPMatrix,float,counter,1024,0,regular,ALP,decode,XOR2,6.651482845512696,0.15032046504695187,0.3773464163822526
simd,BenchmarkALPMatrix,float,counter,1024,0,regular,ALP,encode,XOR2,1.3759697545837977,0.7268873308331975,0.3773464163822526
simd,BenchmarkALPMatrix,float,counter,120,0,no-st,ALP,decode,XOR,1.5701928087545596,0.636957387495022,0.902389425521098
simd,BenchmarkALPMatrix,float,counter,120,0,no-st,ALP,decode,XOR2,1.5063053673788431,0.6638718246720904,0.8987341772151898
simd,BenchmarkALPMatrix,float,counter,120,0,no-st,ALP,encode,XOR,0.6136363636363636,1.6152271796970938,0.902389425521098
simd,BenchmarkALPMatrix,float,counter,120,0,no-st,ALP,encode,XOR2,0.505838198498749,1.9612326043737578,0.8987341772151898
simd,BenchmarkALPMatrix,float,counter,120,0,regular,ALP,decode,XOR2,1.9796251018744906,0.5051461506792919,0.921
simd,BenchmarkALPMatrix,float,counter,120,0,regular,ALP,encode,XOR2,0.511096884336321,1.9383237750276687,0.921
simd,BenchmarkALPMatrix,float,counter,32,0,no-st,ALP,decode,XOR,1.419272727272727,0.7046814790522259,1.309598918431726
simd,BenchmarkALPMatrix,float,counter,32,0,no-st,ALP,decode,XOR2,1.5138181818181817,0.660798031829015,1.2915555555555556
simd,BenchmarkALPMatrix,float,counter,32,0,no-st,ALP,encode,XOR,0.28760035682426405,3.4509673115410275,1.309598918431726
simd,BenchmarkALPMatrix,float,counter,32,0,no-st,ALP,encode,XOR2,0.24171870353850727,4.112082670906201,1.2915555555555556
simd,BenchmarkALPMatrix,float,counter,32,0,regular,ALP,decode,XOR2,1.6984008925251024,0.5886226705898837,1.3464163822525599
simd,BenchmarkALPMatrix,float,counter,32,0,regular,ALP,encode,XOR2,0.2449236298292902,4.056477093206952,1.3464163822525599
simd,BenchmarkALPMatrix,float,decimal2,1024,0,no-st,ALP,decode,XOR,2.723321389624552,0.3672680412371133,0.2124735729386892
simd,BenchmarkALPMatrix,float,decimal2,1024,0,no-st,ALP,decode,XOR2,5.7661629537311105,0.1734439834024896,0.1451263537906137
simd,BenchmarkALPMatrix,float,decimal2,1024,0,no-st,ALP,encode,XOR,1.2737725070504013,0.790834312573443,0.2124735729386892
simd,BenchmarkALPMatrix,float,decimal2,1024,0,no-st,ALP,encode,XOR2,1.451984959143828,0.6952479338842976,0.1451263537906137
simd,BenchmarkALPMatrix,float,decimal2,1024,0,regular,ALP,decode,XOR2,5.851432168712622,0.1709171027265216,0.15272595980262366
simd,BenchmarkALPMatrix,float,decimal2,1024,0,regular,ALP,encode,XOR2,1.4576998617880266,0.6934438973827415,0.15272595980262366
simd,BenchmarkALPMatrix,float,decimal2,120,0,changing-st,ALP,decode,XOR2,3.39968085999832,0.29415950192706786,0.2993205532637709
simd,BenchmarkALPMatrix,float,decimal2,120,0,changing-st,ALP,encode,XOR2,0.9483766888485582,1.0536635706914343,0.2993205532637709
simd,BenchmarkALPMatrix,float,decimal2,120,0,jitter,ALP,decode,XOR2,1.7724829289553974,0.5676892627412171,0.42715534107212727
simd,BenchmarkALPMatrix,float,decimal2,120,0,jitter,ALP,encode,XOR2,0.8709190413285526,1.1619605753862545,0.42715534107212727
simd,BenchmarkALPMatrix,float,decimal2,120,0,no-st-jitter,ALP,decode,XOR,2.2427402418712434,0.4458171959721146,0.4211631876066693
simd,BenchmarkALPMatrix,float,decimal2,120,0,no-st-jitter,ALP,decode,XOR2,1.6981678615395754,0.5886775084381711,0.4197853964930646
simd,BenchmarkALPMatrix,float,decimal2,120,0,no-st-jitter,ALP,encode,XOR,0.922543135783946,1.084319526627219,0.4211631876066693
simd,BenchmarkALPMatrix,float,decimal2,120,0,no-st-jitter,ALP,encode,XOR2,0.805701425356339,1.241320914479255,0.4197853964930646
simd,BenchmarkALPMatrix,float,decimal2,120,0,no-st,ALP,decode,XOR,2.694418417882479,0.3711696673423155,0.22680769897693775
simd,BenchmarkALPMatrix,float,decimal2,120,0,no-st,ALP,decode,XOR2,2.2899210279748363,0.4367283950617284,0.2264935064935065
simd,BenchmarkALPMatrix,float,decimal2,120,0,no-st,ALP,decode-cold,XOR,2.054672851080628,0.4777944399584727,0.22680769897693775
simd,BenchmarkALPMatrix,float,decimal2,120,0,no-st,ALP,decode-cold,XOR2,1.7675910391789202,0.5553395454850171,0.2264935064935065
simd,BenchmarkALPMatrix,float,decimal2,120,0,no-st,ALP,encode,XOR,0.8983230736573976,1.1070816676185038,0.22680769897693775
simd,BenchmarkALPMatrix,float,decimal2,120,0,no-st,ALP,encode,XOR2,0.752281893440883,1.3241120218579232,0.2264935064935065
simd,BenchmarkALPMatrix,float,decimal2,120,0,regular,ALP,decode,XOR2,2.357734262058089,0.42489615436151684,0.23706896551724138
simd,BenchmarkALPMatrix,float,decimal2,120,0,regular,ALP,decode-cold,XOR2,1.8260996213224583,0.5369731800766283,0.23706896551724138
simd,BenchmarkALPMatrix,float,decimal2,120,0,regular,ALP,encode,XOR2,0.7571080422420796,1.3169541164985357,0.23706896551724138
simd,BenchmarkALPMatrix,float,decimal2,32,0,no-st,ALP,decode,XOR,1.8466086956521743,0.5413778554638056,0.39893881611673027
simd,BenchmarkALPMatrix,float,decimal2,32,0,no-st,ALP,decode,XOR2,1.6667826086956523,0.5997195700073445,0.39481457170987855
simd,BenchmarkALPMatrix,float,decimal2,32,0,no-st,ALP,encode,XOR,0.4035746743411088,2.4584242424242424,0.39893881611673027
simd,BenchmarkALPMatrix,float,decimal2,32,0,no-st,ALP,encode,XOR2,0.32959709179036656,3.0181547619047615,0.39481457170987855
simd,BenchmarkALPMatrix,float,decimal2,32,0,regular,ALP,decode,XOR2,1.7186958029830042,0.5818534065224411,0.4292178409825469
simd,BenchmarkALPMatrix,float,decimal2,32,0,regular,ALP,encode,XOR2,0.3328394315089205,2.9944166911548633,0.4292178409825469
simd,BenchmarkALPMatrix,float,decimal6,1024,0,no-st,ALP,decode,XOR,2.9108189450340567,0.34351145038167935,0.2294326241134752
simd,BenchmarkALPMatrix,float,decimal6,1024,0,no-st,ALP,decode,XOR2,5.865040392840171,0.17049225663716816,0.15641242596397922
simd,BenchmarkALPMatrix,float,decimal6,1024,0,no-st,ALP,encode,XOR,1.16966502105821,0.8605567873860556,0.2294326241134752
simd,BenchmarkALPMatrix,float,decimal6,1024,0,no-st,ALP,encode,XOR2,1.1365018269043037,0.8888040712468194,0.15641242596397922
simd,BenchmarkALPMatrix,float,decimal6,1024,0,regular,ALP,decode,XOR2,5.91256157635468,0.16912823247134093,0.163926499032882
simd,BenchmarkALPMatrix,float,decimal6,1024,0,regular,ALP,encode,XOR2,1.112905429406782,0.9073555612115042,0.163926499032882
simd,BenchmarkALPMatrix,float,decimal6,120,0,no-st,ALP,decode,XOR,2.820143884892086,0.3546699320939552,0.24280481423338565
simd,BenchmarkALPMatrix,float,decimal6,120,0,no-st,ALP,decode,XOR2,2.3866579463701765,0.41904511377087994,0.2424242424242424
simd,BenchmarkALPMatrix,float,decimal6,120,0,no-st,ALP,encode,XOR,0.39756760840006045,2.518569463548831,0.24280481423338565
simd,BenchmarkALPMatrix,float,decimal6,120,0,no-st,ALP,encode,XOR2,0.27662788940927635,3.6317355371900826,0.2424242424242424
simd,BenchmarkALPMatrix,float,decimal6,120,0,regular,ALP,decode,XOR2,2.3815432338115547,0.4197981113643764,0.2528177561990636
simd,BenchmarkALPMatrix,float,decimal6,120,0,regular,ALP,encode,XOR2,0.27381307853090475,3.6679867986798675,0.2528177561990636
simd,BenchmarkALPMatrix,float,decimal6,32,0,no-st,ALP,decode,XOR,2.121535181236674,0.471376500857633,0.39689871329594195
simd,BenchmarkALPMatrix,float,decimal6,32,0,no-st,ALP,decode,XOR2,1.7746979388770434,0.5635012174804562,0.39281632653061227
simd,BenchmarkALPMatrix,float,decimal6,32,0,no-st,ALP,encode,XOR,0.12122011401344338,8.279375141498754,0.39689871329594195
simd,BenchmarkALPMatrix,float,decimal6,32,0,no-st,ALP,encode,XOR2,0.0936611928869225,10.743243243243244,0.39281632653061227
simd,BenchmarkALPMatrix,float,decimal6,32,0,regular,ALP,decode,XOR2,1.805892547660312,0.5533926926619589,0.42707830840971217
simd,BenchmarkALPMatrix,float,decimal6,32,0,regular,ALP,encode,XOR2,0.09631570192947438,10.449469570072583,0.42707830840971217
simd,BenchmarkALPMatrix,float,noisy-decimal,1024,0,no-st,ALP,decode,XOR,2.552695336159903,0.3915684606973636,0.29669232962646136
simd,BenchmarkALPMatrix,float,noisy-decimal,1024,0,no-st,ALP,decode,XOR2,5.2121441550575405,0.19178815828622434,0.21571472996786564
simd,BenchmarkALPMatrix,float,noisy-decimal,1024,0,no-st,ALP,encode,XOR,1.5006654991243433,0.6702127659574468,0.29669232962646136
simd,BenchmarkALPMatrix,float,noisy-decimal,1024,0,no-st,ALP,encode,XOR2,1.4596847635726795,0.6921348314606742,0.21571472996786564
simd,BenchmarkALPMatrix,float,noisy-decimal,1024,0,regular,ALP,decode,XOR2,4.018231959552628,0.2488871534556814,0.22226829773999585
simd,BenchmarkALPMatrix,float,noisy-decimal,1024,0,regular,ALP,encode,XOR2,1.4398458733271406,0.7015667744342203,0.22226829773999585
simd,BenchmarkALPMatrix,float,noisy-decimal,120,0,no-st,ALP,decode,XOR,2.6449368719402213,0.37806089649932795,0.30560629478712936
simd,BenchmarkALPMatrix,float,noisy-decimal,120,0,no-st,ALP,decode,XOR2,2.3219531048698787,0.4307210866236101,0.3052631578947368
simd,BenchmarkALPMatrix,float,noisy-decimal,120,0,no-st,ALP,encode,XOR,1.0131688963210703,0.9805728518057286,0.30560629478712936
simd,BenchmarkALPMatrix,float,noisy-decimal,120,0,no-st,ALP,encode,XOR2,0.8139632107023411,1.2226708074534163,0.3052631578947368
simd,BenchmarkALPMatrix,float,noisy-decimal,120,0,regular,ALP,decode,XOR2,2.3034300791556728,0.43411664593833865,0.31356643356643354
simd,BenchmarkALPMatrix,float,noisy-decimal,120,0,regular,ALP,encode,XOR2,0.8055498458376156,1.2354211663066956,0.31356643356643354
simd,BenchmarkALPMatrix,float,noisy-decimal,32,0,no-st,ALP,decode,XOR,1.968927497494153,0.5067064892750475,0.4579187953751009
simd,BenchmarkALPMatrix,float,noisy-decimal,32,0,no-st,ALP,decode,XOR2,1.7417307049782829,0.5729109105421502,0.45601820859552816
simd,BenchmarkALPMatrix,float,noisy-decimal,32,0,no-st,ALP,encode,XOR,0.4192588269623577,2.3670857656039512,0.4579187953751009
simd,BenchmarkALPMatrix,float,noisy-decimal,32,0,no-st,ALP,encode,XOR2,0.3401225561715786,2.923738214087632,0.45601820859552816
simd,BenchmarkALPMatrix,float,noisy-decimal,32,0,regular,ALP,decode,XOR2,1.8903179707038227,0.5289671020803096,0.48346998148637926
simd,BenchmarkALPMatrix,float,noisy-decimal,32,0,regular,ALP,encode,XOR2,0.36364184504069935,2.7340653454740225,0.48346998148637926
simd,BenchmarkALPMatrix,float,outliers20,1024,0,no-st,ALP,decode,XOR,2.800995024875622,0.35712317442821717,0.43451171610456457
simd,BenchmarkALPMatrix,float,outliers20,1024,0,no-st,ALP,decode,XOR2,5.597919493441881,0.17870932156646444,0.3201596806387226
simd,BenchmarkALPMatrix,float,outliers20,1024,0,no-st,ALP,encode,XOR,0.29407870092081995,3.446258084385587,0.43451171610456457
simd,BenchmarkALPMatrix,float,outliers20,1024,0,no-st,ALP,encode,XOR2,0.37656918345834534,2.691845080586962,0.3201596806387226
simd,BenchmarkALPMatrix,float,outliers20,1024,0,regular,ALP,decode,XOR2,5.608695652173913,0.1782632743362832,0.3264471057884232
simd,BenchmarkALPMatrix,float,outliers20,1024,0,regular,ALP,encode,XOR2,0.38039219116257916,2.6716203259827425,0.3264471057884232
simd,BenchmarkALPMatrix,float,outliers20,120,0,no-st,ALP,decode,XOR,1.9798301486199574,0.5056903585999571,0.9731255038968019
simd,BenchmarkALPMatrix,float,outliers20,120,0,no-st,ALP,decode,XOR2,1.6842710544939843,0.5936850066175081,0.9720805369127516
simd,BenchmarkALPMatrix,float,outliers20,120,0,no-st,ALP,encode,XOR,0.4434013164994065,2.259052104798352,0.9731255038968019
simd,BenchmarkALPMatrix,float,outliers20,120,0,no-st,ALP,encode,XOR2,0.42473292327614115,2.3597785977859784,0.9720805369127516
simd,BenchmarkALPMatrix,float,outliers20,120,0,regular,ALP,decode,XOR2,1.6775899436497614,0.5943314314065988,0.9776588628762543
simd,BenchmarkALPMatrix,float,outliers20,120,0,regular,ALP,encode,XOR2,0.43308132407029015,2.2985971943887775,0.9776588628762543
simd,BenchmarkALPMatrix,float,outliers20,32,0,no-st,ALP,decode,XOR,1.9376675603217162,0.5162718618552136,0.6024918032786886
simd,BenchmarkALPMatrix,float,outliers20,32,0,no-st,ALP,decode,XOR2,1.7218498659517425,0.5810389933972842,0.6000522466039708
simd,BenchmarkALPMatrix,float,outliers20,32,0,no-st,ALP,encode,XOR,0.11306827856291503,8.886728245017016,0.6024918032786886
simd,BenchmarkALPMatrix,float,outliers20,32,0,no-st,ALP,encode,XOR2,0.10101311084624554,9.953716308194936,0.6000522466039708
simd,BenchmarkALPMatrix,float,outliers20,32,0,regular,ALP,decode,XOR2,1.7718028266115131,0.5644026645084977,0.6250322580645161
simd,BenchmarkALPMatrix,float,outliers20,32,0,regular,ALP,encode,XOR2,0.1028169014084507,9.770911028236549,0.6250322580645161
simd,BenchmarkALPMatrix,float,random-bits,1024,0,no-st,ALP,decode,XOR,3.615833495428905,0.2765934005398557,0.9810443490701001
simd,BenchmarkALPMatrix,float,random-bits,1024,0,no-st,ALP,decode,XOR2,7.684691694222914,0.13014515292897874,0.7467332123411978
simd,BenchmarkALPMatrix,float,random-bits,1024,0,no-st,ALP,encode,XOR,0.2902455418923728,3.4789131050099065,0.9810443490701001
simd,BenchmarkALPMatrix,float,random-bits,1024,0,no-st,ALP,encode,XOR2,0.36679451188169704,2.752743561030235,0.7467332123411978
simd,BenchmarkALPMatrix,float,random-bits,1024,0,regular,ALP,decode,XOR2,7.671976401179941,0.13031496062992126,0.7524500907441016
simd,BenchmarkALPMatrix,float,random-bits,1024,0,regular,ALP,encode,XOR2,0.3771471732438864,2.679203044548914,0.7524500907441016
simd,BenchmarkALPMatrix,float,random-bits,120,0,no-st,ALP,decode,XOR,3.619791666666667,0.2762043480606355,0.9745373099139454
simd,BenchmarkALPMatrix,float,random-bits,120,0,no-st,ALP,decode,XOR2,3.054850260416667,0.3273657289002557,0.9735044747998114
simd,BenchmarkALPMatrix,float,random-bits,120,0,no-st,ALP,decode-cold,XOR,2.7366279765466075,0.35762284754304907,0.9745373099139454
simd,BenchmarkALPMatrix,float,random-bits,120,0,no-st,ALP,decode-cold,XOR2,2.3337322005504366,0.41950979184628645,0.9735044747998114
simd,BenchmarkALPMatrix,float,random-bits,120,0,no-st,ALP,encode,XOR,0.3141043334253381,3.2111022151054174,0.9745373099139454
simd,BenchmarkALPMatrix,float,random-bits,120,0,no-st,ALP,encode,XOR2,0.31113717913331496,3.2457512813595897,0.9735044747998114
simd,BenchmarkALPMatrix,float,random-bits,120,0,regular,ALP,decode,XOR2,3.121227115289461,0.32043883569027837,0.9783961488787133
simd,BenchmarkALPMatrix,float,random-bits,120,0,regular,ALP,decode-cold,XOR2,2.3958002685874744,0.4081370449678801,0.9783961488787133
simd,BenchmarkALPMatrix,float,random-bits,120,0,regular,ALP,encode,XOR2,0.3180627345464845,3.1700919415900484,0.9783961488787133
simd,BenchmarkALPMatrix,float,random-bits,32,0,no-st,ALP,decode,XOR,3.391581908677775,0.2949104089029557,1.024940211820977
simd,BenchmarkALPMatrix,float,random-bits,32,0,no-st,ALP,decode,XOR2,2.8143259034840944,0.3553327592569811,1.0213345438039039
simd,BenchmarkALPMatrix,float,random-bits,32,0,no-st,ALP,encode,XOR,0.2317195595854922,4.330541091238397,1.024940211820977
simd,BenchmarkALPMatrix,float,random-bits,32,0,no-st,ALP,encode,XOR2,0.2261981865284974,4.4390809932699,1.0213345438039039
simd,BenchmarkALPMatrix,float,random-bits,32,0,regular,ALP,decode,XOR2,2.284347493302718,0.4376608061749571,1.038625645632158
simd,BenchmarkALPMatrix,float,random-bits,32,0,regular,ALP,encode,XOR2,0.22535256929810343,4.460695124795895,1.038625645632158
simd,BenchmarkALPMatrix,float,random-finite,1024,0,no-st,ALP,decode,XOR,2.0147505422993492,0.496279556853883,0.88254233245886
simd,BenchmarkALPMatrix,float,random-finite,1024,0,no-st,ALP,decode,XOR2,4.271041214750542,0.23411336453458137,0.6715970961887477
simd,BenchmarkALPMatrix,float,random-finite,1024,0,no-st,ALP,encode,XOR,0.372010872331545,2.705932443939824,0.88254233245886
simd,BenchmarkALPMatrix,float,random-finite,1024,0,no-st,ALP,encode,XOR2,0.4747279372092313,2.124108734402852,0.6715970961887477
simd,BenchmarkALPMatrix,float,random-finite,1024,0,regular,ALP,decode,XOR2,4.227222467934542,0.2366193410125904,0.6773139745916517
simd,BenchmarkALPMatrix,float,random-finite,1024,0,regular,ALP,encode,XOR2,0.4805889803673211,2.095531235750114,0.6773139745916517
simd,BenchmarkALPMatrix,float,random-finite,120,0,no-st,ALP,decode,XOR,1.9976294675419404,0.5006846688941228,0.8828392582969173
simd,BenchmarkALPMatrix,float,random-finite,120,0,no-st,ALP,decode,XOR2,1.7155361050328228,0.5830091204796224,0.8820058997050148
simd,BenchmarkALPMatrix,float,random-finite,120,0,no-st,ALP,encode,XOR,0.39941013495397265,2.5218809459092144,0.8828392582969173
simd,BenchmarkALPMatrix,float,random-finite,120,0,no-st,ALP,encode,XOR2,0.3966395567074806,2.54052573932092,0.8820058997050148
simd,BenchmarkALPMatrix,float,random-finite,120,0,regular,ALP,decode,XOR2,1.733779512920617,0.5767770987455775,0.8872941176470588
simd,BenchmarkALPMatrix,float,random-finite,120,0,regular,ALP,encode,XOR2,0.39669421487603307,2.539660450876705,0.8872941176470588
simd,BenchmarkALPMatrix,float,random-finite,32,0,no-st,ALP,decode,XOR,1.5100908173562058,0.6620697028009408,1.0071109072141302
simd,BenchmarkALPMatrix,float,random-finite,32,0,no-st,ALP,decode,XOR2,1.2926337033299697,0.7733999375585388,1.0035428571428573
simd,BenchmarkALPMatrix,float,random-finite,32,0,no-st,ALP,encode,XOR,0.21960972488803582,4.576151121605667,1.0071109072141302
simd,BenchmarkALPMatrix,float,random-finite,32,0,no-st,ALP,encode,XOR2,0.21904990403071017,4.5902415916627195,1.0035428571428573
simd,BenchmarkALPMatrix,float,random-finite,32,0,regular,ALP,decode,XOR2,1.3619116234390007,0.7344878158844765,1.0211442786069653
simd,BenchmarkALPMatrix,float,random-finite,32,0,regular,ALP,encode,XOR2,0.2193166885676741,4.593892137751786,1.0211442786069653
simd,BenchmarkALPMatrix,float,stale5,1024,0,no-st,ALP,decode,XOR,2.7736314572089436,0.3606034728152576,0.21226006191950467
simd,BenchmarkALPMatrix,float,stale5,1024,0,no-st,ALP,decode,XOR2,5.821279876638396,0.17179278546243557,0.21239157372986367
simd,BenchmarkALPMatrix,float,stale5,1024,0,no-st,ALP,encode,XOR,1.224487594390507,0.8228454172366622,0.21226006191950467
simd,BenchmarkALPMatrix,float,stale5,1024,0,no-st,ALP,encode,XOR2,1.074514563106796,0.9393545028630922,0.21239157372986367
simd,BenchmarkALPMatrix,float,stale5,1024,0,regular,ALP,decode,XOR2,5.8802091342457325,0.17004016064257027,0.22010162349733547
simd,BenchmarkALPMatrix,float,stale5,1024,0,regular,ALP,encode,XOR2,1.0766497051934416,0.938213914849429,0.22010162349733547
simd,BenchmarkALPMatrix,float,stale5,120,0,no-st,ALP,decode,XOR,2.8642158683005325,0.3491678955129556,0.2348051948051948
simd,BenchmarkALPMatrix,float,stale5,120,0,no-st,ALP,decode,XOR2,2.15707389528407,0.4568318059670641,0.31719298245614036
simd,BenchmarkALPMatrix,float,stale5,120,0,no-st,ALP,encode,XOR,1.0188141391106043,0.9706281066425667,0.2348051948051948
simd,BenchmarkALPMatrix,float,stale5,120,0,no-st,ALP,encode,XOR2,0.7210186240973014,1.376923076923077,0.31719298245614036
simd,BenchmarkALPMatrix,float,stale5,120,0,regular,ALP,decode,XOR2,2.2778928294071967,0.43894456944160354,0.3275109170305677
simd,BenchmarkALPMatrix,float,stale5,120,0,regular,ALP,encode,XOR2,0.7398074165130096,1.3475201072386056,0.3275109170305677
simd,BenchmarkALPMatrix,float,stale5,32,0,no-st,ALP,decode,XOR,0.8621424987456096,1.1615456238361266,0.4272624753312659
simd,BenchmarkALPMatrix,float,stale5,32,0,no-st,ALP,decode,XOR2,1.0551931761164075,0.9501142421934502,0.4707983845914881
simd,BenchmarkALPMatrix,float,stale5,32,0,no-st,ALP,encode,XOR,0.1805916688776864,5.527376155487082,0.4272624753312659
simd,BenchmarkALPMatrix,float,stale5,32,0,no-st,ALP,encode,XOR2,0.2214115149907137,4.500192975685064,0.4707983845914881
simd,BenchmarkALPMatrix,float,stale5,32,0,regular,ALP,decode,XOR2,1.6982698961937714,0.5885803676183027,0.5023732965855153
simd,BenchmarkALPMatrix,float,stale5,32,0,regular,ALP,encode,XOR2,0.34493419038873585,2.882740825688073,0.5023732965855153
simd,BenchmarkALPMatrix,integer-histogram,bursty,1024,8,regular,ALPv3,decode,legacy,2.395472323320115,0.41750841750841755,1.1874619598295801
simd,BenchmarkALPMatrix,integer-histogram,bursty,1024,8,regular,ALPv3,decode-float,legacy,2.5148505155360317,0.39760751922529197,1.1874619598295801
simd,BenchmarkALPMatrix,integer-histogram,bursty,1024,8,regular,ALPv3,encode,legacy,0.4986315282621152,2.006592889098187,1.1874619598295801
simd,BenchmarkALPMatrix,integer-histogram,bursty,1024,8,regular,ALPv4,decode,legacy,2.500219699224674,0.4000348310693138,0.9750456482045039
simd,BenchmarkALPMatrix,integer-histogram,bursty,1024,8,regular,ALPv4,decode-float,legacy,2.633484229185895,0.37972087724295067,0.9750456482045039
simd,BenchmarkALPMatrix,integer-histogram,bursty,1024,8,regular,ALPv4,encode,legacy,0.4319631101898787,2.316694137037909,0.9750456482045039
simd,BenchmarkALPMatrix,integer-histogram,bursty,120,128,regular,ALPv3,decode,legacy,3.373350700318019,0.2964745517988208,1.3832701222081754
simd,BenchmarkALPMatrix,integer-histogram,bursty,120,128,regular,ALPv3,decode-float,legacy,3.4295179161536966,0.2918321043675553,1.3832701222081754
simd,BenchmarkALPMatrix,integer-histogram,bursty,120,128,regular,ALPv3,encode,legacy,0.5262899342832975,1.9001981178801386,1.3832701222081754
simd,BenchmarkALPMatrix,integer-histogram,bursty,120,128,regular,ALPv4,decode,legacy,3.367995271069076,0.29677535795933097,0.995575221238938
simd,BenchmarkALPMatrix,integer-histogram,bursty,120,128,regular,ALPv4,decode-float,legacy,3.4217578226014997,0.2924560408394782,0.995575221238938
simd,BenchmarkALPMatrix,integer-histogram,bursty,120,128,regular,ALPv4,encode,legacy,0.4066617675277588,2.4455175829618625,0.995575221238938
simd,BenchmarkALPMatrix,integer-histogram,bursty,120,8,regular,ALPv3,decode,legacy,1.9240736531029778,0.5197419720706032,1.4480796586059743
simd,BenchmarkALPMatrix,integer-histogram,bursty,120,8,regular,ALPv3,decode-float,legacy,2.0170793214121963,0.49573815206273447,1.4480796586059743
simd,BenchmarkALPMatrix,integer-histogram,bursty,120,8,regular,ALPv3,encode,legacy,0.4704717009885097,2.1250648676699533,1.4480796586059743
simd,BenchmarkALPMatrix,integer-histogram,bursty,120,8,regular,ALPv4,decode,legacy,2.021978021978022,0.4945062734812505,1.1571834992887624
simd,BenchmarkALPMatrix,integer-histogram,bursty,120,8,regular,ALPv4,decode-float,legacy,2.1311614387792175,0.4692124105011934,1.1571834992887624
simd,BenchmarkALPMatrix,integer-histogram,bursty,120,8,regular,ALPv4,encode,legacy,0.4019704005902522,2.487026466009341,1.1571834992887624
simd,BenchmarkALPMatrix,integer-histogram,bursty,32,8,regular,ALPv3,decode,legacy,1.5611751580513202,0.6405702088733038,1.2824858757062148
simd,BenchmarkALPMatrix,integer-histogram,bursty,32,8,regular,ALPv3,decode-float,legacy,1.6177549523110786,0.618387635149844,1.2824858757062148
simd,BenchmarkALPMatrix,integer-histogram,bursty,32,8,regular,ALPv3,encode,legacy,0.35258958605543356,2.8368274816872945,1.2824858757062148
simd,BenchmarkALPMatrix,integer-histogram,bursty,32,8,regular,ALPv4,decode,legacy,1.5776024051108606,0.63409056258576,1.1384180790960452
simd,BenchmarkALPMatrix,integer-histogram,bursty,32,8,regular,ALPv4,decode-float,legacy,1.704018547140649,0.5868950003628183,1.1384180790960452
simd,BenchmarkALPMatrix,integer-histogram,bursty,32,8,regular,ALPv4,encode,legacy,0.31430908009516256,3.1821166961353877,1.1384180790960452
simd,BenchmarkALPMatrix,integer-histogram,gauge,120,128,regular,ALPv3,decode,legacy,6.38580375782881,0.1565479782739891,0.7948854555141183
simd,BenchmarkALPMatrix,integer-histogram,gauge,120,128,regular,ALPv3,decode-float,legacy,6.294346585623023,0.15890005913660554,0.7948854555141183
simd,BenchmarkALPMatrix,integer-histogram,gauge,120,128,regular,ALPv3,encode,legacy,0.5548153274404685,1.8048820179007323,0.7948854555141183
simd,BenchmarkALPMatrix,integer-histogram,gauge,120,128,regular,ALPv4,decode,legacy,6.9868747034948075,0.14308992154496078,0.727224294086308
simd,BenchmarkALPMatrix,integer-histogram,gauge,120,128,regular,ALPv4,decode-float,legacy,6.748711554447215,0.14822590183323475,0.727224294086308
simd,BenchmarkALPMatrix,integer-histogram,gauge,120,128,regular,ALPv4,encode,legacy,0.47978836266695685,2.088364524003255,0.727224294086308
simd,BenchmarkALPMatrix,integer-histogram,gauge,120,8,regular,ALPv3,decode,legacy,3.298188523701052,0.3031570639305446,0.782869122491764
simd,BenchmarkALPMatrix,integer-histogram,gauge,120,8,regular,ALPv3,decode-float,legacy,3.476610472256336,0.28763005780346823,0.782869122491764
simd,BenchmarkALPMatrix,integer-histogram,gauge,120,8,regular,ALPv3,encode,legacy,0.49304561494829185,2.0302747150065414,0.782869122491764
simd,BenchmarkALPMatrix,integer-histogram,gauge,120,8,regular,ALPv4,decode,legacy,3.622349297116988,0.27604577742699293,0.7466307277628033
simd,BenchmarkALPMatrix,integer-histogram,gauge,120,8,regular,ALPv4,decode-float,legacy,3.8288454444854296,0.2611560693641619,0.7466307277628033
simd,BenchmarkALPMatrix,integer-histogram,gauge,120,8,regular,ALPv4,encode,legacy,0.4397277388258908,2.2769575780228,0.7466307277628033
simd,BenchmarkALPMatrix,integer-histogram,layout,120,128,regular,ALPv3,decode,legacy,1.6045296484424783,0.6237232738662672,0.9393720678455432
simd,BenchmarkALPMatrix,integer-histogram,layout,120,128,regular,ALPv3,decode-float,legacy,1.8966898771825467,0.5418041178477988,0.9393720678455432
simd,BenchmarkALPMatrix,integer-histogram,layout,120,128,regular,ALPv3,encode,legacy,0.4765705523752154,2.0714637752587484,0.9393720678455432
simd,BenchmarkALPMatrix,integer-histogram,layout,120,128,regular,ALPv4,decode,legacy,1.7074550526968382,0.5858640882473105,0.8523998556477806
simd,BenchmarkALPMatrix,integer-histogram,layout,120,128,regular,ALPv4,decode-float,legacy,2.0379922925086946,0.5043794790126265,0.8523998556477806
simd,BenchmarkALPMatrix,integer-histogram,layout,120,128,regular,ALPv4,encode,legacy,0.4197844149624354,2.3834401182848692,0.8523998556477806
simd,BenchmarkALPMatrix,integer-histogram,layout,120,8,regular,ALPv3,decode,legacy,1.3222780569514239,0.7566991473812423,0.8049999999999999
simd,BenchmarkALPMatrix,integer-histogram,layout,120,8,regular,ALPv3,decode-float,legacy,1.3637273434893806,0.7343260188087775,0.8049999999999999
simd,BenchmarkALPMatrix,integer-histogram,layout,120,8,regular,ALPv3,encode,legacy,0.38509025885558584,2.605464845051649,0.8049999999999999
simd,BenchmarkALPMatrix,integer-histogram,layout,120,8,regular,ALPv4,decode,legacy,1.3218352310783656,0.7575111652456353,0.7668085106382979
simd,BenchmarkALPMatrix,integer-histogram,layout,120,8,regular,ALPv4,decode-float,legacy,1.3928449744463374,0.718847962382445,0.7668085106382979
simd,BenchmarkALPMatrix,integer-histogram,layout,120,8,regular,ALPv4,encode,legacy,0.35682232851718526,2.813062312562479,0.7668085106382979
simd,BenchmarkALPMatrix,integer-histogram,resets,120,128,regular,ALPv3,decode,legacy,1.766162310866575,0.5664422837197706,1.1311141304347825
simd,BenchmarkALPMatrix,integer-histogram,resets,120,128,regular,ALPv3,decode-float,legacy,1.87578680836647,0.5330748175182481,1.1311141304347825
simd,BenchmarkALPMatrix,integer-histogram,resets,120,128,regular,ALPv3,encode,legacy,0.5214354966326527,1.94148244473342,1.1311141304347825
simd,BenchmarkALPMatrix,integer-histogram,resets,120,128,regular,ALPv4,decode,legacy,1.774984332952409,0.5634505110944901,0.9273097826086957
simd,BenchmarkALPMatrix,integer-histogram,resets,120,128,regular,ALPv4,decode-float,legacy,1.8766903343204766,0.5327326642335767,0.9273097826086957
simd,BenchmarkALPMatrix,integer-histogram,resets,120,128,regular,ALPv4,encode,legacy,0.461419872295315,2.1959254442999567,0.9273097826086957
simd,BenchmarkALPMatrix,integer-histogram,resets,120,8,regular,ALPv3,decode,legacy,1.2623376623376623,0.7925285581969743,1.1150895140664963
simd,BenchmarkALPMatrix,integer-histogram,resets,120,8,regular,ALPv3,decode-float,legacy,1.3045253863134658,0.766676819981724,1.1150895140664963
simd,BenchmarkALPMatrix,integer-histogram,resets,120,8,regular,ALPv3,encode,legacy,0.30278726974059855,3.304499476805022,1.1150895140664963
simd,BenchmarkALPMatrix,integer-histogram,resets,120,8,regular,ALPv4,decode,legacy,1.2444254774351862,0.803848924565195,1.01616368286445
simd,BenchmarkALPMatrix,integer-histogram,resets,120,8,regular,ALPv4,decode-float,legacy,1.2999340079190498,0.7693166818966394,1.01616368286445
simd,BenchmarkALPMatrix,integer-histogram,resets,120,8,regular,ALPv4,encode,legacy,0.27109352880108223,3.692361353331007,1.01616368286445
simd,BenchmarkALPMatrix,integer-histogram,smooth,1024,8,regular,ALPv3,decode,legacy,1.5132970908022334,0.6608669715649235,0.42063773250664305
simd,BenchmarkALPMatrix,integer-histogram,smooth,1024,8,regular,ALPv3,decode-float,legacy,1.5928422066102026,0.6277922831447637,0.42063773250664305
simd,BenchmarkALPMatrix,integer-histogram,smooth,1024,8,regular,ALPv3,encode,legacy,0.4667364077828337,2.143882175226586,0.42063773250664305
simd,BenchmarkALPMatrix,integer-histogram,smooth,1024,8,regular,ALPv4,decode,legacy,1.507538056206089,0.6634519785245575,0.4248007085916741
simd,BenchmarkALPMatrix,integer-histogram,smooth,1024,8,regular,ALPv4,decode-float,legacy,1.5827466104608576,0.6317570834542114,0.4248007085916741
simd,BenchmarkALPMatrix,integer-histogram,smooth,1024,8,regular,ALPv4,encode,legacy,0.43703485669524883,2.2892749244712993,0.4248007085916741
simd,BenchmarkALPMatrix,integer-histogram,smooth,120,1031,regular,ALPv3,decode,legacy,1.7674761446660254,0.5657546337157988,0.8840381991814461
simd,BenchmarkALPMatrix,integer-histogram,smooth,120,1031,regular,ALPv3,decode-float,legacy,1.8129255099306467,0.5516308432286187,0.8840381991814461
simd,BenchmarkALPMatrix,integer-histogram,smooth,120,1031,regular,ALPv3,encode,legacy,0.5619549395473584,1.779843254096768,0.8840381991814461
simd,BenchmarkALPMatrix,integer-histogram,smooth,120,1031,regular,ALPv4,decode,legacy,1.824496094903245,0.5481023830538394,0.9147339699863575
simd,BenchmarkALPMatrix,integer-histogram,smooth,120,1031,regular,ALPv4,decode-float,legacy,1.8288611898276586,0.5468209830151811,0.9147339699863575
simd,BenchmarkALPMatrix,integer-histogram,smooth,120,1031,regular,ALPv4,encode,legacy,0.5046225196352288,1.9819936524386295,0.9147339699863575
simd,BenchmarkALPMatrix,integer-histogram,smooth,120,128,regular,ALPv3,decode,legacy,1.7218465213956804,0.5806928034371643,0.8468288791384124
simd,BenchmarkALPMatrix,integer-histogram,smooth,120,128,regular,ALPv3,decode-float,legacy,1.7994009775458455,0.5557461406518011,0.8468288791384124
simd,BenchmarkALPMatrix,integer-histogram,smooth,120,128,regular,ALPv3,encode,legacy,0.5449087849824449,1.8346116970278044,0.8468288791384124
simd,BenchmarkALPMatrix,integer-histogram,smooth,120,128,regular,ALPv4,decode,legacy,1.7120826069464932,0.5840494092373792,0.8169126445951337
simd,BenchmarkALPMatrix,integer-histogram,smooth,120,128,regular,ALPv4,decode-float,legacy,1.8027466357394009,0.5546434697378093,0.8169126445951337
simd,BenchmarkALPMatrix,integer-histogram,smooth,120,128,regular,ALPv4,encode,legacy,0.4753130957172911,2.103547459252157,0.8169126445951337
simd,BenchmarkALPMatrix,integer-histogram,smooth,120,8,regular,ALPv3,decode,legacy,1.2035697057404728,0.831048581048581,0.6532466076034541
simd,BenchmarkALPMatrix,integer-histogram,smooth,120,8,regular,ALPv3,decode-cold,legacy,0.922500585343011,1.0807680585187442,0.6532466076034541
simd,BenchmarkALPMatrix,integer-histogram,smooth,120,8,regular,ALPv3,decode-float,legacy,1.2904845593773537,0.7748336640597642,0.6532466076034541
simd,BenchmarkALPMatrix,integer-histogram,smooth,120,8,regular,ALPv3,encode,legacy,0.4291301358088362,2.3318619582664524,0.6532466076034541
simd,BenchmarkALPMatrix,integer-histogram,smooth,120,8,regular,ALPv4,decode,legacy,1.1987987987987987,0.8341750841750842,0.6327240103173714
simd,BenchmarkALPMatrix,integer-histogram,smooth,120,8,regular,ALPv4,decode-cold,legacy,0.9140824375531668,1.0903179924819668,0.6327240103173714
simd,BenchmarkALPMatrix,integer-histogram,smooth,120,8,regular,ALPv4,decode-float,legacy,1.268822512959763,0.7881405392786274,0.6327240103173714
simd,BenchmarkALPMatrix,integer-histogram,smooth,120,8,regular,ALPv4,encode,legacy,0.3967497119243454,2.522471910112359,0.6327240103173714
simd,BenchmarkALPMatrix,integer-histogram,smooth,32,8,regular,ALPv3,decode,legacy,1.2430756510954941,0.8045977011494252,1.0638954624961416
simd,BenchmarkALPMatrix,integer-histogram,smooth,32,8,regular,ALPv3,decode-float,legacy,1.2961538461538462,0.7714948834265218,1.0638954624961416
simd,BenchmarkALPMatrix,integer-histogram,smooth,32,8,regular,ALPv3,encode,legacy,0.29178461142563045,3.4305408271474023,1.0638954624961416
simd,BenchmarkALPMatrix,integer-histogram,smooth,32,8,regular,ALPv4,decode,legacy,1.2446192052980132,0.8035334184759472,0.9710875604486059
simd,BenchmarkALPMatrix,integer-histogram,smooth,32,8,regular,ALPv4,decode-float,legacy,1.2933901918976547,0.7731828251925308,0.9710875604486059
simd,BenchmarkALPMatrix,integer-histogram,smooth,32,8,regular,ALPv4,encode,legacy,0.2660273329814065,3.7638741604807353,0.9710875604486059
simd,BenchmarkALPMatrix,integer-histogram,stale,120,128,regular,ALPv3,decode,legacy,1.6903791141945879,0.5915196822801075,1.6885379798529814
simd,BenchmarkALPMatrix,integer-histogram,stale,120,128,regular,ALPv3,decode-float,legacy,1.772591367409905,0.564102564102564,1.6885379798529814
simd,BenchmarkALPMatrix,integer-histogram,stale,120,128,regular,ALPv3,encode,legacy,0.45920254287144274,2.175930179145613,1.6885379798529814
simd,BenchmarkALPMatrix,integer-histogram,stale,120,128,regular,ALPv4,decode,legacy,1.6790064992325027,0.5954911809368065,1.2858698611489245
simd,BenchmarkALPMatrix,integer-histogram,stale,120,128,regular,ALPv4,decode-float,legacy,1.7790990933469544,0.5615169144580909,1.2858698611489245
simd,BenchmarkALPMatrix,integer-histogram,stale,120,128,regular,ALPv4,encode,legacy,0.39176162837734585,2.5507579237482774,1.2858698611489245
simd,BenchmarkALPMatrix,integer-histogram,stale,120,8,regular,ALPv3,decode,legacy,1.206667758846658,0.8289720388032935,1.8117647058823527
simd,BenchmarkALPMatrix,integer-histogram,stale,120,8,regular,ALPv3,decode-float,legacy,1.3314250484410781,0.7511121703209407,1.8117647058823527
simd,BenchmarkALPMatrix,integer-histogram,stale,120,8,regular,ALPv3,encode,legacy,0.23758820438810596,4.2092866756393,1.8117647058823527
simd,BenchmarkALPMatrix,integer-histogram,stale,120,8,regular,ALPv4,decode,legacy,1.21633225992899,0.8225319964131411,1.6199095022624432
simd,BenchmarkALPMatrix,integer-histogram,stale,120,8,regular,ALPv4,decode-float,legacy,1.3440917578020806,0.744280266920877,1.6199095022624432
simd,BenchmarkALPMatrix,integer-histogram,stale,120,8,regular,ALPv4,encode,legacy,0.20617652320957586,4.851278600269178,1.6199095022624432
