backend,suite,family,pattern,samples,buckets,timing,codec,operation,observations,benchmark,ns/op,MB/s,chunks/op,cpu-%core,cpu-ns/sample,encoded-B/sample,samples/op,sys-cpu-ns/sample,user-cpu-ns/sample,B/op,allocs/op,min-ns/op,max-ns/op,M-samples/s,cpu-seconds/M-samples,numeric-B/sample,numeric-compression-ratio,accepted-%
scalar,BenchmarkALPMatrix,float-histogram,bursty,1024,8,regular,ALPv3,decode,6,BenchmarkALPMatrix/float-histogram/bursty/n=1024/buckets=8/time=regular/ALPv3/decode,27543.5,3271.665,1.0,100.0,26.9,25.34,1024.0,0.13005,26.78,0.0,0.0,27456.0,27756.0,37.177555503113254,0.0269,88.0,3.472770323599053,
scalar,BenchmarkALPMatrix,float-histogram,bursty,1024,8,regular,ALPv3,encode,6,BenchmarkALPMatrix/float-histogram/bursty/n=1024/buckets=8/time=regular/ALPv3/encode,570733.0,157.89,1.0,99.61500000000001,554.0,25.34,1024.0,5.925000000000001,547.1,182976.0,55.0,555319.0,613974.0,1.7941839704380156,0.554,88.0,3.472770323599053,
scalar,BenchmarkALPMatrix,float-histogram,bursty,1024,8,regular,ALPv4,decode,6,BenchmarkALPMatrix/float-histogram/bursty/n=1024/buckets=8/time=regular/ALPv4/decode,36185.0,2490.315,1.0,100.0,35.335,15.56,1024.0,0.1903,35.15,0.0,0.0,36147.0,36365.0,28.29901893049606,0.035335,88.0,5.655526992287918,
scalar,BenchmarkALPMatrix,float-histogram,bursty,1024,8,regular,ALPv4,encode,6,BenchmarkALPMatrix/float-histogram/bursty/n=1024/buckets=8/time=regular/ALPv4/encode,621612.0,144.96499999999997,1.0,99.83,606.0,15.56,1024.0,3.0625,602.95,172096.0,55.0,617128.0,624804.0,1.6473298456271759,0.606,88.0,5.655526992287918,
scalar,BenchmarkALPMatrix,float-histogram,bursty,1024,8,regular,legacy,decode,6,BenchmarkALPMatrix/float-histogram/bursty/n=1024/buckets=8/time=regular/legacy/decode,78677.0,1145.385,1.0,99.805,76.685,24.82,1024.0,0.28254999999999997,76.405,16.0,2.0,77720.0,156348.0,13.015239523621897,0.076685,88.0,3.5455278001611603,
scalar,BenchmarkALPMatrix,float-histogram,bursty,1024,8,regular,legacy,encode,6,BenchmarkALPMatrix/float-histogram/bursty/n=1024/buckets=8/time=regular/legacy/encode,219416.5,410.69,1.0,99.62,213.5,24.82,1024.0,0.6907000000000001,212.85,114032.0,24.0,217566.0,232156.0,4.666923408221351,0.2135,88.0,3.5455278001611603,
scalar,BenchmarkALPMatrix,float-histogram,bursty,120,128,regular,ALPv3,decode,6,BenchmarkALPMatrix/float-histogram/bursty/n=120/buckets=128/time=regular/ALPv3/decode,23498.0,5351.85,1.0,100.0,195.8,230.2,120.0,0.6474,195.25,0.0,0.0,23459.0,23606.0,5.106817601498,0.1958,1048.0,4.552562988705474,
scalar,BenchmarkALPMatrix,float-histogram,bursty,120,128,regular,ALPv3,encode,6,BenchmarkALPMatrix/float-histogram/bursty/n=120/buckets=128/time=regular/ALPv3/encode,511732.5,245.755,1.0,99.81,4256.5,230.2,120.0,13.795,4240.5,167840.0,50.0,508523.0,518329.0,0.23449751579194208,4.2565,1048.0,4.552562988705474,
scalar,BenchmarkALPMatrix,float-histogram,bursty,120,128,regular,ALPv4,decode,6,BenchmarkALPMatrix/float-histogram/bursty/n=120/buckets=128/time=regular/ALPv4/decode,25187.5,4993.004999999999,1.0,100.0,209.9,204.2,120.0,0.7775000000000001,209.1,0.0,0.0,25147.0,25274.0,4.764267990074441,0.2099,1048.0,5.1322233104799215,
scalar,BenchmarkALPMatrix,float-histogram,bursty,120,128,regular,ALPv4,encode,6,BenchmarkALPMatrix/float-histogram/bursty/n=120/buckets=128/time=regular/ALPv4/encode,564977.5,222.605,1.0,99.845,4701.0,204.2,120.0,19.605,4681.0,163744.0,50.0,560336.0,579153.0,0.21239783885198968,4.701,1048.0,5.1322233104799215,
scalar,BenchmarkALPMatrix,float-histogram,bursty,120,128,regular,legacy,decode,6,BenchmarkALPMatrix/float-histogram/bursty/n=120/buckets=128/time=regular/legacy/decode,75864.0,1657.78,1.0,100.0,632.25,169.2,120.0,1.616,630.55,16.0,2.0,74836.0,81905.0,1.5817779183802594,0.63225,1048.0,6.193853427895982,
scalar,BenchmarkALPMatrix,float-histogram,bursty,120,128,regular,legacy,encode,6,BenchmarkALPMatrix/float-histogram/bursty/n=120/buckets=128/time=regular/legacy/encode,266948.0,471.205,1.0,99.84,2221.0,169.2,120.0,5.2925,2215.5,87280.0,23.0,258195.0,288092.0,0.44952575033339826,2.221,1048.0,6.193853427895982,
scalar,BenchmarkALPMatrix,float-histogram,bursty,120,8,regular,ALPv3,decode,6,BenchmarkALPMatrix/float-histogram/bursty/n=120/buckets=8/time=regular/ALPv3/decode,3402.0,3103.855,1.0,100.0,28.354999999999997,22.76,120.0,0.10655,28.25,0.0,0.0,3389.0,3422.0,35.27336860670194,0.028354999999999998,88.0,3.8664323374340945,
scalar,BenchmarkALPMatrix,float-histogram,bursty,120,8,regular,ALPv3,encode,6,BenchmarkALPMatrix/float-histogram/bursty/n=120/buckets=8/time=regular/ALPv3/encode,53216.0,198.45,1.0,99.85,442.8,22.76,120.0,1.7635,440.95,16832.0,42.0,52743.0,53749.0,2.254960914010824,0.4428,88.0,3.8664323374340945,
scalar,BenchmarkALPMatrix,float-histogram,bursty,120,8,regular,ALPv4,decode,6,BenchmarkALPMatrix/float-histogram/bursty/n=120/buckets=8/time=regular/ALPv4/decode,4535.0,2328.415,1.0,100.0,37.795,15.59,120.0,0.1487,37.64,0.0,0.0,4529.0,4569.0,26.460859977949283,0.037795,88.0,5.644644002565747,
scalar,BenchmarkALPMatrix,float-histogram,bursty,120,8,regular,ALPv4,encode,6,BenchmarkALPMatrix/float-histogram/bursty/n=120/buckets=8/time=regular/ALPv4/encode,63120.0,167.3,1.0,99.85499999999999,525.2,15.59,120.0,2.4975,522.7,19904.0,43.0,62906.0,63529.0,1.9011406844106464,0.5252,88.0,5.644644002565747,
scalar,BenchmarkALPMatrix,float-histogram,bursty,120,8,regular,legacy,decode,6,BenchmarkALPMatrix/float-histogram/bursty/n=120/buckets=8/time=regular/legacy/decode,7327.0,1441.2649999999999,1.0,100.0,61.055,20.66,120.0,0.2308,60.87,16.0,2.0,7314.0,7350.0,16.377780810700152,0.061055,88.0,4.259438528557599,
scalar,BenchmarkALPMatrix,float-histogram,bursty,120,8,regular,legacy,encode,6,BenchmarkALPMatrix/float-histogram/bursty/n=120/buckets=8/time=regular/legacy/encode,25910.0,407.565,1.0,99.83,215.5,20.66,120.0,0.87375,214.89999999999998,9072.0,16.0,25611.0,26188.0,4.631416441528367,0.2155,88.0,4.259438528557599,
scalar,BenchmarkALPMatrix,float-histogram,bursty,32,8,regular,ALPv3,decode,6,BenchmarkALPMatrix/float-histogram/bursty/n=32/buckets=8/time=regular/ALPv3/decode,1008.0,2793.795,1.0,100.0,31.505000000000003,23.34,32.0,0.13835,31.345,0.0,0.0,1006.0,1012.0,31.746031746031747,0.031505000000000005,88.0,3.770351328191945,
scalar,BenchmarkALPMatrix,float-histogram,bursty,32,8,regular,ALPv3,encode,6,BenchmarkALPMatrix/float-histogram/bursty/n=32/buckets=8/time=regular/ALPv3/encode,21263.0,132.45499999999998,1.0,99.89,663.7,23.34,32.0,6.58,657.3,5408.0,38.0,20903.0,21746.0,1.5049616705074542,0.6637000000000001,88.0,3.770351328191945,
scalar,BenchmarkALPMatrix,float-histogram,bursty,32,8,regular,ALPv4,decode,6,BenchmarkALPMatrix/float-histogram/bursty/n=32/buckets=8/time=regular/ALPv4/decode,1382.5,2036.6999999999998,1.0,100.0,43.205,16.0,32.0,0.1578,43.05,0.0,0.0,1380.0,1384.0,23.146473779385172,0.043205,88.0,5.5,
scalar,BenchmarkALPMatrix,float-histogram,bursty,32,8,regular,ALPv4,encode,6,BenchmarkALPMatrix/float-histogram/bursty/n=32/buckets=8/time=regular/ALPv4/encode,24105.0,116.82499999999999,1.0,99.88499999999999,752.4,16.0,32.0,2.9705,749.2,6304.0,39.0,23246.0,24454.0,1.3275254096660445,0.7524,88.0,5.5,
scalar,BenchmarkALPMatrix,float-histogram,bursty,32,8,regular,legacy,decode,6,BenchmarkALPMatrix/float-histogram/bursty/n=32/buckets=8/time=regular/legacy/decode,2067.0,1362.48,1.0,100.0,64.59,21.62,32.0,0.6447499999999999,63.980000000000004,16.0,2.0,2053.0,2071.0,15.481373971940009,0.06459000000000001,88.0,4.070305272895467,
scalar,BenchmarkALPMatrix,float-histogram,bursty,32,8,regular,legacy,encode,6,BenchmarkALPMatrix/float-histogram/bursty/n=32/buckets=8/time=regular/legacy/encode,7874.5,357.605,1.0,99.84,245.7,21.62,32.0,2.5780000000000003,243.2,2544.0,13.0,7858.0,7910.0,4.063750079370119,0.2457,88.0,4.070305272895467,
scalar,BenchmarkALPMatrix,float-histogram,fractional,120,128,regular,ALPv3,decode,6,BenchmarkALPMatrix/float-histogram/fractional/n=120/buckets=128/time=regular/ALPv3/decode,23069.0,5451.469999999999,1.0,100.0,192.25,225.1,120.0,0.78735,191.4,0.0,0.0,23046.0,23082.0,5.201785946508301,0.19225,1048.0,4.655708573967126,
scalar,BenchmarkALPMatrix,float-histogram,fractional,120,128,regular,ALPv3,encode,6,BenchmarkALPMatrix/float-histogram/fractional/n=120/buckets=128/time=regular/ALPv3/encode,787739.5,159.64999999999998,1.0,99.35499999999999,6522.0,225.1,120.0,32.56,6490.0,663456.0,55.0,781922.0,795774.0,0.15233462331138656,6.522,1048.0,4.655708573967126,
scalar,BenchmarkALPMatrix,float-histogram,fractional,120,128,regular,ALPv4,decode,6,BenchmarkALPMatrix/float-histogram/fractional/n=120/buckets=128/time=regular/ALPv4/decode,23056.5,5454.39,1.0,100.0,192.2,225.1,120.0,0.8066,191.35000000000002,0.0,0.0,23042.0,23203.0,5.204606076377594,0.19219999999999998,1048.0,4.655708573967126,
scalar,BenchmarkALPMatrix,float-histogram,fractional,120,128,regular,ALPv4,encode,6,BenchmarkALPMatrix/float-histogram/fractional/n=120/buckets=128/time=regular/ALPv4/encode,830837.0,151.365,1.0,99.4,6881.5,225.1,120.0,37.379999999999995,6843.0,663456.0,55.0,829917.0,840990.0,0.1444326624837363,6.8815,1048.0,4.655708573967126,
scalar,BenchmarkALPMatrix,float-histogram,fractional,120,128,regular,legacy,decode,6,BenchmarkALPMatrix/float-histogram/fractional/n=120/buckets=128/time=regular/legacy/decode,124940.5,1006.56,1.0,99.99,1041.0,943.0,120.0,3.8625,1038.0,16.0,2.0,124629.0,125417.0,0.9604571776165455,1.041,1048.0,1.1113467656415694,
scalar,BenchmarkALPMatrix,float-histogram,fractional,120,128,regular,legacy,encode,6,BenchmarkALPMatrix/float-histogram/fractional/n=120/buckets=128/time=regular/legacy/encode,429460.5,292.83500000000004,1.0,99.05000000000001,3544.5,943.0,120.0,24.865000000000002,3520.0,517360.0,29.0,428969.0,437093.0,0.27942034249948483,3.5445,1048.0,1.1113467656415694,
scalar,BenchmarkALPMatrix,float-histogram,fractional,120,8,regular,ALPv3,decode,6,BenchmarkALPMatrix/float-histogram/fractional/n=120/buckets=8/time=regular/ALPv3/decode,3473.5,3039.875,1.0,100.0,28.95,32.19,120.0,0.11505,28.835,0.0,0.0,3469.0,3561.0,34.54728659853174,0.02895,88.0,2.7337682510096304,
scalar,BenchmarkALPMatrix,float-histogram,fractional,120,8,regular,ALPv3,encode,6,BenchmarkALPMatrix/float-histogram/fractional/n=120/buckets=8/time=regular/ALPv3/encode,93569.0,112.86,1.0,99.58,776.55,32.19,120.0,4.515499999999999,771.85,63040.0,47.0,93020.0,93995.0,1.2824760337291197,0.77655,88.0,2.7337682510096304,
scalar,BenchmarkALPMatrix,float-histogram,fractional,120,8,regular,ALPv4,decode,6,BenchmarkALPMatrix/float-histogram/fractional/n=120/buckets=8/time=regular/ALPv4/decode,3477.5,3036.865,1.0,100.0,28.975,32.19,120.0,0.13605,28.845,0.0,0.0,3467.0,3481.0,34.507548526240114,0.028975,88.0,2.7337682510096304,
scalar,BenchmarkALPMatrix,float-histogram,fractional,120,8,regular,ALPv4,encode,6,BenchmarkALPMatrix/float-histogram/fractional/n=120/buckets=8/time=regular/ALPv4/encode,97366.0,108.46000000000001,1.0,99.6,808.05,32.19,120.0,4.15,803.75,63040.0,47.0,96914.0,98005.0,1.2324630774603045,0.8080499999999999,88.0,2.7337682510096304,
scalar,BenchmarkALPMatrix,float-histogram,fractional,120,8,regular,legacy,decode,6,BenchmarkALPMatrix/float-histogram/fractional/n=120/buckets=8/time=regular/legacy/decode,10935.5,965.69,1.0,100.0,91.13499999999999,79.88,120.0,0.40669999999999995,90.83500000000001,16.0,2.0,10925.0,10980.0,10.973435142426043,0.091135,88.0,1.1016524787180773,
scalar,BenchmarkALPMatrix,float-histogram,fractional,120,8,regular,legacy,encode,6,BenchmarkALPMatrix/float-histogram/fractional/n=120/buckets=8/time=regular/legacy/encode,38531.0,274.065,1.0,99.155,318.5,79.88,120.0,2.141,316.35,47216.0,21.0,38470.0,38825.0,3.114375437959046,0.3185,88.0,1.1016524787180773,
scalar,BenchmarkALPMatrix,float-histogram,gauge,120,128,regular,ALPv3,decode,6,BenchmarkALPMatrix/float-histogram/gauge/n=120/buckets=128/time=regular/ALPv3/decode,24350.5,5164.54,1.0,100.0,202.9,249.4,120.0,0.9319500000000001,201.95,0.0,0.0,24332.0,24406.0,4.928030225252048,0.2029,1048.0,4.202085004009623,
scalar,BenchmarkALPMatrix,float-histogram,gauge,120,128,regular,ALPv3,encode,6,BenchmarkALPMatrix/float-histogram/gauge/n=120/buckets=128/time=regular/ALPv3/encode,498075.5,252.49,1.0,99.7,4137.5,249.4,120.0,27.229999999999997,4108.5,236688.0,289.0,497131.0,500738.0,0.2409273292904389,4.1375,1048.0,4.202085004009623,
scalar,BenchmarkALPMatrix,float-histogram,gauge,120,128,regular,ALPv4,decode,6,BenchmarkALPMatrix/float-histogram/gauge/n=120/buckets=128/time=regular/ALPv4/decode,25213.0,4987.98,1.0,99.995,210.05,244.8,120.0,0.8400000000000001,209.25,0.0,0.0,25193.0,25428.0,4.759449490342284,0.21005000000000001,1048.0,4.281045751633987,
scalar,BenchmarkALPMatrix,float-histogram,gauge,120,128,regular,ALPv4,encode,6,BenchmarkALPMatrix/float-histogram/gauge/n=120/buckets=128/time=regular/ALPv4/encode,544927.0,230.785,1.0,99.72,4527.0,244.8,120.0,22.525,4502.5,236688.0,289.0,542892.0,548894.0,0.2202129826563925,4.527,1048.0,4.281045751633987,
scalar,BenchmarkALPMatrix,float-histogram,gauge,120,128,regular,legacy,decode,6,BenchmarkALPMatrix/float-histogram/gauge/n=120/buckets=128/time=regular/legacy/decode,99828.5,1259.7649999999999,1.0,100.0,831.8,323.6,120.0,3.4459999999999997,827.95,16.0,2.0,99623.0,100056.0,1.2020615355334399,0.8318,1048.0,3.2385661310259577,
scalar,BenchmarkALPMatrix,float-histogram,gauge,120,128,regular,legacy,encode,6,BenchmarkALPMatrix/float-histogram/gauge/n=120/buckets=128/time=regular/legacy/encode,265197.0,474.21500000000003,1.0,99.58500000000001,2200.5,323.6,120.0,12.895,2187.5,158816.0,263.0,263146.0,267752.0,0.45249380649102366,2.2005,1048.0,3.2385661310259577,
scalar,BenchmarkALPMatrix,float-histogram,gauge,120,8,regular,ALPv3,decode,6,BenchmarkALPMatrix/float-histogram/gauge/n=120/buckets=8/time=regular/ALPv3/decode,3324.5,3176.595,1.0,100.0,27.7,23.96,120.0,0.10001499999999999,27.6,0.0,0.0,3300.0,3339.0,36.09565348172657,0.0277,88.0,3.672787979966611,
scalar,BenchmarkALPMatrix,float-histogram,gauge,120,8,regular,ALPv3,encode,6,BenchmarkALPMatrix/float-histogram/gauge/n=120/buckets=8/time=regular/ALPv3/encode,54816.0,192.64499999999998,1.0,99.75,455.70000000000005,23.96,120.0,1.8035,453.65,24240.0,281.0,54549.0,55454.0,2.189141856392294,0.45570000000000005,88.0,3.672787979966611,
scalar,BenchmarkALPMatrix,float-histogram,gauge,120,8,regular,ALPv4,decode,6,BenchmarkALPMatrix/float-histogram/gauge/n=120/buckets=8/time=regular/ALPv4/decode,3287.0,3212.745,1.0,100.0,27.39,23.96,120.0,0.1077,27.28,0.0,0.0,3280.0,3289.0,36.507453605111046,0.02739,88.0,3.672787979966611,
scalar,BenchmarkALPMatrix,float-histogram,gauge,120,8,regular,ALPv4,encode,6,BenchmarkALPMatrix/float-histogram/gauge/n=120/buckets=8/time=regular/ALPv4/encode,63808.5,165.495,1.0,99.73,530.4,23.96,120.0,2.2165,528.0,29616.0,282.0,63340.0,64182.0,1.8806271891675874,0.5304,88.0,3.672787979966611,
scalar,BenchmarkALPMatrix,float-histogram,gauge,120,8,regular,legacy,decode,6,BenchmarkALPMatrix/float-histogram/gauge/n=120/buckets=8/time=regular/legacy/decode,8793.0,1200.96,1.0,99.995,73.275,30.62,120.0,0.249,73.00999999999999,16.0,2.0,8785.0,8809.0,13.647219379051519,0.073275,88.0,2.8739386022207705,
scalar,BenchmarkALPMatrix,float-histogram,gauge,120,8,regular,legacy,encode,6,BenchmarkALPMatrix/float-histogram/gauge/n=120/buckets=8/time=regular/legacy/encode,26404.0,399.945,1.0,99.66499999999999,219.3,30.62,120.0,0.915,218.35000000000002,15072.0,255.0,26342.0,26786.0,4.5447659445538555,0.21930000000000002,88.0,2.8739386022207705,
scalar,BenchmarkALPMatrix,float-histogram,layout,120,128,regular,ALPv3,decode,6,BenchmarkALPMatrix/float-histogram/layout/n=120/buckets=128/time=regular/ALPv3/decode,23489.0,5394.875,2.0,100.0,195.75,253.0,120.0,0.46485,195.3,0.0,0.0,23455.0,23751.0,5.108774319894419,0.19575,1056.0,4.173913043478261,
scalar,BenchmarkALPMatrix,float-histogram,layout,120,128,regular,ALPv3,encode,6,BenchmarkALPMatrix/float-histogram/layout/n=120/buckets=128/time=regular/ALPv3/encode,500976.5,252.95,2.0,99.74000000000001,4164.0,253.0,120.0,16.27,4147.5,193768.0,93.0,498519.0,563318.0,0.2395321936258487,4.164,1056.0,4.173913043478261,
scalar,BenchmarkALPMatrix,float-histogram,layout,120,128,regular,ALPv4,decode,6,BenchmarkALPMatrix/float-histogram/layout/n=120/buckets=128/time=regular/ALPv4/decode,37613.5,3369.0550000000003,2.0,99.995,313.0,96.88,120.0,0.75955,312.05,0.0,0.0,37076.0,44216.0,3.190343892485411,0.313,1056.0,10.900082576383156,
scalar,BenchmarkALPMatrix,float-histogram,layout,120,128,regular,ALPv4,encode,6,BenchmarkALPMatrix/float-histogram/layout/n=120/buckets=128/time=regular/ALPv4/encode,629633.5,201.41500000000002,2.0,99.88,5241.0,96.88,120.0,12.879999999999999,5228.5,142568.0,91.0,604264.0,680479.0,0.19058706374422582,5.241,1056.0,10.900082576383156,
scalar,BenchmarkALPMatrix,float-histogram,layout,120,128,regular,legacy,decode,6,BenchmarkALPMatrix/float-histogram/layout/n=120/buckets=128/time=regular/legacy/decode,100028.5,1266.8400000000001,2.0,100.0,833.55,186.3,120.0,3.7824999999999998,829.3,32.0,4.0,99331.0,100239.0,1.199658097442229,0.8335499999999999,1056.0,5.668276972624798,
scalar,BenchmarkALPMatrix,float-histogram,layout,120,128,regular,legacy,encode,6,BenchmarkALPMatrix/float-histogram/layout/n=120/buckets=128/time=regular/legacy/encode,286131.0,442.875,2.0,99.81,2380.5,186.3,120.0,12.49,2369.0,98248.0,41.0,282576.0,289452.0,0.41938832213217025,2.3805,1056.0,5.668276972624798,
scalar,BenchmarkALPMatrix,float-histogram,layout,120,8,regular,ALPv3,decode,6,BenchmarkALPMatrix/float-histogram/layout/n=120/buckets=8/time=regular/ALPv3/decode,3653.0,3153.715,2.0,99.99,30.439999999999998,20.47,120.0,0.074625,30.365000000000002,0.0,0.0,3648.0,3670.0,32.849712565015054,0.03044,96.0,4.689789936492428,
scalar,BenchmarkALPMatrix,float-histogram,layout,120,8,regular,ALPv3,encode,6,BenchmarkALPMatrix/float-histogram/layout/n=120/buckets=8/time=regular/ALPv3/encode,66426.0,173.425,2.0,99.88499999999999,552.25,20.47,120.0,1.524,550.8,15944.0,77.0,66188.0,67107.0,1.8065215427693975,0.55225,96.0,4.689789936492428,
scalar,BenchmarkALPMatrix,float-histogram,layout,120,8,regular,ALPv4,decode,6,BenchmarkALPMatrix/float-histogram/layout/n=120/buckets=8/time=regular/ALPv4/decode,4963.5,2320.98,2.0,99.99,41.36,13.15,120.0,0.1063,41.22,0.0,0.0,4949.0,4980.0,24.176488365064973,0.04136,96.0,7.300380228136882,
scalar,BenchmarkALPMatrix,float-histogram,layout,120,8,regular,ALPv4,encode,6,BenchmarkALPMatrix/float-histogram/layout/n=120/buckets=8/time=regular/ALPv4/encode,76587.5,150.41500000000002,2.0,99.905,637.6500000000001,13.15,120.0,1.7185000000000001,635.9,17096.0,78.0,76271.0,77913.0,1.5668353190794841,0.63765,96.0,7.300380228136882,
scalar,BenchmarkALPMatrix,float-histogram,layout,120,8,regular,legacy,decode,6,BenchmarkALPMatrix/float-histogram/layout/n=120/buckets=8/time=regular/legacy/decode,9498.0,1212.87,2.0,99.99,79.14500000000001,22.52,120.0,0.1884,78.945,32.0,4.0,9492.0,9523.0,12.634238787113077,0.07914500000000001,96.0,4.262877442273535,
scalar,BenchmarkALPMatrix,float-histogram,layout,120,8,regular,legacy,encode,6,BenchmarkALPMatrix/float-histogram/layout/n=120/buckets=8/time=regular/legacy/encode,30870.5,373.17499999999995,2.0,99.875,256.95000000000005,22.52,120.0,0.6504000000000001,256.29999999999995,7656.0,27.0,30733.0,30990.0,3.887206232487326,0.25695000000000007,96.0,4.262877442273535,
scalar,BenchmarkALPMatrix,float-histogram,noisy-fractional,120,128,regular,ALPv3,decode,6,BenchmarkALPMatrix/float-histogram/noisy-fractional/n=120/buckets=128/time=regular/ALPv3/decode,35750.5,3517.685,1.0,99.99,297.9,832.6,120.0,1.0221,296.8,0.0,0.0,35481.0,35916.0,3.3565964112390034,0.2979,1048.0,1.2587076627432139,
scalar,BenchmarkALPMatrix,float-histogram,noisy-fractional,120,128,regular,ALPv3,encode,6,BenchmarkALPMatrix/float-histogram/noisy-fractional/n=120/buckets=128/time=regular/ALPv3/encode,873728.0,143.935,1.0,99.32499999999999,7233.5,832.6,120.0,37.97,7195.5,742690.0,55.0,868266.0,877775.0,0.13734251391737473,7.2335,1048.0,1.2587076627432139,
scalar,BenchmarkALPMatrix,float-histogram,noisy-fractional,120,128,regular,ALPv4,decode,6,BenchmarkALPMatrix/float-histogram/noisy-fractional/n=120/buckets=128/time=regular/ALPv4/decode,35954.5,3497.76,1.0,100.0,299.65,832.6,120.0,1.0386,298.3,0.0,0.0,35852.0,35983.0,3.3375516277517416,0.29964999999999997,1048.0,1.2587076627432139,
scalar,BenchmarkALPMatrix,float-histogram,noisy-fractional,120,128,regular,ALPv4,encode,6,BenchmarkALPMatrix/float-histogram/noisy-fractional/n=120/buckets=128/time=regular/ALPv4/encode,873371.5,143.995,1.0,99.35,7232.0,832.6,120.0,46.165,7182.5,742690.0,55.0,868403.0,881456.0,0.1373985755202683,7.232,1048.0,1.2587076627432139,
scalar,BenchmarkALPMatrix,float-histogram,noisy-fractional,120,128,regular,legacy,decode,6,BenchmarkALPMatrix/float-histogram/noisy-fractional/n=120/buckets=128/time=regular/legacy/decode,124151.5,1012.96,1.0,100.0,1034.5,940.9,120.0,3.792,1030.5,16.0,2.0,124037.0,124271.0,0.966561016177815,1.0345,1048.0,1.1138271867361038,
scalar,BenchmarkALPMatrix,float-histogram,noisy-fractional,120,128,regular,legacy,encode,6,BenchmarkALPMatrix/float-histogram/noisy-fractional/n=120/buckets=128/time=regular/legacy/encode,411391.5,305.695,1.0,98.955,3392.0,940.9,120.0,19.03,3373.0,517360.0,29.0,410212.0,420920.0,0.2916929494167964,3.392,1048.0,1.1138271867361038,
scalar,BenchmarkALPMatrix,float-histogram,noisy-fractional,120,8,regular,ALPv3,decode,6,BenchmarkALPMatrix/float-histogram/noisy-fractional/n=120/buckets=8/time=regular/ALPv3/decode,4634.5,2282.535,1.0,99.985,38.620000000000005,73.67,120.0,0.10555500000000001,38.535,0.0,0.0,4321.0,10223.0,25.892760815621966,0.03862,88.0,1.1945160852450114,
scalar,BenchmarkALPMatrix,float-histogram,noisy-fractional,120,8,regular,ALPv3,encode,6,BenchmarkALPMatrix/float-histogram/noisy-fractional/n=120/buckets=8/time=regular/ALPv3/encode,85097.5,124.095,1.0,99.435,704.8,73.67,120.0,3.4935,700.95,68416.0,47.0,84480.0,85421.0,1.4101471841123416,0.7048,88.0,1.1945160852450114,
scalar,BenchmarkALPMatrix,float-histogram,noisy-fractional,120,8,regular,ALPv4,decode,6,BenchmarkALPMatrix/float-histogram/noisy-fractional/n=120/buckets=8/time=regular/ALPv4/decode,4417.0,2392.65,1.0,100.0,36.81,73.67,120.0,0.083825,36.73,0.0,0.0,4178.0,4612.0,27.16776092370387,0.03681,88.0,1.1945160852450114,
scalar,BenchmarkALPMatrix,float-histogram,noisy-fractional,120,8,regular,ALPv4,encode,6,BenchmarkALPMatrix/float-histogram/noisy-fractional/n=120/buckets=8/time=regular/ALPv4/encode,81294.5,129.89999999999998,1.0,99.405,672.8,73.67,120.0,3.2815000000000003,669.4,68416.0,47.0,79752.0,82812.0,1.4761146203002664,0.6728,88.0,1.1945160852450114,
scalar,BenchmarkALPMatrix,float-histogram,noisy-fractional,120,8,regular,legacy,decode,6,BenchmarkALPMatrix/float-histogram/noisy-fractional/n=120/buckets=8/time=regular/legacy/decode,10956.0,963.8499999999999,1.0,99.995,91.3,79.34,120.0,0.27545000000000003,91.065,16.0,2.0,10909.0,11052.0,10.95290251916758,0.09129999999999999,88.0,1.1091504915553314,
scalar,BenchmarkALPMatrix,float-histogram,noisy-fractional,120,8,regular,legacy,encode,6,BenchmarkALPMatrix/float-histogram/noisy-fractional/n=120/buckets=8/time=regular/legacy/encode,34468.5,306.365,1.0,98.99000000000001,284.25,79.34,120.0,1.5255,282.8,47216.0,21.0,34415.0,34620.0,3.4814395752643716,0.28425,88.0,1.1091504915553314,
scalar,BenchmarkALPMatrix,float-histogram,resets,120,128,regular,ALPv3,decode,6,BenchmarkALPMatrix/float-histogram/resets/n=120/buckets=128/time=regular/ALPv3/decode,23347.5,5386.395,4.0,99.995,194.55,222.7,120.0,0.82995,193.7,0.0,0.0,23334.0,23415.0,5.139736588499839,0.19455,1048.0,4.705882352941177,
scalar,BenchmarkALPMatrix,float-histogram,resets,120,128,regular,ALPv3,encode,6,BenchmarkALPMatrix/float-histogram/resets/n=120/buckets=128/time=regular/ALPv3/encode,518303.5,242.64,4.0,99.785,4310.5,222.7,120.0,17.67,4295.0,175984.0,169.0,513902.0,542472.0,0.2315245797105364,4.3105,1048.0,4.705882352941177,
scalar,BenchmarkALPMatrix,float-histogram,resets,120,128,regular,ALPv4,decode,6,BenchmarkALPMatrix/float-histogram/resets/n=120/buckets=128/time=regular/ALPv4/decode,35259.0,3566.76,4.0,99.995,293.85,92.23,120.0,0.6287,293.20000000000005,0.0,0.0,35224.0,35689.0,3.4033863694375905,0.29385,1048.0,11.362897105063428,
scalar,BenchmarkALPMatrix,float-histogram,resets,120,128,regular,ALPv4,encode,6,BenchmarkALPMatrix/float-histogram/resets/n=120/buckets=128/time=regular/ALPv4/encode,625323.0,201.125,4.0,99.86,5204.0,92.23,120.0,13.440000000000001,5190.5,161136.0,169.0,612388.0,633996.0,0.19190082565330238,5.204,1048.0,11.362897105063428,
scalar,BenchmarkALPMatrix,float-histogram,resets,120,128,regular,legacy,decode,6,BenchmarkALPMatrix/float-histogram/resets/n=120/buckets=128/time=regular/legacy/decode,96672.0,1300.905,4.0,100.0,805.5999999999999,213.7,120.0,3.9370000000000003,801.7,64.0,8.0,96421.0,98257.0,1.2413108242303872,0.8055999999999999,1048.0,4.904071127749181,
scalar,BenchmarkALPMatrix,float-histogram,resets,120,128,regular,legacy,encode,6,BenchmarkALPMatrix/float-histogram/resets/n=120/buckets=128/time=regular/legacy/encode,296765.0,423.77,4.0,99.78,2468.0,213.7,120.0,13.215,2453.0,108592.0,69.0,294036.0,300291.0,0.40436035246744056,2.468,1048.0,4.904071127749181,
scalar,BenchmarkALPMatrix,float-histogram,resets,120,8,regular,ALPv3,decode,6,BenchmarkALPMatrix/float-histogram/resets/n=120/buckets=8/time=regular/ALPv3/decode,3619.5,2917.7700000000004,4.0,99.995,30.16,18.77,120.0,0.0864,30.064999999999998,0.0,0.0,3612.0,3641.0,33.15375051802735,0.03016,88.0,4.688332445391582,
scalar,BenchmarkALPMatrix,float-histogram,resets,120,8,regular,ALPv3,encode,6,BenchmarkALPMatrix/float-histogram/resets/n=120/buckets=8/time=regular/ALPv3/encode,84293.5,125.28,4.0,99.89500000000001,701.7,18.77,120.0,2.083,699.7,20208.0,145.0,80488.0,84671.0,1.4235973117737428,0.7017,88.0,4.688332445391582,
scalar,BenchmarkALPMatrix,float-histogram,resets,120,8,regular,ALPv4,decode,6,BenchmarkALPMatrix/float-histogram/resets/n=120/buckets=8/time=regular/ALPv4/decode,5242.5,2014.35,4.0,99.985,43.68,14.47,120.0,0.12135000000000001,43.57,0.0,0.0,5214.0,5267.0,22.889842632331902,0.04368,88.0,6.08154803040774,
scalar,BenchmarkALPMatrix,float-histogram,resets,120,8,regular,ALPv4,encode,6,BenchmarkALPMatrix/float-histogram/resets/n=120/buckets=8/time=regular/ALPv4/encode,95182.5,110.945,4.0,99.91,792.45,14.47,120.0,2.1715,790.3,19696.0,145.0,93301.0,95436.0,1.2607359546135057,0.7924500000000001,88.0,6.08154803040774,
scalar,BenchmarkALPMatrix,float-histogram,resets,120,8,regular,legacy,decode,6,BenchmarkALPMatrix/float-histogram/resets/n=120/buckets=8/time=regular/legacy/decode,9015.0,1171.355,4.0,100.0,75.13,24.01,120.0,0.2028,74.945,64.0,8.0,9002.0,9046.0,13.311148086522463,0.07513,88.0,3.665139525197834,
scalar,BenchmarkALPMatrix,float-histogram,resets,120,8,regular,legacy,encode,6,BenchmarkALPMatrix/float-histogram/resets/n=120/buckets=8/time=regular/legacy/encode,31539.5,334.82,4.0,99.86,262.45,24.01,120.0,0.85805,261.55,9264.0,45.0,31446.0,31729.0,3.804752770335611,0.26244999999999996,88.0,3.665139525197834,
scalar,BenchmarkALPMatrix,float-histogram,smooth,1024,8,regular,ALPv3,decode,6,BenchmarkALPMatrix/float-histogram/smooth/n=1024/buckets=8/time=regular/ALPv3/decode,27743.5,3248.04,1.0,100.0,27.09,21.46,1024.0,0.10541,26.985,0.0,0.0,27618.0,28288.0,36.90954638023321,0.02709,88.0,4.100652376514446,
scalar,BenchmarkALPMatrix,float-histogram,smooth,1024,8,regular,ALPv3,encode,6,BenchmarkALPMatrix/float-histogram/smooth/n=1024/buckets=8/time=regular/ALPv3/encode,434603.5,207.345,1.0,99.715,423.20000000000005,21.46,1024.0,2.05,421.3,180288.0,55.0,432280.0,436480.0,2.356170624488758,0.4232,88.0,4.100652376514446,
scalar,BenchmarkALPMatrix,float-histogram,smooth,1024,8,regular,ALPv4,decode,6,BenchmarkALPMatrix/float-histogram/smooth/n=1024/buckets=8/time=regular/ALPv4/decode,36196.5,2489.515,1.0,100.0,35.355000000000004,11.55,1024.0,0.11925,35.235,0.0,0.0,36119.0,36345.0,28.290028041385217,0.035355000000000004,88.0,7.619047619047619,
scalar,BenchmarkALPMatrix,float-histogram,smooth,1024,8,regular,ALPv4,encode,6,BenchmarkALPMatrix/float-histogram/smooth/n=1024/buckets=8/time=regular/ALPv4/encode,499745.5,180.32,1.0,99.785,487.05,11.55,1024.0,1.776,485.15,168000.0,55.0,497135.0,505824.0,2.0490429628681,0.48705000000000004,88.0,7.619047619047619,
scalar,BenchmarkALPMatrix,float-histogram,smooth,1024,8,regular,legacy,decode,6,BenchmarkALPMatrix/float-histogram/smooth/n=1024/buckets=8/time=regular/legacy/decode,79415.0,1134.7,1.0,100.0,77.565,24.34,1024.0,0.2682,77.285,16.0,2.0,79284.0,80098.0,12.89428949190959,0.077565,88.0,3.61544782251438,
scalar,BenchmarkALPMatrix,float-histogram,smooth,1024,8,regular,legacy,encode,6,BenchmarkALPMatrix/float-histogram/smooth/n=1024/buckets=8/time=regular/legacy/encode,217892.5,413.56,1.0,99.64500000000001,212.05,24.34,1024.0,0.81935,211.25,114032.0,24.0,217359.0,219450.0,4.699565152540817,0.21205000000000002,88.0,3.61544782251438,
scalar,BenchmarkALPMatrix,float-histogram,smooth,120,1031,regular,ALPv3,decode,6,BenchmarkALPMatrix/float-histogram/smooth/n=120/buckets=1031/time=regular/ALPv3/decode,168199.5,5901.57,1.0,100.0,1401.5,1296.0,120.0,6.5695,1394.5,0.0,0.0,167882.0,169715.0,0.7134385060597683,1.4015,8272.0,6.382716049382716,
scalar,BenchmarkALPMatrix,float-histogram,smooth,120,1031,regular,ALPv3,encode,6,BenchmarkALPMatrix/float-histogram/smooth/n=120/buckets=1031/time=regular/ALPv3/encode,3568332.5,278.18,1.0,99.9,29707.0,1296.0,120.0,160.45,29553.0,1049376.0,56.0,3558737.0,3593041.0,0.033629153112833515,29.707,8272.0,6.382716049382716,
scalar,BenchmarkALPMatrix,float-histogram,smooth,120,1031,regular,ALPv4,decode,6,BenchmarkALPMatrix/float-histogram/smooth/n=120/buckets=1031/time=regular/ALPv4/decode,168280.5,5898.719999999999,1.0,99.99,1402.5,1296.0,120.0,6.266,1396.0,0.0,0.0,167986.0,168472.0,0.7130951001452931,1.4025,8272.0,6.382716049382716,
scalar,BenchmarkALPMatrix,float-histogram,smooth,120,1031,regular,ALPv4,encode,6,BenchmarkALPMatrix/float-histogram/smooth/n=120/buckets=1031/time=regular/ALPv4/encode,3570376.0,278.02,1.0,99.9,29723.5,1296.0,120.0,152.3,29570.0,1049376.0,56.0,3564891.0,3607963.0,0.0336099055113523,29.7235,8272.0,6.382716049382716,
scalar,BenchmarkALPMatrix,float-histogram,smooth,120,1031,regular,legacy,decode,6,BenchmarkALPMatrix/float-histogram/smooth/n=120/buckets=1031/time=regular/legacy/decode,774392.5,1281.83,1.0,100.0,6453.5,1353.0,120.0,29.240000000000002,6426.0,16.0,2.0,772497.0,779173.0,0.1549601784624722,6.4535,8272.0,6.1138211382113825,
scalar,BenchmarkALPMatrix,float-histogram,smooth,120,1031,regular,legacy,encode,6,BenchmarkALPMatrix/float-histogram/smooth/n=120/buckets=1031/time=regular/legacy/encode,2024898.5,490.22,1.0,99.91,16859.5,1353.0,120.0,66.44,16790.0,706288.0,30.0,2020344.0,2033629.0,0.05926222968706826,16.8595,8272.0,6.1138211382113825,
scalar,BenchmarkALPMatrix,float-histogram,smooth,120,128,regular,ALPv3,decode,6,BenchmarkALPMatrix/float-histogram/smooth/n=120/buckets=128/time=regular/ALPv3/decode,23178.0,5425.84,1.0,100.0,193.2,250.1,120.0,0.88305,192.35000000000002,0.0,0.0,23155.0,23269.0,5.177323323841574,0.19319999999999998,1048.0,4.190323870451819,
scalar,BenchmarkALPMatrix,float-histogram,smooth,120,128,regular,ALPv3,encode,6,BenchmarkALPMatrix/float-histogram/smooth/n=120/buckets=128/time=regular/ALPv3/encode,477989.5,263.105,1.0,99.705,3971.5,250.1,120.0,17.945,3954.5,215584.0,51.0,475303.0,487230.0,0.25105153983508005,3.9715,1048.0,4.190323870451819,
scalar,BenchmarkALPMatrix,float-histogram,smooth,120,128,regular,ALPv4,decode,6,BenchmarkALPMatrix/float-histogram/smooth/n=120/buckets=128/time=regular/ALPv4/decode,36675.5,3428.9700000000003,1.0,99.99,305.6,95.71,120.0,1.0950000000000002,304.5,0.0,0.0,36609.0,37026.0,3.271939032869354,0.30560000000000004,1048.0,10.949744018388884,
scalar,BenchmarkALPMatrix,float-histogram,smooth,120,128,regular,ALPv4,encode,6,BenchmarkALPMatrix/float-histogram/smooth/n=120/buckets=128/time=regular/ALPv4/encode,575689.0,218.45,1.0,99.905,4792.5,95.71,120.0,20.025,4773.0,125472.0,49.0,574931.0,579314.0,0.2084458796329268,4.7925,1048.0,10.949744018388884,
scalar,BenchmarkALPMatrix,float-histogram,smooth,120,128,regular,legacy,decode,6,BenchmarkALPMatrix/float-histogram/smooth/n=120/buckets=128/time=regular/legacy/decode,97240.5,1293.29,1.0,99.99,810.3,177.2,120.0,3.1525,807.6,16.0,2.0,97188.0,99088.0,1.234053712187823,0.8102999999999999,1048.0,5.914221218961625,
scalar,BenchmarkALPMatrix,float-histogram,smooth,120,128,regular,legacy,encode,6,BenchmarkALPMatrix/float-histogram/smooth/n=120/buckets=128/time=regular/legacy/encode,269137.5,467.27,1.0,99.82,2238.5,177.2,120.0,9.256,2229.5,87280.0,23.0,267888.0,271212.0,0.44586874738748783,2.2385,1048.0,5.914221218961625,
scalar,BenchmarkALPMatrix,float-histogram,smooth,120,8,regular,ALPv1,decode,6,BenchmarkALPMatrix/float-histogram/smooth/n=120/buckets=8/time=regular/ALPv1/decode,3636.5,2904.96,1.0,99.99,30.3,19.77,120.0,0.07603,30.215,0.0,0.0,3409.0,3730.0,32.99876254640451,0.0303,88.0,4.451188669701568,
scalar,BenchmarkALPMatrix,float-histogram,smooth,120,8,regular,ALPv1,decode-cold,6,BenchmarkALPMatrix/float-histogram/smooth/n=120/buckets=8/time=regular/ALPv1/decode-cold,6729.0,1569.3249999999998,1.0,98.63,55.245000000000005,19.77,120.0,0.32435,54.92,12896.0,15.0,6592.0,6992.0,17.833259028087383,0.055245,88.0,4.451188669701568,
scalar,BenchmarkALPMatrix,float-histogram,smooth,120,8,regular,ALPv1,encode,6,BenchmarkALPMatrix/float-histogram/smooth/n=120/buckets=8/time=regular/ALPv1/encode,54524.5,193.675,1.0,99.86,453.75,19.77,120.0,1.4184999999999999,452.4,16448.0,42.0,54361.0,54716.0,2.2008454914763087,0.45375,88.0,4.451188669701568,
scalar,BenchmarkALPMatrix,float-histogram,smooth,120,8,regular,ALPv3,decode,6,BenchmarkALPMatrix/float-histogram/smooth/n=120/buckets=8/time=regular/ALPv3/decode,3684.0,2866.355,1.0,99.99,30.695,19.02,120.0,0.077295,30.625,0.0,0.0,3611.0,3787.0,32.57328990228013,0.030695,88.0,4.6267087276551,
scalar,BenchmarkALPMatrix,float-histogram,smooth,120,8,regular,ALPv3,decode-cold,6,BenchmarkALPMatrix/float-histogram/smooth/n=120/buckets=8/time=regular/ALPv3/decode-cold,6920.0,1525.9850000000001,1.0,98.68,56.894999999999996,19.02,120.0,0.3539,56.575,12896.0,15.0,6706.0,7028.0,17.341040462427745,0.056894999999999994,88.0,4.6267087276551,
scalar,BenchmarkALPMatrix,float-histogram,smooth,120,8,regular,ALPv3,encode,6,BenchmarkALPMatrix/float-histogram/smooth/n=120/buckets=8/time=regular/ALPv3/encode,54874.5,192.44,1.0,99.86,456.65,19.02,120.0,1.3704999999999998,454.85,16064.0,42.0,54564.0,55366.0,2.1868080802558567,0.45665,88.0,4.6267087276551,
scalar,BenchmarkALPMatrix,float-histogram,smooth,120,8,regular,ALPv4,decode,6,BenchmarkALPMatrix/float-histogram/smooth/n=120/buckets=8/time=regular/ALPv4/decode,5024.5,2101.9700000000003,1.0,99.99,41.865,11.97,120.0,0.12,41.745,0.0,0.0,4946.0,5173.0,23.88297343019206,0.041865,88.0,7.351712614870509,
scalar,BenchmarkALPMatrix,float-histogram,smooth,120,8,regular,ALPv4,decode-cold,6,BenchmarkALPMatrix/float-histogram/smooth/n=120/buckets=8/time=regular/ALPv4/decode-cold,8012.5,1317.94,1.0,98.92500000000001,66.08,11.97,120.0,0.3684,65.66999999999999,12256.0,16.0,7983.0,8113.0,14.976599063962558,0.06608,88.0,7.351712614870509,
scalar,BenchmarkALPMatrix,float-histogram,smooth,120,8,regular,ALPv4,encode,6,BenchmarkALPMatrix/float-histogram/smooth/n=120/buckets=8/time=regular/ALPv4/encode,63594.5,166.05,1.0,99.9,529.4,11.97,120.0,1.5185,528.0,15296.0,42.0,63303.0,64041.0,1.88695563295568,0.5294,88.0,7.351712614870509,
scalar,BenchmarkALPMatrix,float-histogram,smooth,120,8,regular,legacy,decode,6,BenchmarkALPMatrix/float-histogram/smooth/n=120/buckets=8/time=regular/legacy/decode,8781.0,1202.58,1.0,100.0,73.17500000000001,20.69,120.0,0.1339,73.03,16.0,2.0,8762.0,8833.0,13.665869490946362,0.07317500000000002,88.0,4.253262445625906,
scalar,BenchmarkALPMatrix,float-histogram,smooth,120,8,regular,legacy,decode-cold,6,BenchmarkALPMatrix/float-histogram/smooth/n=120/buckets=8/time=regular/legacy/decode-cold,9536.0,1107.385,1.0,99.95,79.435,20.69,120.0,0.21189999999999998,79.225,784.0,15.0,9430.0,9625.0,12.583892617449665,0.079435,88.0,4.253262445625906,
scalar,BenchmarkALPMatrix,float-histogram,smooth,120,8,regular,legacy,encode,6,BenchmarkALPMatrix/float-histogram/smooth/n=120/buckets=8/time=regular/legacy/encode,27238.0,387.69,1.0,99.83500000000001,226.6,20.69,120.0,0.64705,226.0,9072.0,16.0,27048.0,27325.0,4.40560980982451,0.2266,88.0,4.253262445625906,
scalar,BenchmarkALPMatrix,float-histogram,smooth,32,8,regular,ALPv3,decode,6,BenchmarkALPMatrix/float-histogram/smooth/n=32/buckets=8/time=regular/ALPv3/decode,974.95,2888.265,1.0,100.0,30.475,18.34,32.0,0.08211,30.395,0.0,0.0,974.3,976.0,32.8221960100518,0.030475000000000002,88.0,4.79825517993457,
scalar,BenchmarkALPMatrix,float-histogram,smooth,32,8,regular,ALPv3,encode,6,BenchmarkALPMatrix/float-histogram/smooth/n=32/buckets=8/time=regular/ALPv3/encode,21878.0,128.715,1.0,99.905,683.0,18.34,32.0,1.821,681.15,5344.0,38.0,21615.0,21936.0,1.4626565499588629,0.683,88.0,4.79825517993457,
scalar,BenchmarkALPMatrix,float-histogram,smooth,32,8,regular,ALPv4,decode,6,BenchmarkALPMatrix/float-histogram/smooth/n=32/buckets=8/time=regular/ALPv4/decode,1348.5,2088.2200000000003,1.0,100.0,42.14,14.12,32.0,0.11335,42.0,0.0,0.0,1345.0,1350.0,23.730070448646643,0.042140000000000004,88.0,6.23229461756374,
scalar,BenchmarkALPMatrix,float-histogram,smooth,32,8,regular,ALPv4,encode,6,BenchmarkALPMatrix/float-histogram/smooth/n=32/buckets=8/time=regular/ALPv4/encode,23809.5,118.27,1.0,99.91499999999999,743.4000000000001,14.12,32.0,2.0345,741.2,5184.0,38.0,23686.0,24117.0,1.344001344001344,0.7434000000000001,88.0,6.23229461756374,
scalar,BenchmarkALPMatrix,float-histogram,smooth,32,8,regular,legacy,decode,6,BenchmarkALPMatrix/float-histogram/smooth/n=32/buckets=8/time=regular/legacy/decode,2372.5,1186.81,1.0,100.0,74.16,23.91,32.0,0.18080000000000002,73.995,16.0,2.0,2366.0,2392.0,13.487881981032666,0.07415999999999999,88.0,3.6804684232538687,
scalar,BenchmarkALPMatrix,float-histogram,smooth,32,8,regular,legacy,encode,6,BenchmarkALPMatrix/float-histogram/smooth/n=32/buckets=8/time=regular/legacy/encode,8368.5,336.495,1.0,99.845,261.20000000000005,23.91,32.0,0.6817,260.5,2544.0,13.0,8317.0,8503.0,3.8238632968871364,0.26120000000000004,88.0,3.6804684232538687,
scalar,BenchmarkALPMatrix,float-histogram,stale,120,128,regular,ALPv3,decode,6,BenchmarkALPMatrix/float-histogram/stale/n=120/buckets=128/time=regular/ALPv3/decode,27026.5,4425.855,6.0,99.89,224.75,254.9,120.0,0.77915,224.0,6240.0,24.0,26974.0,27670.0,4.440086581688343,0.22475,996.8,3.910553158101216,
scalar,BenchmarkALPMatrix,float-histogram,stale,120,128,regular,ALPv3,encode,6,BenchmarkALPMatrix/float-histogram/stale/n=120/buckets=128/time=regular/ALPv3/encode,532209.0,224.755,6.0,99.72,4422.5,254.9,120.0,17.82,4406.5,231776.0,252.0,529690.0,537094.0,0.22547533018043664,4.4225,996.8,3.910553158101216,
scalar,BenchmarkALPMatrix,float-histogram,stale,120,128,regular,ALPv4,decode,6,BenchmarkALPMatrix/float-histogram/stale/n=120/buckets=128/time=regular/ALPv4/decode,41440.5,2886.455,6.0,99.91,345.1,117.4,120.0,1.4585,343.6,6240.0,24.0,41225.0,41512.0,2.8957179570709815,0.3451,996.8,8.490630323679726,
scalar,BenchmarkALPMatrix,float-histogram,stale,120,128,regular,ALPv4,encode,6,BenchmarkALPMatrix/float-histogram/stale/n=120/buckets=128/time=regular/ALPv4/encode,639692.5,186.99,6.0,99.845,5322.5,117.4,120.0,20.725,5302.0,186976.0,248.0,637791.0,646407.0,0.187590131195848,5.3225,996.8,8.490630323679726,
scalar,BenchmarkALPMatrix,float-histogram,stale,120,128,regular,legacy,decode,6,BenchmarkALPMatrix/float-histogram/stale/n=120/buckets=128/time=regular/legacy/decode,98233.0,1217.68,6.0,99.965,818.3,211.8,120.0,2.9074999999999998,815.5,7296.0,42.0,97765.0,99511.0,1.2215854142701537,0.8182999999999999,996.8,4.70632672332389,
scalar,BenchmarkALPMatrix,float-histogram,stale,120,128,regular,legacy,encode,6,BenchmarkALPMatrix/float-histogram/stale/n=120/buckets=128/time=regular/legacy/encode,290655.0,411.53999999999996,6.0,99.72,2413.0,211.8,120.0,10.235,2401.5,121328.0,96.0,286918.0,291298.0,0.41286060793724516,2.413,996.8,4.70632672332389,
scalar,BenchmarkALPMatrix,float-histogram,stale,120,8,regular,ALPv3,decode,6,BenchmarkALPMatrix/float-histogram/stale/n=120/buckets=8/time=regular/ALPv3/decode,4835.0,2104.6549999999997,6.0,99.98,40.28,22.45,120.0,0.24280000000000002,40.055,480.0,24.0,4743.0,4897.0,24.819027921406413,0.04028,84.8,3.77728285077951,
scalar,BenchmarkALPMatrix,float-histogram,stale,120,8,regular,ALPv3,encode,6,BenchmarkALPMatrix/float-histogram/stale/n=120/buckets=8/time=regular/ALPv3/encode,98317.0,103.5,6.0,99.89,818.45,22.45,120.0,4.8045,813.8,23488.0,213.0,94810.0,98966.0,1.2205417170987722,0.81845,84.8,3.77728285077951,
scalar,BenchmarkALPMatrix,float-histogram,stale,120,8,regular,ALPv4,decode,6,BenchmarkALPMatrix/float-histogram/stale/n=120/buckets=8/time=regular/ALPv4/decode,6859.5,1484.01,6.0,99.975,57.144999999999996,21.69,120.0,0.32420000000000004,56.815,480.0,24.0,6413.0,7283.0,17.49398644216051,0.057144999999999994,84.8,3.9096357768556933,
scalar,BenchmarkALPMatrix,float-histogram,stale,120,8,regular,ALPv4,encode,6,BenchmarkALPMatrix/float-histogram/stale/n=120/buckets=8/time=regular/ALPv4/encode,112243.5,90.66,6.0,99.89,934.3499999999999,21.69,120.0,5.6235,928.5999999999999,27872.0,218.0,112116.0,112458.0,1.0691042242980662,0.9343499999999999,84.8,3.9096357768556933,
scalar,BenchmarkALPMatrix,float-histogram,stale,120,8,regular,legacy,decode,6,BenchmarkALPMatrix/float-histogram/stale/n=120/buckets=8/time=regular/legacy/decode,10430.5,975.585,6.0,99.92500000000001,86.85499999999999,24.8,120.0,0.5727,86.22999999999999,1536.0,42.0,10380.0,10491.0,11.504721729543167,0.08685499999999999,84.8,3.419354838709677,
scalar,BenchmarkALPMatrix,float-histogram,stale,120,8,regular,legacy,encode,6,BenchmarkALPMatrix/float-histogram/stale/n=120/buckets=8/time=regular/legacy/encode,30214.0,336.79499999999996,6.0,99.845,251.4,24.8,120.0,1.8130000000000002,249.7,9328.0,61.0,30099.0,30316.0,3.9716687628251806,0.2514,84.8,3.419354838709677,
scalar,BenchmarkALPMatrix,float,computed,1024,0,no-st,ALP,decode,6,BenchmarkALPMatrix/float/computed/n=1024/buckets=0/time=no-st/ALP/decode,4653.0,1760.415,1.0,100.0,4.545,6.675,1024.0,0.016730000000000002,4.5255,0.0,0.0,4638.0,4713.0,220.07307113690092,0.0045449999999999996,8,1.198501872659176,
scalar,BenchmarkALPMatrix,float,computed,1024,0,no-st,ALP,encode,6,BenchmarkALPMatrix/float/computed/n=1024/buckets=0/time=no-st/ALP/encode,36174.5,226.45999999999998,1.0,99.345,35.095,6.675,1024.0,0.16515,34.925,35256.0,20.0,36093.0,36365.0,28.30723299561846,0.035095,8,1.198501872659176,
scalar,BenchmarkALPMatrix,float,computed,1024,0,no-st,XOR,decode,6,BenchmarkALPMatrix/float/computed/n=1024/buckets=0/time=no-st/XOR/decode,8410.0,974.065,1.0,100.0,8.214,7.013,1024.0,0.021804999999999998,8.193,0.0,0.0,8385.0,8447.0,121.75980975029726,0.008214,8,1.1407386282617995,
scalar,BenchmarkALPMatrix,float,computed,1024,0,no-st,XOR,encode,6,BenchmarkALPMatrix/float/computed/n=1024/buckets=0/time=no-st/XOR/encode,21575.5,379.69500000000005,1.0,98.83500000000001,20.79,7.013,1024.0,0.14005,20.66,34592.0,16.0,21388.0,21885.0,47.46124075919445,0.02079,8,1.1407386282617995,
scalar,BenchmarkALPMatrix,float,computed,1024,0,no-st,XOR2,decode,6,BenchmarkALPMatrix/float/computed/n=1024/buckets=0/time=no-st/XOR2/decode,13953.0,587.105,1.0,100.0,13.625,9.646,1024.0,0.037085,13.594999999999999,0.0,0.0,13933.0,14067.0,73.38923528990182,0.013625,8,0.8293593199253576,
scalar,BenchmarkALPMatrix,float,computed,1024,0,no-st,XOR2,encode,6,BenchmarkALPMatrix/float/computed/n=1024/buckets=0/time=no-st/XOR2/encode,20568.0,398.28999999999996,1.0,98.42500000000001,19.770000000000003,9.646,1024.0,0.1498,19.62,46896.0,17.0,20556.0,21010.0,49.786075457020615,0.019770000000000003,8,0.8293593199253576,
scalar,BenchmarkALPMatrix,float,computed,1024,0,regular,ALP,decode,6,BenchmarkALPMatrix/float/computed/n=1024/buckets=0/time=regular/ALP/decode,4666.0,1755.7350000000001,1.0,100.0,4.5565,6.737,1024.0,0.010415,4.547,0.0,0.0,4640.0,4683.0,219.45992284612086,0.0045565,8,1.1874721686210479,
scalar,BenchmarkALPMatrix,float,computed,1024,0,regular,ALP,encode,6,BenchmarkALPMatrix/float/computed/n=1024/buckets=0/time=regular/ALP/encode,37804.5,216.69,1.0,99.305,36.644999999999996,6.737,1024.0,0.16265,36.475,36536.0,20.0,37653.0,37865.0,27.086722480128028,0.036645,8,1.1874721686210479,
scalar,BenchmarkALPMatrix,float,computed,1024,0,regular,XOR2,decode,6,BenchmarkALPMatrix/float/computed/n=1024/buckets=0/time=regular/XOR2/decode,17917.5,457.205,1.0,100.0,17.495,9.646,1024.0,0.031725,17.47,0.0,0.0,17397.0,17971.0,57.150830193944465,0.017495,8,0.8293593199253576,
scalar,BenchmarkALPMatrix,float,computed,1024,0,regular,XOR2,encode,6,BenchmarkALPMatrix/float/computed/n=1024/buckets=0/time=regular/XOR2/encode,20862.5,392.67,1.0,98.18,19.99,9.646,1024.0,0.0964,19.895,46896.0,17.0,20765.0,20988.0,49.08328340323547,0.019989999999999997,8,0.8293593199253576,
scalar,BenchmarkALPMatrix,float,computed,120,0,changing-st,ALP,decode,6,BenchmarkALPMatrix/float/computed/n=120/buckets=0/time=changing-st/ALP/decode,786.25,1220.97,1.0,100.0,6.553,7.9,120.0,0.02522,6.5295000000000005,0.0,0.0,785.0,794.2,152.62321144674087,0.006553,8,1.0126582278481011,
scalar,BenchmarkALPMatrix,float,computed,120,0,changing-st,ALP,encode,6,BenchmarkALPMatrix/float/computed/n=120/buckets=0/time=changing-st/ALP/encode,4527.0,212.06,1.0,99.35499999999999,37.489999999999995,7.9,120.0,0.219,37.28,4552.0,7.0,4498.0,4553.0,26.507620941020544,0.037489999999999996,8,1.0126582278481011,
scalar,BenchmarkALPMatrix,float,computed,120,0,changing-st,XOR2,decode,6,BenchmarkALPMatrix/float/computed/n=120/buckets=0/time=changing-st/XOR2/decode,2186.5,439.005,1.0,100.0,18.22,9.575,120.0,0.073755,18.15,0.0,0.0,2185.0,2193.0,54.88223187742968,0.01822,8,0.8355091383812011,
scalar,BenchmarkALPMatrix,float,computed,120,0,changing-st,XOR2,encode,6,BenchmarkALPMatrix/float/computed/n=120/buckets=0/time=changing-st/XOR2/encode,2468.0,389.015,1.0,98.99,20.355,9.575,120.0,0.1358,20.245,3632.0,10.0,2458.0,2483.0,48.62236628849271,0.020355,8,0.8355091383812011,
scalar,BenchmarkALPMatrix,float,computed,120,0,jitter,ALP,decode,6,BenchmarkALPMatrix/float/computed/n=120/buckets=0/time=jitter/ALP/decode,849.7,1129.815,1.0,100.0,7.0815,8.708,120.0,0.030565000000000002,7.0504999999999995,0.0,0.0,848.0,850.6,141.22631517006002,0.0070815,8,0.9186954524575103,
scalar,BenchmarkALPMatrix,float,computed,120,0,jitter,ALP,encode,6,BenchmarkALPMatrix/float/computed/n=120/buckets=0/time=jitter/ALP/encode,4691.0,204.66000000000003,1.0,99.12,38.725,8.708,120.0,0.26825,38.480000000000004,6088.0,8.0,4680.0,4721.0,25.58089959496909,0.038725,8,0.9186954524575103,
scalar,BenchmarkALPMatrix,float,computed,120,0,jitter,XOR2,decode,6,BenchmarkALPMatrix/float/computed/n=120/buckets=0/time=jitter/XOR2/decode,1256.0,764.2,1.0,100.0,10.47,8.983,120.0,0.047155,10.42,0.0,0.0,1250.0,1264.0,95.54140127388536,0.01047,8,0.890571078704219,
scalar,BenchmarkALPMatrix,float,computed,120,0,jitter,XOR2,encode,6,BenchmarkALPMatrix/float/computed/n=120/buckets=0/time=jitter/XOR2/encode,2281.0,420.915,1.0,98.83,18.77,8.983,120.0,0.13540000000000002,18.675,3632.0,10.0,2274.0,2288.0,52.6085050416484,0.01877,8,0.890571078704219,
scalar,BenchmarkALPMatrix,float,computed,120,0,no-st-jitter,ALP,decode,6,BenchmarkALPMatrix/float/computed/n=120/buckets=0/time=no-st-jitter/ALP/decode,849.95,1129.4850000000001,1.0,100.0,7.0835,8.642,120.0,0.02106,7.061,0.0,0.0,849.3,850.6,141.18477557503383,0.0070834999999999995,8,0.9257116408238835,
scalar,BenchmarkALPMatrix,float,computed,120,0,no-st-jitter,ALP,encode,6,BenchmarkALPMatrix/float/computed/n=120/buckets=0/time=no-st-jitter/ALP/encode,4641.5,206.83499999999998,1.0,99.1,38.355000000000004,8.642,120.0,0.23875000000000002,38.115,6088.0,8.0,4625.0,4753.0,25.853711084778627,0.03835500000000001,8,0.9257116408238835,
scalar,BenchmarkALPMatrix,float,computed,120,0,no-st-jitter,XOR,decode,6,BenchmarkALPMatrix/float/computed/n=120/buckets=0/time=no-st-jitter/XOR/decode,1533.0,626.275,1.0,100.0,12.774999999999999,8.95,120.0,0.04971,12.725000000000001,0.0,0.0,1532.0,1545.0,78.27788649706459,0.012774999999999998,8,0.893854748603352,
scalar,BenchmarkALPMatrix,float,computed,120,0,no-st-jitter,XOR,encode,6,BenchmarkALPMatrix/float/computed/n=120/buckets=0/time=no-st-jitter/XOR/encode,2652.0,361.95000000000005,1.0,99.045,21.895,8.95,120.0,0.123,21.765,3616.0,10.0,2645.0,2660.0,45.248868778280546,0.021895,8,0.893854748603352,
scalar,BenchmarkALPMatrix,float,computed,120,0,no-st-jitter,XOR2,decode,6,BenchmarkALPMatrix/float/computed/n=120/buckets=0/time=no-st-jitter/XOR2/decode,1264.0,759.3299999999999,1.0,100.0,10.535,8.958,120.0,0.035305,10.5,0.0,0.0,1262.0,1271.0,94.9367088607595,0.010535000000000001,8,0.8930564858227282,
scalar,BenchmarkALPMatrix,float,computed,120,0,no-st-jitter,XOR2,encode,6,BenchmarkALPMatrix/float/computed/n=120/buckets=0/time=no-st-jitter/XOR2/encode,2291.5,418.95,1.0,98.905,18.89,8.958,120.0,0.2559,18.615000000000002,3632.0,10.0,2277.0,2307.0,52.36744490508401,0.01889,8,0.8930564858227282,
scalar,BenchmarkALPMatrix,float,computed,120,0,no-st,ALP,decode,6,BenchmarkALPMatrix/float/computed/n=120/buckets=0/time=no-st/ALP/decode,574.2,1671.9,1.0,99.935,4.7805,6.742,120.0,0.016755,4.7615,0.0,0.0,573.1,576.4,208.98641588296758,0.0047805,8,1.1865915158706615,
scalar,BenchmarkALPMatrix,float,computed,120,0,no-st,ALP,encode,6,BenchmarkALPMatrix/float/computed/n=120/buckets=0/time=no-st/ALP/encode,4483.0,214.14499999999998,1.0,99.25,37.135,6.742,120.0,0.17175,36.975,4552.0,7.0,4453.0,4759.0,26.767789426723176,0.037135,8,1.1865915158706615,
scalar,BenchmarkALPMatrix,float,computed,120,0,no-st,XOR,decode,6,BenchmarkALPMatrix/float/computed/n=120/buckets=0/time=no-st/XOR/decode,978.1,981.47,1.0,100.0,8.149999999999999,7.108,120.0,0.036860000000000004,8.1125,0.0,0.0,973.1,980.1,122.68684183621306,0.00815,8,1.1254924029262803,
scalar,BenchmarkALPMatrix,float,computed,120,0,no-st,XOR,encode,6,BenchmarkALPMatrix/float/computed/n=120/buckets=0/time=no-st/XOR/encode,2556.5,375.555,1.0,98.35499999999999,20.905,7.108,120.0,0.31855,20.64,2208.0,9.0,2339.0,2960.0,46.939174652845686,0.020905,8,1.1254924029262803,
scalar,BenchmarkALPMatrix,float,computed,120,0,no-st,XOR2,decode,6,BenchmarkALPMatrix/float/computed/n=120/buckets=0/time=no-st/XOR2/decode,899.45,1067.32,1.0,100.1,7.5,7.117,120.0,0.0101325,7.489,0.0,0.0,894.4,900.2,133.4148646395019,0.0075,8,1.1240691302515105,
scalar,BenchmarkALPMatrix,float,computed,120,0,no-st,XOR2,encode,6,BenchmarkALPMatrix/float/computed/n=120/buckets=0/time=no-st/XOR2/encode,1901.0,505.015,1.0,99.185,15.705,7.117,120.0,0.08518,15.594999999999999,2224.0,9.0,1870.0,1945.0,63.1246712256707,0.015705,8,1.1240691302515105,
scalar,BenchmarkALPMatrix,float,computed,120,0,regular,ALP,decode,6,BenchmarkALPMatrix/float/computed/n=120/buckets=0/time=regular/ALP/decode,557.3,1722.6,1.0,100.0,4.6445,6.808,120.0,0.014929999999999999,4.624,0.0,0.0,554.4,565.2,215.32388300735693,0.0046445,8,1.1750881316098707,
scalar,BenchmarkALPMatrix,float,computed,120,0,regular,ALP,encode,6,BenchmarkALPMatrix/float/computed/n=120/buckets=0/time=regular/ALP/encode,4382.0,219.09,1.0,99.33500000000001,36.275,6.808,120.0,0.2187,36.06,4552.0,7.0,4322.0,4427.0,27.38475581926061,0.036275,8,1.1750881316098707,
scalar,BenchmarkALPMatrix,float,computed,120,0,regular,XOR2,decode,6,BenchmarkALPMatrix/float/computed/n=120/buckets=0/time=regular/XOR2/decode,894.3499999999999,1073.4099999999999,1.0,100.0,7.453,7.142,120.0,0.026435,7.4265,0.0,0.0,892.5,896.6,134.17565829932354,0.007453,8,1.1201344161299356,
scalar,BenchmarkALPMatrix,float,computed,120,0,regular,XOR2,encode,6,BenchmarkALPMatrix/float/computed/n=120/buckets=0/time=regular/XOR2/encode,1955.5,490.83000000000004,1.0,99.22999999999999,16.18,7.142,120.0,0.11074999999999999,16.055,2224.0,9.0,1940.0,1968.0,61.36537969828688,0.01618,8,1.1201344161299356,
scalar,BenchmarkALPMatrix,float,computed,32,0,no-st,ALP,decode,6,BenchmarkALPMatrix/float/computed/n=32/buckets=0/time=no-st/ALP/decode,204.7,1250.75,1.0,100.0,6.396,8.031,32.0,0.033460000000000004,6.3665,0.0,0.0,204.6,205.2,156.32633121641427,0.006396,8,0.9961399576640517,
scalar,BenchmarkALPMatrix,float,computed,32,0,no-st,ALP,encode,6,BenchmarkALPMatrix/float/computed/n=32/buckets=0/time=no-st/ALP/encode,2633.0,97.22,1.0,99.02,81.5,8.031,32.0,0.7131000000000001,80.82499999999999,3848.0,7.0,2620.0,2652.0,12.153437143942272,0.0815,8,0.9961399576640517,
scalar,BenchmarkALPMatrix,float,computed,32,0,no-st,XOR,decode,6,BenchmarkALPMatrix/float/computed/n=32/buckets=0/time=no-st/XOR/decode,298.5,857.55,1.0,100.0,9.33,7.406,32.0,0.037305,9.289,0.0,0.0,297.7,299.6,107.20268006700168,0.00933,8,1.080205238995409,
scalar,BenchmarkALPMatrix,float,computed,32,0,no-st,XOR,encode,6,BenchmarkALPMatrix/float/computed/n=32/buckets=0/time=no-st/XOR/encode,712.25,359.43,1.0,99.275,22.09,7.406,32.0,0.12895,21.975,800.0,7.0,711.3,738.1,44.928044928044926,0.02209,8,1.080205238995409,
scalar,BenchmarkALPMatrix,float,computed,32,0,no-st,XOR2,decode,6,BenchmarkALPMatrix/float/computed/n=32/buckets=0/time=no-st/XOR2/decode,257.55,994.005,1.0,100.0,8.0495,7.438,32.0,0.035394999999999996,8.0135,0.0,0.0,257.4,258.1,124.247718889536,0.0080495,8,1.0755579456843238,
scalar,BenchmarkALPMatrix,float,computed,32,0,no-st,XOR2,encode,6,BenchmarkALPMatrix/float/computed/n=32/buckets=0/time=no-st/XOR2/encode,592.2,432.28,1.0,99.05000000000001,18.33,7.438,32.0,0.1147,18.22,816.0,7.0,590.4,593.9,54.03579871664978,0.01833,8,1.0755579456843238,
scalar,BenchmarkALPMatrix,float,computed,32,0,regular,ALP,decode,6,BenchmarkALPMatrix/float/computed/n=32/buckets=0/time=regular/ALP/decode,196.85,1300.615,1.0,100.0,6.152,8.281,32.0,0.024184999999999998,6.1235,0.0,0.0,195.6,199.6,162.56032512065025,0.006152,8,0.9660669001328341,
scalar,BenchmarkALPMatrix,float,computed,32,0,regular,ALP,encode,6,BenchmarkALPMatrix/float/computed/n=32/buckets=0/time=regular/ALP/encode,2582.0,99.14500000000001,1.0,98.975,79.82,8.281,32.0,0.5084,79.305,3848.0,7.0,2571.0,2595.0,12.393493415956623,0.07981999999999999,8,0.9660669001328341,
scalar,BenchmarkALPMatrix,float,computed,32,0,regular,XOR2,decode,6,BenchmarkALPMatrix/float/computed/n=32/buckets=0/time=regular/XOR2/decode,255.4,1002.48,1.0,100.0,7.9815000000000005,7.531,32.0,0.02747,7.9535,0.0,0.0,253.8,258.1,125.29365700861393,0.0079815,8,1.062275926171823,
scalar,BenchmarkALPMatrix,float,computed,32,0,regular,XOR2,encode,6,BenchmarkALPMatrix/float/computed/n=32/buckets=0/time=regular/XOR2/encode,592.1500000000001,432.305,1.0,98.995,18.310000000000002,7.531,32.0,0.1286,18.185000000000002,816.0,7.0,584.3,592.8,54.04036139491682,0.018310000000000003,8,1.062275926171823,
scalar,BenchmarkALPMatrix,float,constant,1024,0,no-st,ALP,decode,6,BenchmarkALPMatrix/float/constant/n=1024/buckets=0/time=no-st/ALP/decode,2217.0,3695.365,1.0,100.0,2.165,0.292,1024.0,0.006369,2.1595,0.0,0.0,2215.0,2219.0,461.8854307622914,0.002165,8,27.397260273972606,
scalar,BenchmarkALPMatrix,float,constant,1024,0,no-st,ALP,encode,6,BenchmarkALPMatrix/float/constant/n=1024/buckets=0/time=no-st/ALP/encode,5485.0,1493.53,1.0,99.435,5.3255,0.292,1024.0,0.02682,5.2989999999999995,4888.0,13.0,5460.0,5504.0,186.69097538742022,0.0053254999999999995,8,27.397260273972606,
scalar,BenchmarkALPMatrix,float,constant,1024,0,no-st,XOR,decode,6,BenchmarkALPMatrix/float/constant/n=1024/buckets=0/time=no-st/XOR/decode,2259.0,3626.2,1.0,100.0,2.206,0.2676,1024.0,0.0048024999999999995,2.2005,0.0,0.0,2253.0,2284.0,453.2979194333776,0.002206,8,29.895366218236173,
scalar,BenchmarkALPMatrix,float,constant,1024,0,no-st,XOR,encode,6,BenchmarkALPMatrix/float/constant/n=1024/buckets=0/time=no-st/XOR/encode,4603.0,1779.76,1.0,99.87,4.489000000000001,0.2676,1024.0,0.01239,4.4775,1312.0,8.0,4568.0,4662.0,222.46361068868129,0.004489000000000001,8,29.895366218236173,
scalar,BenchmarkALPMatrix,float,constant,1024,0,no-st,XOR2,decode,6,BenchmarkALPMatrix/float/constant/n=1024/buckets=0/time=no-st/XOR2/decode,13514.0,606.1949999999999,1.0,100.0,13.195,2.776,1024.0,0.042215,13.155000000000001,0.0,0.0,13478.0,13908.0,75.77327216220216,0.013195,8,2.8818443804034586,
scalar,BenchmarkALPMatrix,float,constant,1024,0,no-st,XOR2,encode,6,BenchmarkALPMatrix/float/constant/n=1024/buckets=0/time=no-st/XOR2/encode,8126.0,1008.145,1.0,99.27,7.8774999999999995,2.776,1024.0,0.042054999999999995,7.836,8752.0,12.0,8078.0,8305.0,126.0152596603495,0.007877499999999999,8,2.8818443804034586,
scalar,BenchmarkALPMatrix,float,constant,1024,0,regular,ALP,decode,6,BenchmarkALPMatrix/float/constant/n=1024/buckets=0/time=regular/ALP/decode,2211.5,3704.265,1.0,100.0,2.1595,0.3545,1024.0,0.010645,2.149,0.0,0.0,2199.0,2260.0,463.0341397241691,0.0021595,8,22.566995768688294,
scalar,BenchmarkALPMatrix,float,constant,1024,0,regular,ALP,encode,6,BenchmarkALPMatrix/float/constant/n=1024/buckets=0/time=regular/ALP/encode,5470.0,1497.74,1.0,99.285,5.298500000000001,0.3545,1024.0,0.033714999999999995,5.269,4952.0,13.0,5403.0,5711.0,187.20292504570384,0.0052985,8,22.566995768688294,
scalar,BenchmarkALPMatrix,float,constant,1024,0,regular,XOR2,decode,6,BenchmarkALPMatrix/float/constant/n=1024/buckets=0/time=regular/XOR2/decode,13681.0,598.79,1.0,99.975,13.36,2.775,1024.0,0.07250999999999999,13.235,0.0,0.0,13353.0,13772.0,74.84832980045319,0.013359999999999999,8,2.882882882882883,
scalar,BenchmarkALPMatrix,float,constant,1024,0,regular,XOR2,encode,6,BenchmarkALPMatrix/float/constant/n=1024/buckets=0/time=regular/XOR2/encode,8602.5,952.295,1.0,99.25,8.328,2.775,1024.0,0.11324999999999999,8.207999999999998,8752.0,12.0,8368.0,8952.0,119.03516419645452,0.008327999999999999,8,2.882882882882883,
scalar,BenchmarkALPMatrix,float,constant,120,0,no-st,ALP,decode,6,BenchmarkALPMatrix/float/constant/n=120/buckets=0/time=no-st/ALP/decode,281.54999999999995,3409.555,1.0,100.0,2.3465,0.3333,120.0,0.00875,2.338,0.0,0.0,270.6,301.4,426.2120404901439,0.0023464999999999996,8,24.002400240024002,
scalar,BenchmarkALPMatrix,float,constant,120,0,no-st,ALP,encode,6,BenchmarkALPMatrix/float/constant/n=120/buckets=0/time=no-st/ALP/encode,1049.0,915.2950000000001,1.0,97.0,8.4815,0.3333,120.0,0.1061,8.372,4552.0,7.0,1047.0,1054.0,114.39466158245949,0.008481500000000001,8,24.002400240024002,
scalar,BenchmarkALPMatrix,float,constant,120,0,no-st,XOR,decode,6,BenchmarkALPMatrix/float/constant/n=120/buckets=0/time=no-st/XOR/decode,361.3,2657.0950000000003,1.0,100.0,3.011,0.4,120.0,0.0119,3.0,0.0,0.0,341.1,376.4,332.1339606974813,0.0030110000000000002,8,20.0,
scalar,BenchmarkALPMatrix,float,constant,120,0,no-st,XOR,encode,6,BenchmarkALPMatrix/float/constant/n=120/buckets=0/time=no-st/XOR/encode,690.15,1391.0149999999999,1.0,99.505,5.723000000000001,0.4,120.0,0.029245,5.6935,544.0,6.0,688.3,692.1,173.8752445120626,0.005723000000000001,8,20.0,
scalar,BenchmarkALPMatrix,float,constant,120,0,no-st,XOR2,decode,6,BenchmarkALPMatrix/float/constant/n=120/buckets=0/time=no-st/XOR2/decode,419.6,2287.885,1.0,100.0,3.497,0.2833,120.0,0.013585,3.4835000000000003,0.0,0.0,403.9,438.6,285.9866539561487,0.0034969999999999997,8,28.238616307800918,
scalar,BenchmarkALPMatrix,float,constant,120,0,no-st,XOR2,encode,6,BenchmarkALPMatrix/float/constant/n=120/buckets=0/time=no-st/XOR2/encode,589.1500000000001,1629.44,1.0,99.37,4.8795,0.2833,120.0,0.027334999999999998,4.855,560.0,6.0,585.5,596.4,203.68327251124498,0.0048795,8,28.238616307800918,
scalar,BenchmarkALPMatrix,float,constant,120,0,regular,ALP,decode,6,BenchmarkALPMatrix/float/constant/n=120/buckets=0/time=regular/ALP/decode,271.85,3531.5550000000003,1.0,100.0,2.2655000000000003,0.4,120.0,0.0075795,2.258,0.0,0.0,271.6,273.6,441.4199006805223,0.0022655,8,20.0,
scalar,BenchmarkALPMatrix,float,constant,120,0,regular,ALP,encode,6,BenchmarkALPMatrix/float/constant/n=120/buckets=0/time=regular/ALP/encode,1023.0,938.3,1.0,96.795,8.255500000000001,0.4,120.0,0.097435,8.156,4552.0,7.0,1018.0,1031.0,117.30205278592375,0.0082555,8,20.0,
scalar,BenchmarkALPMatrix,float,constant,120,0,regular,XOR2,decode,6,BenchmarkALPMatrix/float/constant/n=120/buckets=0/time=regular/XOR2/decode,376.9,2547.375,1.0,99.995,3.14,0.3083,120.0,0.00417,3.136,0.0,0.0,370.8,385.9,318.3868400106129,0.00314,8,25.948751216347713,
scalar,BenchmarkALPMatrix,float,constant,120,0,regular,XOR2,encode,6,BenchmarkALPMatrix/float/constant/n=120/buckets=0/time=regular/XOR2/encode,592.8499999999999,1619.38,1.0,99.35,4.9085,0.3083,120.0,0.01489,4.8934999999999995,560.0,6.0,592.4,600.1,202.41207725394284,0.0049085,8,25.948751216347713,
scalar,BenchmarkALPMatrix,float,constant,32,0,no-st,ALP,decode,6,BenchmarkALPMatrix/float/constant/n=32/buckets=0/time=no-st/ALP/decode,85.83,2982.66,1.0,100.0,2.6825,1.25,32.0,0.009950500000000001,2.672,0.0,0.0,85.61,85.96,372.8300128160317,0.0026825,8,6.4,
scalar,BenchmarkALPMatrix,float,constant,32,0,no-st,ALP,encode,6,BenchmarkALPMatrix/float/constant/n=32/buckets=0/time=no-st/ALP/encode,484.55,528.36,1.0,94.805,14.335,1.25,32.0,0.29669999999999996,14.035,3848.0,7.0,481.5,498.2,66.04065627902177,0.014335,8,6.4,
scalar,BenchmarkALPMatrix,float,constant,32,0,no-st,XOR,decode,6,BenchmarkALPMatrix/float/constant/n=32/buckets=0/time=no-st/XOR/decode,125.8,2035.025,1.0,100.0,3.931,0.8125,32.0,0.01268,3.919,0.0,0.0,124.6,130.4,254.37201907790143,0.0039310000000000005,8,9.846153846153847,
scalar,BenchmarkALPMatrix,float,constant,32,0,no-st,XOR,encode,6,BenchmarkALPMatrix/float/constant/n=32/buckets=0/time=no-st/XOR/encode,285.7,896.125,1.0,98.66,8.805499999999999,0.8125,32.0,0.064465,8.749500000000001,544.0,6.0,285.0,287.3,112.00560028001401,0.008805499999999999,8,9.846153846153847,
scalar,BenchmarkALPMatrix,float,constant,32,0,no-st,XOR2,decode,6,BenchmarkALPMatrix/float/constant/n=32/buckets=0/time=no-st/XOR2/decode,148.9,1718.855,1.0,100.0,4.6545000000000005,0.7188,32.0,0.017205,4.6325,0.0,0.0,147.3,152.9,214.90933512424445,0.004654500000000001,8,11.129660545353367,
scalar,BenchmarkALPMatrix,float,constant,32,0,no-st,XOR2,encode,6,BenchmarkALPMatrix/float/constant/n=32/buckets=0/time=no-st/XOR2/encode,252.3,1014.72,1.0,98.47,7.7565,0.7188,32.0,0.06678,7.683999999999999,560.0,6.0,250.2,254.2,126.83313515655965,0.0077565,8,11.129660545353367,
scalar,BenchmarkALPMatrix,float,constant,32,0,regular,ALP,decode,6,BenchmarkALPMatrix/float/constant/n=32/buckets=0/time=regular/ALP/decode,87.315,2932.075,1.0,100.0,2.7285,1.5,32.0,0.01821,2.7125000000000004,0.0,0.0,86.23,92.05,366.48914848536907,0.0027285,8,5.333333333333333,
scalar,BenchmarkALPMatrix,float,constant,32,0,regular,ALP,encode,6,BenchmarkALPMatrix/float/constant/n=32/buckets=0/time=regular/ALP/encode,500.45,511.53499999999997,1.0,95.035,14.825,1.5,32.0,0.37370000000000003,14.485,3848.0,7.0,490.6,515.2,63.942451793385956,0.014825,8,5.333333333333333,
scalar,BenchmarkALPMatrix,float,constant,32,0,regular,XOR2,decode,6,BenchmarkALPMatrix/float/constant/n=32/buckets=0/time=regular/XOR2/decode,154.2,1660.25,1.0,100.0,4.819,0.8125,32.0,0.022475,4.798,0.0,0.0,153.2,159.0,207.52269779507134,0.004819,8,9.846153846153847,
scalar,BenchmarkALPMatrix,float,constant,32,0,regular,XOR2,encode,6,BenchmarkALPMatrix/float/constant/n=32/buckets=0/time=regular/XOR2/encode,267.15,958.355,1.0,98.625,8.193999999999999,0.8125,32.0,0.09425,8.097000000000001,560.0,6.0,260.2,273.7,119.78289350552126,0.008194,8,9.846153846153847,
scalar,BenchmarkALPMatrix,float,counter,1024,0,no-st,ALP,decode,6,BenchmarkALPMatrix/float/counter/n=1024/buckets=0/time=no-st/ALP/decode,3494.0,2344.51,1.0,99.97999999999999,3.409,1.706,1024.0,0.017,3.393,0.0,0.0,3449.0,3580.0,293.07384087006295,0.0034089999999999997,8,4.6893317702227435,
scalar,BenchmarkALPMatrix,float,counter,1024,0,no-st,ALP,encode,6,BenchmarkALPMatrix/float/counter/n=1024/buckets=0/time=no-st/ALP/encode,15334.0,534.23,1.0,99.57,14.91,1.706,1024.0,0.08582000000000001,14.825,10680.0,16.0,15260.0,15483.0,66.77970523020738,0.01491,8,4.6893317702227435,
scalar,BenchmarkALPMatrix,float,counter,1024,0,no-st,XOR,decode,6,BenchmarkALPMatrix/float/counter/n=1024/buckets=0/time=no-st/XOR/decode,5262.5,1556.6750000000002,1.0,100.0,5.138999999999999,2.055,1024.0,0.021195,5.117,0.0,0.0,5257.0,5274.0,194.58432304038004,0.0051389999999999995,8,3.89294403892944,
scalar,BenchmarkALPMatrix,float,counter,1024,0,no-st,XOR,encode,6,BenchmarkALPMatrix/float/counter/n=1024/buckets=0/time=no-st/XOR/encode,13090.5,625.8050000000001,1.0,99.58500000000001,12.725,2.055,1024.0,0.07119,12.649999999999999,8736.0,12.0,12994.0,13427.0,78.22466674305794,0.012725,8,3.89294403892944,
scalar,BenchmarkALPMatrix,float,counter,1024,0,no-st,XOR2,decode,6,BenchmarkALPMatrix/float/counter/n=1024/buckets=0/time=no-st/XOR2/decode,15657.5,523.2149999999999,1.0,100.0,15.29,4.688,1024.0,0.06458,15.219999999999999,0.0,0.0,15612.0,15775.0,65.39996806642185,0.01529,8,1.7064846416382253,
scalar,BenchmarkALPMatrix,float,counter,1024,0,no-st,XOR2,encode,6,BenchmarkALPMatrix/float/counter/n=1024/buckets=0/time=no-st/XOR2/encode,14597.0,561.205,1.0,99.14500000000001,14.135,4.688,1024.0,0.09357499999999999,14.045,18224.0,14.0,14556.0,14643.0,70.15140097280263,0.014135,8,1.7064846416382253,
scalar,BenchmarkALPMatrix,float,counter,1024,0,regular,ALP,decode,6,BenchmarkALPMatrix/float/counter/n=1024/buckets=0/time=regular/ALP/decode,3664.0,2235.66,1.0,98.79499999999999,3.5355,1.769,1024.0,0.07566,3.473,0.0,0.0,3554.0,3875.0,279.4759825327511,0.0035355,8,4.522328999434709,
scalar,BenchmarkALPMatrix,float,counter,1024,0,regular,ALP,encode,6,BenchmarkALPMatrix/float/counter/n=1024/buckets=0/time=regular/ALP/encode,17347.5,472.35,1.0,98.195,16.195,1.769,1024.0,0.3317,15.755,10936.0,16.0,14782.0,28096.0,59.0286784839314,0.016195,8,4.522328999434709,
scalar,BenchmarkALPMatrix,float,counter,1024,0,regular,XOR2,decode,6,BenchmarkALPMatrix/float/counter/n=1024/buckets=0/time=regular/XOR2/decode,15363.5,533.25,1.0,99.99,14.99,4.688,1024.0,0.03621,14.955,0.0,0.0,15035.0,25249.0,66.65147915514044,0.01499,8,1.7064846416382253,
scalar,BenchmarkALPMatrix,float,counter,1024,0,regular,XOR2,encode,6,BenchmarkALPMatrix/float/counter/n=1024/buckets=0/time=regular/XOR2/encode,21839.5,375.1,1.0,99.475,21.22,4.688,1024.0,0.09255,21.125,18224.0,14.0,21782.0,21891.0,46.887520318688615,0.02122,8,1.7064846416382253,
scalar,BenchmarkALPMatrix,float,counter,120,0,no-st,ALP,decode,6,BenchmarkALPMatrix/float/counter/n=120/buckets=0/time=no-st/ALP/decode,428.5,2240.46,1.0,100.0,3.5709999999999997,1.775,120.0,0.0546,3.5125,0.0,0.0,427.0,429.8,280.04667444574096,0.0035709999999999995,8,4.507042253521127,
scalar,BenchmarkALPMatrix,float,counter,120,0,no-st,ALP,encode,6,BenchmarkALPMatrix/float/counter/n=120/buckets=0/time=no-st/ALP/encode,2605.0,368.535,1.0,98.78,21.45,1.775,120.0,0.36924999999999997,21.085,4552.0,7.0,2597.0,2617.0,46.06525911708253,0.02145,8,4.507042253521127,
scalar,BenchmarkALPMatrix,float,counter,120,0,no-st,XOR,decode,6,BenchmarkALPMatrix/float/counter/n=120/buckets=0/time=no-st/XOR/decode,644.75,1488.92,1.0,100.0,5.372999999999999,1.967,120.0,0.01412,5.359500000000001,0.0,0.0,643.1,646.7,186.11865063978286,0.005372999999999999,8,4.067107269954245,
scalar,BenchmarkALPMatrix,float,counter,120,0,no-st,XOR,encode,6,BenchmarkALPMatrix/float/counter/n=120/buckets=0/time=no-st/XOR/encode,1465.5,655.02,1.0,99.68,12.17,1.967,120.0,0.05234,12.125,800.0,7.0,1448.0,1474.0,81.88331627430911,0.01217,8,4.067107269954245,
scalar,BenchmarkALPMatrix,float,counter,120,0,no-st,XOR2,decode,6,BenchmarkALPMatrix/float/counter/n=120/buckets=0/time=no-st/XOR2/decode,720.55,1332.33,1.0,99.995,6.0045,1.975,120.0,0.053675,5.963,0.0,0.0,718.5,727.3,166.53944903198948,0.0060045,8,4.0506329113924044,
scalar,BenchmarkALPMatrix,float,counter,120,0,no-st,XOR2,encode,6,BenchmarkALPMatrix/float/counter/n=120/buckets=0/time=no-st/XOR2/encode,1225.5,783.46,1.0,99.595,10.17,1.975,120.0,0.040575,10.13,816.0,7.0,1223.0,1232.0,97.91921664626683,0.01017,8,4.0506329113924044,
scalar,BenchmarkALPMatrix,float,counter,120,0,regular,ALP,decode,6,BenchmarkALPMatrix/float/counter/n=120/buckets=0/time=regular/ALP/decode,423.29999999999995,2267.9350000000004,1.0,100.0,3.5275,1.842,120.0,0.010624999999999999,3.516,0.0,0.0,422.9,427.6,283.4868887313962,0.0035275,8,4.3431053203040175,
scalar,BenchmarkALPMatrix,float,counter,120,0,regular,ALP,encode,6,BenchmarkALPMatrix/float/counter/n=120/buckets=0/time=regular/ALP/encode,2542.5,377.59000000000003,1.0,98.785,20.935,1.842,120.0,0.1538,20.775,4552.0,7.0,2529.0,2551.0,47.1976401179941,0.020935,8,4.3431053203040175,
scalar,BenchmarkALPMatrix,float,counter,120,0,regular,XOR2,decode,6,BenchmarkALPMatrix/float/counter/n=120/buckets=0/time=regular/XOR2/decode,752.55,1275.715,1.0,100.0,6.271,2.0,120.0,0.018575,6.253500000000001,0.0,0.0,744.9,763.3,159.45784333266894,0.006271,8,4.0,
scalar,BenchmarkALPMatrix,float,counter,120,0,regular,XOR2,encode,6,BenchmarkALPMatrix/float/counter/n=120/buckets=0/time=regular/XOR2/encode,1240.5,774.0899999999999,1.0,99.595,10.295,2.0,120.0,0.052895,10.245000000000001,816.0,7.0,1228.0,1252.0,96.73518742442563,0.010295,8,4.0,
scalar,BenchmarkALPMatrix,float,counter,32,0,no-st,ALP,decode,6,BenchmarkALPMatrix/float/counter/n=32/buckets=0/time=no-st/ALP/decode,147.8,1732.4850000000001,1.0,100.0,4.618,2.906,32.0,0.017634999999999998,4.601,0.0,0.0,147.3,148.5,216.50879566982408,0.004618000000000001,8,2.7529249827942186,
scalar,BenchmarkALPMatrix,float,counter,32,0,no-st,ALP,encode,6,BenchmarkALPMatrix/float/counter/n=32/buckets=0/time=no-st/ALP/encode,1745.5,146.64499999999998,1.0,98.45500000000001,53.72,2.906,32.0,0.44384999999999997,53.275000000000006,3848.0,7.0,1735.0,1775.0,18.33285591521054,0.05372,8,2.7529249827942186,
scalar,BenchmarkALPMatrix,float,counter,32,0,no-st,XOR,decode,6,BenchmarkALPMatrix/float/counter/n=32/buckets=0/time=no-st/XOR/decode,199.55,1282.845,1.0,100.0,6.2364999999999995,2.219,32.0,0.025474999999999998,6.214,0.0,0.0,198.6,200.7,160.36081182660988,0.0062365,8,3.605227579990987,
scalar,BenchmarkALPMatrix,float,counter,32,0,no-st,XOR,encode,6,BenchmarkALPMatrix/float/counter/n=32/buckets=0/time=no-st/XOR/encode,486.25,526.47,1.0,99.245,15.08,2.219,32.0,0.09598999999999999,14.985,544.0,6.0,483.4,488.1,65.80976863753213,0.01508,8,3.605227579990987,
scalar,BenchmarkALPMatrix,float,counter,32,0,no-st,XOR2,decode,6,BenchmarkALPMatrix/float/counter/n=32/buckets=0/time=no-st/XOR2/decode,202.8,1262.385,1.0,100.0,6.337,2.25,32.0,0.0264,6.308,0.0,0.0,202.1,205.1,157.79092702169623,0.006337,8,3.5555555555555554,
scalar,BenchmarkALPMatrix,float,counter,32,0,no-st,XOR2,encode,6,BenchmarkALPMatrix/float/counter/n=32/buckets=0/time=no-st/XOR2/encode,406.20000000000005,630.22,1.0,99.03,12.57,2.25,32.0,0.09289,12.48,560.0,6.0,406.0,406.7,78.77892663712456,0.01257,8,3.5555555555555554,
scalar,BenchmarkALPMatrix,float,counter,32,0,regular,ALP,decode,6,BenchmarkALPMatrix/float/counter/n=32/buckets=0/time=regular/ALP/decode,146.14999999999998,1751.88,1.0,100.0,4.5665,3.156,32.0,0.017775,4.547499999999999,0.0,0.0,145.6,146.7,218.95313034553544,0.004566499999999999,8,2.5348542458808616,
scalar,BenchmarkALPMatrix,float,counter,32,0,regular,ALP,encode,6,BenchmarkALPMatrix/float/counter/n=32/buckets=0/time=regular/ALP/encode,1739.0,147.20999999999998,1.0,98.555,53.605000000000004,3.156,32.0,0.5109999999999999,53.025,3848.0,7.0,1717.0,1754.0,18.401380103507762,0.05360500000000001,8,2.5348542458808616,
scalar,BenchmarkALPMatrix,float,counter,32,0,regular,XOR2,decode,6,BenchmarkALPMatrix/float/counter/n=32/buckets=0/time=regular/XOR2/decode,230.75,1109.3200000000002,1.0,100.0,7.212,2.344,32.0,0.03773,7.1685,0.0,0.0,228.6,233.3,138.67822318526544,0.007212,8,3.4129692832764507,
scalar,BenchmarkALPMatrix,float,counter,32,0,regular,XOR2,encode,6,BenchmarkALPMatrix/float/counter/n=32/buckets=0/time=regular/XOR2/encode,411.45000000000005,622.13,1.0,99.04499999999999,12.735,2.344,32.0,0.07496,12.675,560.0,6.0,411.0,413.7,77.77372706282658,0.012735,8,3.4129692832764507,
scalar,BenchmarkALPMatrix,float,decimal2,1024,0,no-st,ALP,decode,6,BenchmarkALPMatrix/float/decimal2/n=1024/buckets=0/time=no-st/ALP/decode,3426.5,2391.0600000000004,1.0,100.0,3.3465,1.206,1024.0,0.015305,3.3289999999999997,0.0,0.0,3415.0,3441.0,298.8472201955348,0.0033464999999999996,8,6.633499170812604,
scalar,BenchmarkALPMatrix,float,decimal2,1024,0,no-st,ALP,encode,6,BenchmarkALPMatrix/float/decimal2/n=1024/buckets=0/time=no-st/ALP/encode,15522.0,527.765,1.0,99.71,15.114999999999998,1.206,1024.0,0.082285,15.03,8120.0,15.0,15500.0,15619.0,65.9708800412318,0.015114999999999998,8,6.633499170812604,
scalar,BenchmarkALPMatrix,float,decimal2,1024,0,no-st,XOR,decode,6,BenchmarkALPMatrix/float/decimal2/n=1024/buckets=0/time=no-st/XOR/decode,8688.0,942.9100000000001,1.0,99.995,8.483,5.676,1024.0,0.02869,8.461,0.0,0.0,8680.0,8709.0,117.86372007366482,0.008483000000000001,8,1.409443269908386,
scalar,BenchmarkALPMatrix,float,decimal2,1024,0,no-st,XOR,encode,6,BenchmarkALPMatrix/float/decimal2/n=1024/buckets=0/time=no-st/XOR/encode,17614.5,465.07000000000005,1.0,99.0,17.03,5.676,1024.0,0.12605,16.905,25120.0,15.0,17579.0,18025.0,58.13392375599648,0.01703,8,1.409443269908386,
scalar,BenchmarkALPMatrix,float,decimal2,1024,0,no-st,XOR2,decode,6,BenchmarkALPMatrix/float/decimal2/n=1024/buckets=0/time=no-st/XOR2/decode,18541.5,441.83000000000004,1.0,100.0,18.104999999999997,8.31,1024.0,0.066595,18.04,0.0,0.0,18434.0,18753.0,55.22746271876601,0.018104999999999996,8,0.9626955475330926,
scalar,BenchmarkALPMatrix,float,decimal2,1024,0,no-st,XOR2,encode,6,BenchmarkALPMatrix/float/decimal2/n=1024/buckets=0/time=no-st/XOR2/encode,19925.0,411.15,1.0,98.76,19.22,8.31,1024.0,0.15405,19.07,34608.0,16.0,19900.0,19977.0,51.39272271016311,0.019219999999999998,8,0.9626955475330926,
scalar,BenchmarkALPMatrix,float,decimal2,1024,0,regular,ALP,decode,6,BenchmarkALPMatrix/float/decimal2/n=1024/buckets=0/time=regular/ALP/decode,3429.0,2389.215,1.0,100.0,3.349,1.269,1024.0,0.01278,3.3354999999999997,0.0,0.0,3419.0,3440.0,298.62933799941675,0.0033490000000000004,8,6.304176516942475,
scalar,BenchmarkALPMatrix,float,decimal2,1024,0,regular,ALP,encode,6,BenchmarkALPMatrix/float/decimal2/n=1024/buckets=0/time=regular/ALP/encode,15600.0,525.125,1.0,99.685,15.184999999999999,1.269,1024.0,0.076715,15.11,8248.0,15.0,15447.0,15634.0,65.64102564102564,0.015184999999999999,8,6.304176516942475,
scalar,BenchmarkALPMatrix,float,decimal2,1024,0,regular,XOR2,decode,6,BenchmarkALPMatrix/float/decimal2/n=1024/buckets=0/time=regular/XOR2/decode,18698.5,438.1,1.0,100.0,18.259999999999998,8.309,1024.0,0.06667000000000001,18.185000000000002,0.0,0.0,18647.0,18751.0,54.763751103029655,0.01826,8,0.9628114093152005,
scalar,BenchmarkALPMatrix,float,decimal2,1024,0,regular,XOR2,encode,6,BenchmarkALPMatrix/float/decimal2/n=1024/buckets=0/time=regular/XOR2/encode,20101.0,407.55,1.0,98.695,19.384999999999998,8.309,1024.0,0.13069999999999998,19.25,34608.0,16.0,20068.0,20172.0,50.94273916720561,0.019385,8,0.9628114093152005,
scalar,BenchmarkALPMatrix,float,decimal2,120,0,changing-st,ALP,decode,6,BenchmarkALPMatrix/float/decimal2/n=120/buckets=0/time=changing-st/ALP/decode,664.95,1443.85,1.0,99.82,5.5335,2.467,120.0,0.075705,5.428,0.0,0.0,641.8,681.3,180.46469659372883,0.0055335,8,3.2428050263477908,
scalar,BenchmarkALPMatrix,float,decimal2,120,0,changing-st,ALP,encode,6,BenchmarkALPMatrix/float/decimal2/n=120/buckets=0/time=changing-st/ALP/encode,3049.0,314.9,1.0,97.42,24.48,2.467,120.0,0.4975,24.1,4552.0,7.0,2949.0,5498.0,39.35716628402755,0.024480000000000002,8,3.2428050263477908,
scalar,BenchmarkALPMatrix,float,decimal2,120,0,changing-st,XOR2,decode,6,BenchmarkALPMatrix/float/decimal2/n=120/buckets=0/time=changing-st/XOR2/decode,2032.5,472.265,1.0,100.0,16.93,8.242,120.0,0.042375,16.895,0.0,0.0,2025.0,2096.0,59.04059040590406,0.01693,8,0.9706381946129579,
scalar,BenchmarkALPMatrix,float,decimal2,120,0,changing-st,XOR2,encode,6,BenchmarkALPMatrix/float/decimal2/n=120/buckets=0/time=changing-st/XOR2/encode,2341.0,410.08500000000004,1.0,98.9,19.3,8.242,120.0,0.1036,19.195,3632.0,10.0,2313.0,2361.0,51.26014523707817,0.0193,8,0.9706381946129579,
scalar,BenchmarkALPMatrix,float,decimal2,120,0,jitter,ALP,decode,6,BenchmarkALPMatrix/float/decimal2/n=120/buckets=0/time=jitter/ALP/decode,705.35,1361.02,1.0,100.0,5.878,3.275,120.0,0.027595,5.8515,0.0,0.0,703.9,711.4,170.12830509676047,0.005878,8,2.4427480916030535,
scalar,BenchmarkALPMatrix,float,decimal2,120,0,jitter,ALP,encode,6,BenchmarkALPMatrix/float/decimal2/n=120/buckets=0/time=jitter/ALP/encode,2819.0,340.55499999999995,1.0,98.91499999999999,23.24,3.275,120.0,0.21325,23.03,4552.0,7.0,2813.0,2830.0,42.56828662646328,0.023239999999999997,8,2.4427480916030535,
scalar,BenchmarkALPMatrix,float,decimal2,120,0,jitter,XOR2,decode,6,BenchmarkALPMatrix/float/decimal2/n=120/buckets=0/time=jitter/XOR2/decode,1164.5,824.365,1.0,100.0,9.706,7.667,120.0,0.05617,9.6525,0.0,0.0,1163.0,1171.0,103.04851867754401,0.009706,8,1.0434328942219904,
scalar,BenchmarkALPMatrix,float,decimal2,120,0,jitter,XOR2,encode,6,BenchmarkALPMatrix/float/decimal2/n=120/buckets=0/time=jitter/XOR2/encode,2169.0,442.675,1.0,98.50999999999999,17.775,7.667,120.0,0.1036,17.67,3632.0,10.0,2135.0,2250.0,55.325034578146614,0.017775,8,1.0434328942219904,
scalar,BenchmarkALPMatrix,float,decimal2,120,0,no-st-jitter,ALP,decode,6,BenchmarkALPMatrix/float/decimal2/n=120/buckets=0/time=no-st-jitter/ALP/decode,710.3499999999999,1351.4850000000001,1.0,100.1,5.9239999999999995,3.208,120.0,0.01615,5.906499999999999,0.0,0.0,708.2,754.8,168.93080875624693,0.005924,8,2.4937655860349124,
scalar,BenchmarkALPMatrix,float,decimal2,120,0,no-st-jitter,ALP,encode,6,BenchmarkALPMatrix/float/decimal2/n=120/buckets=0/time=no-st-jitter/ALP/encode,2997.5,320.29499999999996,1.0,99.025,24.740000000000002,3.208,120.0,0.15794999999999998,24.58,4552.0,7.0,2951.0,3042.0,40.033361134278564,0.02474,8,2.4937655860349124,
scalar,BenchmarkALPMatrix,float,decimal2,120,0,no-st-jitter,XOR,decode,6,BenchmarkALPMatrix/float/decimal2/n=120/buckets=0/time=no-st-jitter/XOR/decode,1571.0,610.95,1.0,99.97,13.09,7.617,120.0,0.055255,13.055,0.0,0.0,1569.0,1579.0,76.38446849140675,0.01309,8,1.0502822633582776,
scalar,BenchmarkALPMatrix,float,decimal2,120,0,no-st-jitter,XOR,encode,6,BenchmarkALPMatrix/float/decimal2/n=120/buckets=0/time=no-st-jitter/XOR/encode,2609.0,367.915,1.0,99.01499999999999,21.545,7.617,120.0,0.12095,21.41,3616.0,10.0,2586.0,2630.0,45.994633959371406,0.021545,8,1.0502822633582776,
scalar,BenchmarkALPMatrix,float,decimal2,120,0,no-st-jitter,XOR2,decode,6,BenchmarkALPMatrix/float/decimal2/n=120/buckets=0/time=no-st-jitter/XOR2/decode,1211.0,792.6949999999999,1.0,100.1,10.105,7.642,120.0,0.031905,10.08,0.0,0.0,1199.0,1220.0,99.0916597853014,0.010105000000000001,8,1.0468463752944255,
scalar,BenchmarkALPMatrix,float,decimal2,120,0,no-st-jitter,XOR2,encode,6,BenchmarkALPMatrix/float/decimal2/n=120/buckets=0/time=no-st-jitter/XOR2/encode,2301.5,417.175,1.0,98.94999999999999,18.985,7.642,120.0,0.12115000000000001,18.865000000000002,3632.0,10.0,2287.0,2375.0,52.13990875515968,0.018985,8,1.0468463752944255,
scalar,BenchmarkALPMatrix,float,decimal2,120,0,no-st,ALP,decode,6,BenchmarkALPMatrix/float/decimal2/n=120/buckets=0/time=no-st/ALP/decode,398.75,2407.5649999999996,1.0,100.0,3.323,1.308,120.0,0.0082875,3.316,0.0,0.0,398.4,399.9,300.94043887147336,0.003323,8,6.116207951070336,
scalar,BenchmarkALPMatrix,float,decimal2,120,0,no-st,ALP,decode-cold,6,BenchmarkALPMatrix/float/decimal2/n=120/buckets=0/time=no-st/ALP/decode-cold,535.15,1793.9,1.0,98.01,4.371,1.308,120.0,0.035265000000000005,4.3345,1552.0,4.0,532.7,537.2,224.23619545921704,0.004371000000000001,8,6.116207951070336,
scalar,BenchmarkALPMatrix,float,decimal2,120,0,no-st,ALP,encode,6,BenchmarkALPMatrix/float/decimal2/n=120/buckets=0/time=no-st/ALP/encode,2528.5,379.65,1.0,98.78,20.82,1.308,120.0,0.14145000000000002,20.68,4552.0,7.0,2509.0,2541.0,47.45896776745106,0.02082,8,6.116207951070336,
scalar,BenchmarkALPMatrix,float,decimal2,120,0,no-st,XOR,decode,6,BenchmarkALPMatrix/float/decimal2/n=120/buckets=0/time=no-st/XOR/decode,1023.0,938.575,1.0,99.995,8.5245,5.767,120.0,0.054095000000000004,8.471,0.0,0.0,1019.0,1030.0,117.30205278592375,0.008524499999999999,8,1.387203051846714,
scalar,BenchmarkALPMatrix,float,decimal2,120,0,no-st,XOR,decode-cold,6,BenchmarkALPMatrix/float/decimal2/n=120/buckets=0/time=no-st/XOR/decode-cold,1065.5,900.815,1.0,99.94,8.872499999999999,5.767,120.0,0.071785,8.807,128.0,2.0,1040.0,1068.0,112.62318160488034,0.008872499999999998,8,1.387203051846714,
scalar,BenchmarkALPMatrix,float,decimal2,120,0,no-st,XOR,encode,6,BenchmarkALPMatrix/float/decimal2/n=120/buckets=0/time=no-st/XOR/encode,2159.0,444.58500000000004,1.0,99.24,17.855,5.767,120.0,0.14024999999999999,17.71,2208.0,9.0,2148.0,2170.0,55.5812876331635,0.017855,8,1.387203051846714,
scalar,BenchmarkALPMatrix,float,decimal2,120,0,no-st,XOR2,decode,6,BenchmarkALPMatrix/float/decimal2/n=120/buckets=0/time=no-st/XOR2/decode,850.1,1129.285,1.0,100.0,7.0845,5.775,120.0,0.015995000000000002,7.069,0.0,0.0,847.7,857.4,141.15986354546524,0.0070845000000000005,8,1.3852813852813852,
scalar,BenchmarkALPMatrix,float,decimal2,120,0,no-st,XOR2,decode-cold,6,BenchmarkALPMatrix/float/decimal2/n=120/buckets=0/time=no-st/XOR2/decode-cold,890.4,1078.16,1.0,99.94,7.416,5.775,120.0,0.02215,7.3934999999999995,144.0,2.0,886.7,892.4,134.77088948787062,0.007416000000000001,8,1.3852813852813852,
scalar,BenchmarkALPMatrix,float,decimal2,120,0,no-st,XOR2,encode,6,BenchmarkALPMatrix/float/decimal2/n=120/buckets=0/time=no-st/XOR2/encode,1769.0,542.645,1.0,99.16,14.615,5.775,120.0,0.09766,14.524999999999999,2224.0,9.0,1759.0,1809.0,67.83493499152063,0.014615,8,1.3852813852813852,
scalar,BenchmarkALPMatrix,float,decimal2,120,0,regular,ALP,decode,6,BenchmarkALPMatrix/float/decimal2/n=120/buckets=0/time=regular/ALP/decode,409.29999999999995,2345.615,1.0,100.0,3.4105,1.375,120.0,0.018205,3.3925,0.0,0.0,408.2,416.3,293.1834839970682,0.0034105,8,5.818181818181818,
scalar,BenchmarkALPMatrix,float,decimal2,120,0,regular,ALP,decode-cold,6,BenchmarkALPMatrix/float/decimal2/n=120/buckets=0/time=regular/ALP/decode-cold,557.5999999999999,1721.665,1.0,98.08500000000001,4.557,1.375,120.0,0.075035,4.482,1552.0,4.0,553.9,560.2,215.20803443328555,0.004557,8,5.818181818181818,
scalar,BenchmarkALPMatrix,float,decimal2,120,0,regular,ALP,encode,6,BenchmarkALPMatrix/float/decimal2/n=120/buckets=0/time=regular/ALP/encode,2567.0,374.03499999999997,1.0,98.765,21.125,1.375,120.0,0.19080000000000003,20.935000000000002,4552.0,7.0,2546.0,2610.0,46.74717569146864,0.021125,8,5.818181818181818,
scalar,BenchmarkALPMatrix,float,decimal2,120,0,regular,XOR2,decode,6,BenchmarkALPMatrix/float/decimal2/n=120/buckets=0/time=regular/XOR2/decode,924.7,1038.195,1.0,99.37,7.657,5.8,120.0,0.081815,7.563000000000001,0.0,0.0,893.2,945.9,129.77181788688222,0.007657,8,1.3793103448275863,
scalar,BenchmarkALPMatrix,float,decimal2,120,0,regular,XOR2,decode-cold,6,BenchmarkALPMatrix/float/decimal2/n=120/buckets=0/time=regular/XOR2/decode-cold,945.0999999999999,1015.8800000000001,1.0,99.725,7.8495,5.8,120.0,0.05921,7.792,144.0,2.0,930.0,971.1,126.9706909321765,0.0078495,8,1.3793103448275863,
scalar,BenchmarkALPMatrix,float,decimal2,120,0,regular,XOR2,encode,6,BenchmarkALPMatrix/float/decimal2/n=120/buckets=0/time=regular/XOR2/encode,1919.0,500.21500000000003,1.0,98.88,15.815,5.8,120.0,0.16845,15.645,2224.0,9.0,1870.0,1945.0,62.53256904637832,0.015815,8,1.3793103448275863,
scalar,BenchmarkALPMatrix,float,decimal2,32,0,no-st,ALP,decode,6,BenchmarkALPMatrix/float/decimal2/n=32/buckets=0/time=no-st/ALP/decode,146.3,1749.78,1.0,99.995,4.5715,2.406,32.0,0.010635,4.560499999999999,0.0,0.0,145.9,146.7,218.72863978127134,0.0045715,8,3.3250207813798833,
scalar,BenchmarkALPMatrix,float,decimal2,32,0,no-st,ALP,encode,6,BenchmarkALPMatrix/float/decimal2/n=32/buckets=0/time=no-st/ALP/encode,1692.5,151.225,1.0,98.47999999999999,52.099999999999994,2.406,32.0,0.38515,51.7,3848.0,7.0,1689.0,1713.0,18.906942392909897,0.052099999999999994,8,3.3250207813798833,
scalar,BenchmarkALPMatrix,float,decimal2,32,0,no-st,XOR,decode,6,BenchmarkALPMatrix/float/decimal2/n=32/buckets=0/time=no-st/XOR/decode,257.6,993.875,1.0,99.995,8.049,6.031,32.0,0.01619,8.029499999999999,0.0,0.0,256.8,265.3,124.22360248447204,0.008048999999999999,8,1.326479854087216,
scalar,BenchmarkALPMatrix,float,decimal2,32,0,no-st,XOR,encode,6,BenchmarkALPMatrix/float/decimal2/n=32/buckets=0/time=no-st/XOR/encode,663.6,385.765,1.0,99.11500000000001,20.58,6.031,32.0,0.1028,20.475,800.0,7.0,662.5,667.3,48.221820373719105,0.020579999999999998,8,1.326479854087216,
scalar,BenchmarkALPMatrix,float,decimal2,32,0,no-st,XOR2,decode,6,BenchmarkALPMatrix/float/decimal2/n=32/buckets=0/time=no-st/XOR2/decode,241.05,1061.9450000000002,1.0,99.99,7.532500000000001,6.094,32.0,0.01848,7.5105,0.0,0.0,238.9,242.7,132.75254096660444,0.007532500000000001,8,1.3127666557269444,
scalar,BenchmarkALPMatrix,float,decimal2,32,0,no-st,XOR2,encode,6,BenchmarkALPMatrix/float/decimal2/n=32/buckets=0/time=no-st/XOR2/encode,545.15,469.595,1.0,98.93,16.835,6.094,32.0,0.08871499999999999,16.740000000000002,816.0,7.0,543.8,546.5,58.69944052095754,0.016835,8,1.3127666557269444,
scalar,BenchmarkALPMatrix,float,decimal2,32,0,regular,ALP,decode,6,BenchmarkALPMatrix/float/decimal2/n=32/buckets=0/time=regular/ALP/decode,147.4,1736.8200000000002,1.0,100.0,4.606,2.656,32.0,0.011875,4.594,0.0,0.0,147.1,147.6,217.09633649932155,0.004606,8,3.012048192771084,
scalar,BenchmarkALPMatrix,float,decimal2,32,0,regular,ALP,encode,6,BenchmarkALPMatrix/float/decimal2/n=32/buckets=0/time=regular/ALP/encode,1700.5,150.555,1.0,98.46000000000001,52.305,2.656,32.0,0.397,51.894999999999996,3848.0,7.0,1693.0,1711.0,18.817994707438988,0.052305,8,3.012048192771084,
scalar,BenchmarkALPMatrix,float,decimal2,32,0,regular,XOR2,decode,6,BenchmarkALPMatrix/float/decimal2/n=32/buckets=0/time=regular/XOR2/decode,246.45,1038.67,1.0,99.995,7.701499999999999,6.188,32.0,0.013935,7.6875,0.0,0.0,245.2,247.3,129.84378170014202,0.007701499999999999,8,1.292824822236587,
scalar,BenchmarkALPMatrix,float,decimal2,32,0,regular,XOR2,encode,6,BenchmarkALPMatrix/float/decimal2/n=32/buckets=0/time=regular/XOR2/encode,549.4000000000001,465.96000000000004,1.0,98.945,16.98,6.188,32.0,0.08981,16.884999999999998,816.0,7.0,547.6,551.4,58.24535857298871,0.016980000000000002,8,1.292824822236587,
scalar,BenchmarkALPMatrix,float,decimal6,1024,0,no-st,ALP,decode,6,BenchmarkALPMatrix/float/decimal6/n=1024/buckets=0/time=no-st/ALP/decode,3406.0,2405.145,1.0,100.0,3.3265000000000002,1.294,1024.0,0.011895,3.3145,0.0,0.0,3397.0,3410.0,300.6459189665297,0.0033265,8,6.182380216383307,
scalar,BenchmarkALPMatrix,float,decimal6,1024,0,no-st,ALP,encode,6,BenchmarkALPMatrix/float/decimal6/n=1024/buckets=0/time=no-st/ALP/encode,19889.0,411.895,1.0,99.765,19.369999999999997,1.294,1024.0,0.080185,19.29,8248.0,15.0,19845.0,20060.0,51.48574588968777,0.01937,8,6.182380216383307,
scalar,BenchmarkALPMatrix,float,decimal6,1024,0,no-st,XOR,decode,6,BenchmarkALPMatrix/float/decimal6/n=1024/buckets=0/time=no-st/XOR/decode,9204.5,890.0,1.0,100.0,8.9895,5.64,1024.0,0.029565,8.957,0.0,0.0,9157.0,9218.0,111.24993209843012,0.0089895,8,1.4184397163120568,
scalar,BenchmarkALPMatrix,float,decimal6,1024,0,no-st,XOR,encode,6,BenchmarkALPMatrix/float/decimal6/n=1024/buckets=0/time=no-st/XOR/encode,21033.5,389.475,1.0,99.2,20.365000000000002,5.64,1024.0,0.1224,20.270000000000003,25120.0,15.0,20877.0,21158.0,48.684241804740054,0.020365,8,1.4184397163120568,
scalar,BenchmarkALPMatrix,float,decimal6,1024,0,no-st,XOR2,decode,6,BenchmarkALPMatrix/float/decimal6/n=1024/buckets=0/time=no-st/XOR2/decode,18631.0,439.695,1.0,100.0,18.195,8.273,1024.0,0.0645,18.134999999999998,0.0,0.0,18601.0,18670.0,54.96215984112501,0.018195,8,0.9670010878762239,
scalar,BenchmarkALPMatrix,float,decimal6,1024,0,no-st,XOR2,encode,6,BenchmarkALPMatrix/float/decimal6/n=1024/buckets=0/time=no-st/XOR2/encode,20122.5,407.11,1.0,98.715,19.395,8.273,1024.0,0.1478,19.25,34608.0,16.0,20017.0,20153.0,50.88830910672133,0.019395,8,0.9670010878762239,
scalar,BenchmarkALPMatrix,float,decimal6,1024,0,regular,ALP,decode,6,BenchmarkALPMatrix/float/decimal6/n=1024/buckets=0/time=regular/ALP/decode,3471.0,2360.215,1.0,100.0,3.3899999999999997,1.356,1024.0,0.015064999999999999,3.3745000000000003,0.0,0.0,3465.0,3474.0,295.01584557764335,0.00339,8,5.899705014749262,
scalar,BenchmarkALPMatrix,float,decimal6,1024,0,regular,ALP,encode,6,BenchmarkALPMatrix/float/decimal6/n=1024/buckets=0/time=regular/ALP/encode,19992.0,409.765,1.0,99.775,19.48,1.356,1024.0,0.09473999999999999,19.39,8376.0,15.0,19924.0,20074.0,51.22048819527811,0.01948,8,5.899705014749262,
scalar,BenchmarkALPMatrix,float,decimal6,1024,0,regular,XOR2,decode,6,BenchmarkALPMatrix/float/decimal6/n=1024/buckets=0/time=regular/XOR2/decode,19203.5,426.58500000000004,1.0,99.995,18.755000000000003,8.272,1024.0,0.07857,18.67,0.0,0.0,19177.0,19278.0,53.32361288306819,0.018755,8,0.9671179883945841,
scalar,BenchmarkALPMatrix,float,decimal6,1024,0,regular,XOR2,encode,6,BenchmarkALPMatrix/float/decimal6/n=1024/buckets=0/time=regular/XOR2/encode,20143.0,406.695,1.0,98.75,19.425,8.272,1024.0,0.13155,19.295,34608.0,16.0,20121.0,20204.0,50.836518889936954,0.019425,8,0.9671179883945841,
scalar,BenchmarkALPMatrix,float,decimal6,120,0,no-st,ALP,decode,6,BenchmarkALPMatrix/float/decimal6/n=120/buckets=0/time=no-st/ALP/decode,412.5,2327.16,1.0,100.0,3.4379999999999997,1.392,120.0,0.012325,3.425,0.0,0.0,411.6,415.2,290.90909090909093,0.0034379999999999997,8,5.74712643678161,
scalar,BenchmarkALPMatrix,float,decimal6,120,0,no-st,ALP,encode,6,BenchmarkALPMatrix/float/decimal6/n=120/buckets=0/time=no-st/ALP/encode,6821.0,140.745,1.0,99.63,56.635,1.392,120.0,0.30275,56.29,4552.0,7.0,6810.0,6845.0,17.592728338953233,0.056635,8,5.74712643678161,
scalar,BenchmarkALPMatrix,float,decimal6,120,0,no-st,XOR,decode,6,BenchmarkALPMatrix/float/decimal6/n=120/buckets=0/time=no-st/XOR/decode,1091.0,880.075,1.0,100.0,9.092500000000001,5.733,120.0,0.022850000000000002,9.0655,0.0,0.0,1084.0,1097.0,109.99083409715857,0.009092500000000002,8,1.3954299668585384,
scalar,BenchmarkALPMatrix,float,decimal6,120,0,no-st,XOR,encode,6,BenchmarkALPMatrix/float/decimal6/n=120/buckets=0/time=no-st/XOR/encode,2618.5,366.595,1.0,99.46,21.68,5.733,120.0,0.1114,21.57,2208.0,9.0,2612.0,2639.0,45.827763987015466,0.02168,8,1.3954299668585384,
scalar,BenchmarkALPMatrix,float,decimal6,120,0,no-st,XOR2,decode,6,BenchmarkALPMatrix/float/decimal6/n=120/buckets=0/time=no-st/XOR2/decode,909.45,1055.58,1.0,100.0,7.579,5.742,120.0,0.02945,7.548500000000001,0.0,0.0,898.3,918.3,131.94788058716807,0.007579,8,1.3932427725531173,
scalar,BenchmarkALPMatrix,float,decimal6,120,0,no-st,XOR2,encode,6,BenchmarkALPMatrix/float/decimal6/n=120/buckets=0/time=no-st/XOR2/encode,1833.0,523.685,1.0,99.17,15.14,5.742,120.0,0.09362000000000001,15.04,2224.0,9.0,1829.0,1869.0,65.46644844517185,0.01514,8,1.3932427725531173,
scalar,BenchmarkALPMatrix,float,decimal6,120,0,regular,ALP,decode,6,BenchmarkALPMatrix/float/decimal6/n=120/buckets=0/time=regular/ALP/decode,417.55,2299.24,1.0,100.0,3.4800000000000004,1.458,120.0,0.022015,3.4585,0.0,0.0,414.2,418.7,287.3907316489043,0.0034800000000000005,8,5.486968449931413,
scalar,BenchmarkALPMatrix,float,decimal6,120,0,regular,ALP,encode,6,BenchmarkALPMatrix/float/decimal6/n=120/buckets=0/time=regular/ALP/encode,6904.0,139.045,1.0,99.585,57.29,1.458,120.0,0.3844,56.8,4552.0,7.0,6802.0,7093.0,17.381228273464657,0.05729,8,5.486968449931413,
scalar,BenchmarkALPMatrix,float,decimal6,120,0,regular,XOR2,decode,6,BenchmarkALPMatrix/float/decimal6/n=120/buckets=0/time=regular/XOR2/decode,922.8499999999999,1040.23,1.0,100.0,7.6905,5.767,120.0,0.030274999999999996,7.6625,0.0,0.0,919.9,941.6,130.0319661916888,0.0076905,8,1.387203051846714,
scalar,BenchmarkALPMatrix,float,decimal6,120,0,regular,XOR2,encode,6,BenchmarkALPMatrix/float/decimal6/n=120/buckets=0/time=regular/XOR2/encode,1833.0,523.72,1.0,99.16499999999999,15.149999999999999,5.767,120.0,0.093885,15.05,2224.0,9.0,1823.0,1848.0,65.46644844517185,0.015149999999999999,8,1.387203051846714,
scalar,BenchmarkALPMatrix,float,decimal6,32,0,no-st,ALP,decode,6,BenchmarkALPMatrix/float/decimal6/n=32/buckets=0/time=no-st/ALP/decode,145.1,1764.3200000000002,1.0,100.0,4.5344999999999995,2.406,32.0,0.011134999999999999,4.524,0.0,0.0,144.9,146.6,220.53756030323916,0.0045344999999999995,8,3.3250207813798833,
scalar,BenchmarkALPMatrix,float,decimal6,32,0,no-st,ALP,encode,6,BenchmarkALPMatrix/float/decimal6/n=32/buckets=0/time=no-st/ALP/encode,5889.5,43.465,1.0,99.62,183.35000000000002,2.406,32.0,0.8068,182.45,3848.0,7.0,5874.0,5910.0,5.433398420918584,0.18335,8,3.3250207813798833,
scalar,BenchmarkALPMatrix,float,decimal6,32,0,no-st,XOR,decode,6,BenchmarkALPMatrix/float/decimal6/n=32/buckets=0/time=no-st/XOR/decode,298.2,858.4000000000001,1.0,100.0,9.32,6.062,32.0,0.021445,9.3045,0.0,0.0,296.3,300.4,107.31052984574112,0.00932,8,1.319696469811943,
scalar,BenchmarkALPMatrix,float,decimal6,32,0,no-st,XOR,encode,6,BenchmarkALPMatrix/float/decimal6/n=32/buckets=0/time=no-st/XOR/encode,713.1,358.985,1.0,99.235,22.115000000000002,6.062,32.0,0.08843999999999999,22.03,800.0,7.0,711.6,716.1,44.8744916561492,0.022115000000000003,8,1.319696469811943,
scalar,BenchmarkALPMatrix,float,decimal6,32,0,no-st,XOR2,decode,6,BenchmarkALPMatrix/float/decimal6/n=32/buckets=0/time=no-st/XOR2/decode,252.2,1015.115,1.0,100.0,7.879,6.125,32.0,0.022765,7.8565000000000005,0.0,0.0,250.8,258.6,126.88342585249802,0.007878999999999999,8,1.3061224489795917,
scalar,BenchmarkALPMatrix,float,decimal6,32,0,no-st,XOR2,encode,6,BenchmarkALPMatrix/float/decimal6/n=32/buckets=0/time=no-st/XOR2/encode,555.55,460.805,1.0,98.975,17.18,6.125,32.0,0.09541,17.105,816.0,7.0,553.1,560.3,57.60057600576006,0.01718,8,1.3061224489795917,
scalar,BenchmarkALPMatrix,float,decimal6,32,0,regular,ALP,decode,6,BenchmarkALPMatrix/float/decimal6/n=32/buckets=0/time=regular/ALP/decode,148.6,1722.87,1.0,100.0,4.6434999999999995,2.656,32.0,0.018875000000000003,4.6235,0.0,0.0,148.2,149.9,215.34320323014805,0.004643499999999999,8,3.012048192771084,
scalar,BenchmarkALPMatrix,float,decimal6,32,0,regular,ALP,encode,6,BenchmarkALPMatrix/float/decimal6/n=32/buckets=0/time=regular/ALP/encode,6015.5,42.555,1.0,99.535,187.0,2.656,32.0,1.3555000000000001,185.64999999999998,3848.0,7.0,5958.0,6135.0,5.319591056437536,0.187,8,3.012048192771084,
scalar,BenchmarkALPMatrix,float,decimal6,32,0,regular,XOR2,decode,6,BenchmarkALPMatrix/float/decimal6/n=32/buckets=0/time=regular/XOR2/decode,254.60000000000002,1005.5450000000001,1.0,99.97,7.955500000000001,6.219,32.0,0.077765,7.8934999999999995,0.0,0.0,251.9,268.9,125.68735271013354,0.0079555,8,1.2863804470172053,
scalar,BenchmarkALPMatrix,float,decimal6,32,0,regular,XOR2,encode,6,BenchmarkALPMatrix/float/decimal6/n=32/buckets=0/time=regular/XOR2/encode,569.25,449.72,1.0,98.955,17.615,6.219,32.0,0.12185,17.485,816.0,7.0,566.7,581.4,56.2143170838823,0.017615,8,1.2863804470172053,
scalar,BenchmarkALPMatrix,float,noisy-decimal,1024,0,no-st,ALP,decode,6,BenchmarkALPMatrix/float/noisy-decimal/n=1024/buckets=0/time=no-st/ALP/decode,3500.5,2340.2650000000003,1.0,100.0,3.4185,2.081,1024.0,0.0099885,3.409,0.0,0.0,3489.0,3556.0,292.52963862305387,0.0034184999999999997,8,3.8443056222969725,
scalar,BenchmarkALPMatrix,float,noisy-decimal,1024,0,no-st,ALP,encode,6,BenchmarkALPMatrix/float/noisy-decimal/n=1024/buckets=0/time=no-st/ALP/encode,16251.0,504.09,1.0,99.47,15.785,2.081,1024.0,0.092325,15.670000000000002,14264.0,17.0,16095.0,16689.0,63.01150698418559,0.015785,8,3.8443056222969725,
scalar,BenchmarkALPMatrix,float,noisy-decimal,1024,0,no-st,XOR,decode,6,BenchmarkALPMatrix/float/noisy-decimal/n=1024/buckets=0/time=no-st/XOR/decode,8516.0,961.98,1.0,100.0,8.316,7.014,1024.0,0.077085,8.248,0.0,0.0,8482.0,8538.0,120.24424612494128,0.008316,8,1.140575990875392,
scalar,BenchmarkALPMatrix,float,noisy-decimal,1024,0,no-st,XOR,encode,6,BenchmarkALPMatrix/float/noisy-decimal/n=1024/buckets=0/time=no-st/XOR/encode,22595.5,362.56,1.0,98.85499999999999,21.814999999999998,7.014,1024.0,0.37245,21.380000000000003,34592.0,16.0,22325.0,23537.0,45.318758159810585,0.021814999999999998,8,1.140575990875392,
scalar,BenchmarkALPMatrix,float,noisy-decimal,1024,0,no-st,XOR2,decode,6,BenchmarkALPMatrix/float/noisy-decimal/n=1024/buckets=0/time=no-st/XOR2/decode,17313.5,473.16999999999996,1.0,100.0,16.92,9.647,1024.0,0.06778999999999999,16.85,0.0,0.0,17043.0,17447.0,59.14459814595547,0.01692,8,0.8292733492277392,
scalar,BenchmarkALPMatrix,float,noisy-decimal,1024,0,no-st,XOR2,encode,6,BenchmarkALPMatrix/float/noisy-decimal/n=1024/buckets=0/time=no-st/XOR2/encode,21079.0,388.64,1.0,98.435,20.27,9.647,1024.0,0.16544999999999999,20.105,46896.0,17.0,20695.0,21374.0,48.57915460885241,0.02027,8,0.8292733492277392,
scalar,BenchmarkALPMatrix,float,noisy-decimal,1024,0,regular,ALP,decode,6,BenchmarkALPMatrix/float/noisy-decimal/n=1024/buckets=0/time=regular/ALP/decode,3521.0,2326.44,1.0,100.0,3.439,2.144,1024.0,0.02355,3.4154999999999998,0.0,0.0,3500.0,3559.0,290.8264697529111,0.003439,8,3.731343283582089,
scalar,BenchmarkALPMatrix,float,noisy-decimal,1024,0,regular,ALP,encode,6,BenchmarkALPMatrix/float/noisy-decimal/n=1024/buckets=0/time=regular/ALP/encode,16124.0,508.05499999999995,1.0,99.42500000000001,15.655000000000001,2.144,1024.0,0.11235,15.565000000000001,14264.0,17.0,16052.0,16717.0,63.50781443810469,0.015655000000000002,8,3.731343283582089,
scalar,BenchmarkALPMatrix,float,noisy-decimal,1024,0,regular,XOR2,decode,6,BenchmarkALPMatrix/float/noisy-decimal/n=1024/buckets=0/time=regular/XOR2/decode,13113.5,624.69,1.0,100.0,12.805,9.646,1024.0,0.04572,12.785,0.0,0.0,13090.0,13222.0,78.08746711404278,0.012805,8,0.8293593199253576,
scalar,BenchmarkALPMatrix,float,noisy-decimal,1024,0,regular,XOR2,encode,6,BenchmarkALPMatrix/float/noisy-decimal/n=1024/buckets=0/time=regular/XOR2/encode,21098.0,388.29499999999996,1.0,98.445,20.284999999999997,9.646,1024.0,0.25715,20.02,46896.0,17.0,20813.0,22110.0,48.53540619963977,0.020284999999999997,8,0.8293593199253576,
scalar,BenchmarkALPMatrix,float,noisy-decimal,120,0,no-st,ALP,decode,6,BenchmarkALPMatrix/float/noisy-decimal/n=120/buckets=0/time=no-st/ALP/decode,412.45,2327.625,1.0,100.0,3.4370000000000003,2.175,120.0,0.033255,3.4055,0.0,0.0,410.9,418.1,290.94435689174446,0.0034370000000000004,8,3.6781609195402303,
scalar,BenchmarkALPMatrix,float,noisy-decimal,120,0,no-st,ALP,encode,6,BenchmarkALPMatrix/float/noisy-decimal/n=120/buckets=0/time=no-st/ALP/encode,2676.5,358.8,1.0,98.78,22.04,2.175,120.0,0.19215,21.85,4552.0,7.0,2572.0,5768.0,44.83467214645993,0.02204,8,3.6781609195402303,
scalar,BenchmarkALPMatrix,float,noisy-decimal,120,0,no-st,XOR,decode,6,BenchmarkALPMatrix/float/noisy-decimal/n=120/buckets=0/time=no-st/XOR/decode,1033.0,929.53,1.0,99.99,8.606,7.117,120.0,0.022835,8.5785,0.0,0.0,1031.0,1034.0,116.16650532429816,0.008605999999999999,8,1.1240691302515105,
scalar,BenchmarkALPMatrix,float,noisy-decimal,120,0,no-st,XOR,encode,6,BenchmarkALPMatrix/float/noisy-decimal/n=120/buckets=0/time=no-st/XOR/encode,2443.0,392.91999999999996,1.0,99.37,20.235,7.117,120.0,0.07736,20.175,2208.0,9.0,2431.0,2625.0,49.11993450675399,0.020235,8,1.1240691302515105,
scalar,BenchmarkALPMatrix,float,noisy-decimal,120,0,no-st,XOR2,decode,6,BenchmarkALPMatrix/float/noisy-decimal/n=120/buckets=0/time=no-st/XOR2/decode,898.3,1068.7,1.0,99.995,7.486000000000001,7.125,120.0,0.01384,7.4704999999999995,0.0,0.0,892.8,907.1,133.58566180563287,0.0074860000000000005,8,1.1228070175438596,
scalar,BenchmarkALPMatrix,float,noisy-decimal,120,0,no-st,XOR2,encode,6,BenchmarkALPMatrix/float/noisy-decimal/n=120/buckets=0/time=no-st/XOR2/encode,1920.5,499.945,1.0,99.215,15.875,7.125,120.0,0.084455,15.79,2224.0,9.0,1908.0,1927.0,62.48372819578235,0.015875,8,1.1228070175438596,
scalar,BenchmarkALPMatrix,float,noisy-decimal,120,0,regular,ALP,decode,6,BenchmarkALPMatrix/float/noisy-decimal/n=120/buckets=0/time=regular/ALP/decode,422.55,2272.0299999999997,1.0,100.0,3.5214999999999996,2.242,120.0,0.011415,3.51,0.0,0.0,422.3,424.2,283.99006034788783,0.0035214999999999995,8,3.568242640499554,
scalar,BenchmarkALPMatrix,float,noisy-decimal,120,0,regular,ALP,encode,6,BenchmarkALPMatrix/float/noisy-decimal/n=120/buckets=0/time=regular/ALP/encode,2653.5,361.81500000000005,1.0,98.795,21.84,2.242,120.0,0.16015000000000001,21.68,4552.0,7.0,2614.0,2671.0,45.22328999434709,0.02184,8,3.568242640499554,
scalar,BenchmarkALPMatrix,float,noisy-decimal,120,0,regular,XOR2,decode,6,BenchmarkALPMatrix/float/noisy-decimal/n=120/buckets=0/time=regular/XOR2/decode,902.5999999999999,1063.58,1.0,99.995,7.5215,7.15,120.0,0.026180000000000002,7.496,0.0,0.0,897.5,908.7,132.94925769997786,0.0075214999999999995,8,1.1188811188811187,
scalar,BenchmarkALPMatrix,float,noisy-decimal,120,0,regular,XOR2,encode,6,BenchmarkALPMatrix/float/noisy-decimal/n=120/buckets=0/time=regular/XOR2/encode,1962.5,489.11,1.0,99.16,16.2,7.15,120.0,0.10023,16.12,2224.0,9.0,1953.0,1985.0,61.146496815286625,0.0162,8,1.1188811188811187,
scalar,BenchmarkALPMatrix,float,noisy-decimal,32,0,no-st,ALP,decode,6,BenchmarkALPMatrix/float/noisy-decimal/n=32/buckets=0/time=no-st/ALP/decode,148.9,1719.325,1.0,100.0,4.6535,3.406,32.0,0.022574999999999998,4.6315,0.0,0.0,148.5,149.4,214.90933512424445,0.0046535000000000005,8,2.3487962419260127,
scalar,BenchmarkALPMatrix,float,noisy-decimal,32,0,no-st,ALP,encode,6,BenchmarkALPMatrix/float/noisy-decimal/n=32/buckets=0/time=no-st/ALP/encode,1735.5,147.485,1.0,98.48,53.425,3.406,32.0,0.5285500000000001,52.885000000000005,3848.0,7.0,1727.0,1740.0,18.43849034860271,0.053425,8,2.3487962419260127,
scalar,BenchmarkALPMatrix,float,noisy-decimal,32,0,no-st,XOR,decode,6,BenchmarkALPMatrix/float/noisy-decimal/n=32/buckets=0/time=no-st/XOR/decode,300.1,853.01,1.0,100.0,9.379,7.438,32.0,0.050085,9.33,0.0,0.0,298.8,308.8,106.63112295901365,0.009379,8,1.0755579456843238,
scalar,BenchmarkALPMatrix,float,noisy-decimal,32,0,no-st,XOR,encode,6,BenchmarkALPMatrix/float/noisy-decimal/n=32/buckets=0/time=no-st/XOR/encode,727.0,352.135,1.0,99.24,22.545,7.438,32.0,0.22115,22.32,800.0,7.0,723.1,732.7,44.016506189821186,0.022545000000000003,8,1.0755579456843238,
scalar,BenchmarkALPMatrix,float,noisy-decimal,32,0,no-st,XOR2,decode,6,BenchmarkALPMatrix/float/noisy-decimal/n=32/buckets=0/time=no-st/XOR2/decode,259.8,985.495,1.0,100.0,8.118500000000001,7.469,32.0,0.041389999999999996,8.0805,0.0,0.0,259.2,260.8,123.17167051578136,0.0081185,8,1.0710938545990092,
scalar,BenchmarkALPMatrix,float,noisy-decimal,32,0,no-st,XOR2,encode,6,BenchmarkALPMatrix/float/noisy-decimal/n=32/buckets=0/time=no-st/XOR2/encode,595.05,430.22,1.0,99.04,18.42,7.469,32.0,0.1637,18.255000000000003,816.0,7.0,593.1,597.9,53.77699352995547,0.018420000000000002,8,1.0710938545990092,
scalar,BenchmarkALPMatrix,float,noisy-decimal,32,0,regular,ALP,decode,6,BenchmarkALPMatrix/float/noisy-decimal/n=32/buckets=0/time=regular/ALP/decode,144.5,1771.315,1.0,100.0,4.516500000000001,3.656,32.0,0.01706,4.5,0.0,0.0,144.3,144.9,221.45328719723184,0.0045165000000000005,8,2.1881838074398248,
scalar,BenchmarkALPMatrix,float,noisy-decimal,32,0,regular,ALP,encode,6,BenchmarkALPMatrix/float/noisy-decimal/n=32/buckets=0/time=regular/ALP/encode,1721.0,148.755,1.0,98.55,53.015,3.656,32.0,0.52105,52.489999999999995,3848.0,7.0,1715.0,1731.0,18.593840790238232,0.053015,8,2.1881838074398248,
scalar,BenchmarkALPMatrix,float,noisy-decimal,32,0,regular,XOR2,decode,6,BenchmarkALPMatrix/float/noisy-decimal/n=32/buckets=0/time=regular/XOR2/decode,263.6,971.27,1.0,99.99,8.236,7.562,32.0,0.030035,8.205,0.0,0.0,263.3,265.3,121.39605462822458,0.008236,8,1.057921184871727,
scalar,BenchmarkALPMatrix,float,noisy-decimal,32,0,regular,XOR2,encode,6,BenchmarkALPMatrix/float/noisy-decimal/n=32/buckets=0/time=regular/XOR2/encode,600.75,426.15,1.0,99.09,18.6,7.562,32.0,0.122,18.475,816.0,7.0,598.8,602.3,53.26674989596338,0.018600000000000002,8,1.057921184871727,
scalar,BenchmarkALPMatrix,float,outliers20,1024,0,no-st,ALP,decode,6,BenchmarkALPMatrix/float/outliers20/n=1024/buckets=0/time=no-st/ALP/decode,3550.5,2307.0600000000004,1.0,100.0,3.4675000000000002,3.208,1024.0,0.01361,3.4539999999999997,0.0,0.0,3546.0,3567.0,288.4100830868892,0.0034675,8,2.4937655860349124,
scalar,BenchmarkALPMatrix,float,outliers20,1024,0,no-st,ALP,encode,6,BenchmarkALPMatrix/float/outliers20/n=1024/buckets=0/time=no-st/ALP/encode,64841.5,126.34,1.0,99.87,63.235,3.208,1024.0,0.2844,62.95,19512.0,18.0,64591.0,65122.0,15.79235520461433,0.063235,8,2.4937655860349124,
scalar,BenchmarkALPMatrix,float,outliers20,1024,0,no-st,XOR,decode,6,BenchmarkALPMatrix/float/outliers20/n=1024/buckets=0/time=no-st/XOR/decode,9204.0,890.02,1.0,99.995,8.989,7.383,1024.0,0.031725,8.9575,0.0,0.0,9164.0,9295.0,111.25597566275532,0.008989,8,1.083570364350535,
scalar,BenchmarkALPMatrix,float,outliers20,1024,0,no-st,XOR,encode,6,BenchmarkALPMatrix/float/outliers20/n=1024/buckets=0/time=no-st/XOR/encode,16956.5,483.115,1.0,98.565,16.31,7.383,1024.0,0.13145,16.175,34592.0,16.0,16907.0,17051.0,60.38982101259104,0.016309999999999998,8,1.083570364350535,
scalar,BenchmarkALPMatrix,float,outliers20,1024,0,no-st,XOR2,decode,6,BenchmarkALPMatrix/float/outliers20/n=1024/buckets=0/time=no-st/XOR2/decode,18611.5,440.15,1.0,100.0,18.175,10.02,1024.0,0.092375,18.09,0.0,0.0,18589.0,18745.0,55.01974585605674,0.018175,8,0.7984031936127745,
scalar,BenchmarkALPMatrix,float,outliers20,1024,0,no-st,XOR2,encode,6,BenchmarkALPMatrix/float/outliers20/n=1024/buckets=0/time=no-st/XOR2/encode,21675.5,377.94,1.0,98.475,20.825000000000003,10.02,1024.0,0.16854999999999998,20.665,46896.0,17.0,21603.0,21765.0,47.242278148139604,0.020825000000000003,8,0.7984031936127745,
scalar,BenchmarkALPMatrix,float,outliers20,1024,0,regular,ALP,decode,6,BenchmarkALPMatrix/float/outliers20/n=1024/buckets=0/time=regular/ALP/decode,3574.5,2291.825,1.0,100.0,3.4909999999999997,3.271,1024.0,0.018224999999999998,3.476,0.0,0.0,3552.0,3589.0,286.4736326758987,0.0034909999999999997,8,2.4457352491592785,
scalar,BenchmarkALPMatrix,float,outliers20,1024,0,regular,ALP,encode,6,BenchmarkALPMatrix/float/outliers20/n=1024/buckets=0/time=regular/ALP/encode,64771.5,126.47999999999999,1.0,99.86,63.165,3.271,1024.0,0.2817,62.885,19512.0,18.0,64631.0,65011.0,15.809422353967408,0.063165,8,2.4457352491592785,
scalar,BenchmarkALPMatrix,float,outliers20,1024,0,regular,XOR2,decode,6,BenchmarkALPMatrix/float/outliers20/n=1024/buckets=0/time=regular/XOR2/decode,18613.0,440.13,1.0,100.0,18.18,10.02,1024.0,0.093855,18.09,0.0,0.0,18517.0,19141.0,55.01531187879439,0.018179999999999998,8,0.7984031936127745,
scalar,BenchmarkALPMatrix,float,outliers20,1024,0,regular,XOR2,encode,6,BenchmarkALPMatrix/float/outliers20/n=1024/buckets=0/time=regular/XOR2/encode,21678.5,377.885,1.0,98.37,20.82,10.02,1024.0,0.14875,20.675,46896.0,17.0,21587.0,22316.0,47.235740480199276,0.02082,8,0.7984031936127745,
scalar,BenchmarkALPMatrix,float,outliers20,120,0,no-st,ALP,decode,6,BenchmarkALPMatrix/float/outliers20/n=120/buckets=0/time=no-st/ALP/decode,569.75,1684.935,1.0,100.0,4.748,7.242,120.0,0.039470000000000005,4.711,0.0,0.0,568.9,571.3,210.6186924089513,0.0047480000000000005,8,1.1046672190002762,
scalar,BenchmarkALPMatrix,float,outliers20,120,0,no-st,ALP,encode,6,BenchmarkALPMatrix/float/outliers20/n=120/buckets=0/time=no-st/ALP/encode,4723.5,203.245,1.0,99.38499999999999,39.1,7.242,120.0,0.2412,38.86,4552.0,7.0,4705.0,4761.0,25.40489044140997,0.0391,8,1.1046672190002762,
scalar,BenchmarkALPMatrix,float,outliers20,120,0,no-st,XOR,decode,6,BenchmarkALPMatrix/float/outliers20/n=120/buckets=0/time=no-st/XOR/decode,1112.5,862.765,1.0,99.995,9.273,7.442,120.0,0.08535000000000001,9.1905,0.0,0.0,1109.0,1115.0,107.86516853932584,0.009273,8,1.0749798441279226,
scalar,BenchmarkALPMatrix,float,outliers20,120,0,no-st,XOR,encode,6,BenchmarkALPMatrix/float/outliers20/n=120/buckets=0/time=no-st/XOR/encode,2037.0,471.21500000000003,1.0,99.27000000000001,16.855,7.442,120.0,0.14125,16.715,2208.0,9.0,2025.0,2048.0,58.910162002945505,0.016855000000000002,8,1.0749798441279226,
scalar,BenchmarkALPMatrix,float,outliers20,120,0,no-st,XOR2,decode,6,BenchmarkALPMatrix/float/outliers20/n=120/buckets=0/time=no-st/XOR2/decode,950.55,1009.9549999999999,1.0,100.0,7.922000000000001,7.45,120.0,0.033170000000000005,7.8795,0.0,0.0,949.0,952.2,126.24270159381412,0.007922,8,1.0738255033557047,
scalar,BenchmarkALPMatrix,float,outliers20,120,0,no-st,XOR2,encode,6,BenchmarkALPMatrix/float/outliers20/n=120/buckets=0/time=no-st/XOR2/encode,1957.5,490.48,1.0,99.24,16.185000000000002,7.45,120.0,0.1931,15.995000000000001,2224.0,9.0,1955.0,1969.0,61.30268199233716,0.016185,8,1.0738255033557047,
scalar,BenchmarkALPMatrix,float,outliers20,120,0,regular,ALP,decode,6,BenchmarkALPMatrix/float/outliers20/n=120/buckets=0/time=regular/ALP/decode,559.55,1715.775,1.0,99.93,4.654999999999999,7.308,120.0,0.02271,4.6325,0.0,0.0,554.9,591.4,214.45804664462517,0.004654999999999999,8,1.0946907498631637,
scalar,BenchmarkALPMatrix,float,outliers20,120,0,regular,ALP,encode,6,BenchmarkALPMatrix/float/outliers20/n=120/buckets=0/time=regular/ALP/encode,4585.0,209.37,1.0,99.335,37.935,7.308,120.0,0.2627,37.665,4552.0,7.0,4561.0,4665.0,26.172300981461287,0.037935,8,1.0946907498631637,
scalar,BenchmarkALPMatrix,float,outliers20,120,0,regular,XOR2,decode,6,BenchmarkALPMatrix/float/outliers20/n=120/buckets=0/time=regular/XOR2/decode,950.3499999999999,1010.165,1.0,99.81,7.9165,7.475,120.0,0.043054999999999996,7.8825,0.0,0.0,948.8,959.5,126.26926921660441,0.0079165,8,1.0702341137123745,
scalar,BenchmarkALPMatrix,float,outliers20,120,0,regular,XOR2,encode,6,BenchmarkALPMatrix/float/outliers20/n=120/buckets=0/time=regular/XOR2/encode,2076.0,462.45000000000005,1.0,98.755,17.085,7.475,120.0,0.17054999999999998,16.915,3632.0,10.0,2054.0,2162.0,57.80346820809248,0.017085,8,1.0702341137123745,
scalar,BenchmarkALPMatrix,float,outliers20,32,0,no-st,ALP,decode,6,BenchmarkALPMatrix/float/outliers20/n=32/buckets=0/time=no-st/ALP/decode,152.9,1674.5149999999999,1.0,100.0,4.778,4.594,32.0,0.017635,4.756,0.0,0.0,152.0,154.2,209.2871157619359,0.004777999999999999,8,1.7414018284719197,
scalar,BenchmarkALPMatrix,float,outliers20,32,0,no-st,ALP,encode,6,BenchmarkALPMatrix/float/outliers20/n=32/buckets=0/time=no-st/ALP/encode,6111.0,41.89,1.0,99.61,190.2,4.594,32.0,0.98675,189.25,3848.0,7.0,6090.0,6308.0,5.236458844706267,0.19019999999999998,8,1.7414018284719197,
scalar,BenchmarkALPMatrix,float,outliers20,32,0,no-st,XOR,decode,6,BenchmarkALPMatrix/float/outliers20/n=32/buckets=0/time=no-st/XOR/decode,288.15,888.455,1.0,99.995,9.0035,7.625,32.0,0.02709,8.977,0.0,0.0,286.9,293.0,111.05327086586848,0.009003500000000001,8,1.0491803278688525,
scalar,BenchmarkALPMatrix,float,outliers20,32,0,no-st,XOR,encode,6,BenchmarkALPMatrix/float/outliers20/n=32/buckets=0/time=no-st/XOR/encode,664.3,385.36,1.0,99.17,20.59,7.625,32.0,0.11185,20.48,800.0,7.0,662.8,666.4,48.17100707511667,0.02059,8,1.0491803278688525,
scalar,BenchmarkALPMatrix,float,outliers20,32,0,no-st,XOR2,decode,6,BenchmarkALPMatrix/float/outliers20/n=32/buckets=0/time=no-st/XOR2/decode,256.75,996.98,1.0,100.0,8.024000000000001,7.656,32.0,0.028295,7.9955,0.0,0.0,256.2,257.1,124.634858812074,0.008024000000000002,8,1.044932079414838,
scalar,BenchmarkALPMatrix,float,outliers20,32,0,no-st,XOR2,encode,6,BenchmarkALPMatrix/float/outliers20/n=32/buckets=0/time=no-st/XOR2/encode,595.0999999999999,430.175,1.0,99.03,18.42,7.656,32.0,0.1101,18.31,816.0,7.0,593.7,597.1,53.77247521424972,0.018420000000000002,8,1.044932079414838,
scalar,BenchmarkALPMatrix,float,outliers20,32,0,regular,ALP,decode,6,BenchmarkALPMatrix/float/outliers20/n=32/buckets=0/time=regular/ALP/decode,150.6,1699.38,1.0,100.0,4.708,4.844,32.0,0.022605,4.686,0.0,0.0,150.0,151.7,212.48339973439576,0.004708,8,1.6515276630883566,
scalar,BenchmarkALPMatrix,float,outliers20,32,0,regular,ALP,encode,6,BenchmarkALPMatrix/float/outliers20/n=32/buckets=0/time=regular/ALP/encode,6113.0,41.875,1.0,99.64,190.35000000000002,4.844,32.0,0.97995,189.4,3848.0,7.0,6096.0,6151.0,5.23474562407983,0.19035000000000002,8,1.6515276630883566,
scalar,BenchmarkALPMatrix,float,outliers20,32,0,regular,XOR2,decode,6,BenchmarkALPMatrix/float/outliers20/n=32/buckets=0/time=regular/XOR2/decode,253.2,1010.9449999999999,1.0,100.0,7.914,7.75,32.0,0.044594999999999996,7.8665,0.0,0.0,252.3,254.1,126.38230647709321,0.007914,8,1.032258064516129,
scalar,BenchmarkALPMatrix,float,outliers20,32,0,regular,XOR2,encode,6,BenchmarkALPMatrix/float/outliers20/n=32/buckets=0/time=regular/XOR2/encode,606.5999999999999,422.03,1.0,99.025,18.785,7.75,32.0,0.1397,18.65,816.0,7.0,605.3,608.4,52.75304978569074,0.018785,8,1.032258064516129,
scalar,BenchmarkALPMatrix,float,random-bits,1024,0,no-st,ALP,decode,6,BenchmarkALPMatrix/float/random-bits/n=1024/buckets=0/time=no-st/ALP/decode,2558.5,3201.67,1.0,100.0,2.4985,8.229,1024.0,0.009642999999999999,2.489,0.0,0.0,2549.0,2566.0,400.23451240961504,0.0024985,8,0.9721715882853325,
scalar,BenchmarkALPMatrix,float,random-bits,1024,0,no-st,ALP,encode,6,BenchmarkALPMatrix/float/random-bits/n=1024/buckets=0/time=no-st/ALP/encode,62676.5,130.7,1.0,99.54,60.905,8.229,1024.0,0.30695,60.65,47288.0,21.0,62340.0,62866.0,16.33786187805637,0.060905,8,0.9721715882853325,
scalar,BenchmarkALPMatrix,float,random-bits,1024,0,no-st,XOR,decode,6,BenchmarkALPMatrix/float/random-bits/n=1024/buckets=0/time=no-st/XOR/decode,9324.0,878.595,1.0,100.0,9.106,8.388,1024.0,0.08637500000000001,9.0245,0.0,0.0,9300.0,9333.0,109.82410982410983,0.009106,8,0.9537434430138293,
scalar,BenchmarkALPMatrix,float,random-bits,1024,0,no-st,XOR,encode,6,BenchmarkALPMatrix/float/random-bits/n=1024/buckets=0/time=no-st/XOR/encode,18329.5,446.91999999999996,1.0,98.67500000000001,17.655,8.388,1024.0,0.12685,17.535,34592.0,16.0,18240.0,18414.0,55.86622657464743,0.017655,8,0.9537434430138293,
scalar,BenchmarkALPMatrix,float,random-bits,1024,0,no-st,XOR2,decode,6,BenchmarkALPMatrix/float/random-bits/n=1024/buckets=0/time=no-st/XOR2/decode,19785.5,414.045,1.0,100.0,19.325,11.02,1024.0,0.07653499999999999,19.255000000000003,0.0,0.0,19742.0,19802.0,51.75507315963711,0.019325,8,0.7259528130671506,
scalar,BenchmarkALPMatrix,float,random-bits,1024,0,no-st,XOR2,encode,6,BenchmarkALPMatrix/float/random-bits/n=1024/buckets=0/time=no-st/XOR2/encode,23286.0,351.795,1.0,98.475,22.39,11.02,1024.0,0.18180000000000002,22.21,46896.0,17.0,23211.0,23451.0,43.97492055312205,0.02239,8,0.7259528130671506,
scalar,BenchmarkALPMatrix,float,random-bits,1024,0,regular,ALP,decode,6,BenchmarkALPMatrix/float/random-bits/n=1024/buckets=0/time=regular/ALP/decode,2538.0,3227.5,1.0,100.0,2.479,8.292,1024.0,0.0095935,2.469,0.0,0.0,2532.0,2571.0,403.4672970843184,0.0024790000000000003,8,0.964785335262904,
scalar,BenchmarkALPMatrix,float,random-bits,1024,0,regular,ALP,encode,6,BenchmarkALPMatrix/float/random-bits/n=1024/buckets=0/time=regular/ALP/encode,62069.5,131.985,1.0,99.53999999999999,60.34,8.292,1024.0,0.3323,59.980000000000004,47288.0,21.0,61114.0,63314.0,16.497635714803568,0.060340000000000005,8,0.964785335262904,
scalar,BenchmarkALPMatrix,float,random-bits,1024,0,regular,XOR2,decode,6,BenchmarkALPMatrix/float/random-bits/n=1024/buckets=0/time=regular/XOR2/decode,19541.5,419.21500000000003,1.0,100.0,19.085,11.02,1024.0,0.084605,18.99,0.0,0.0,19498.0,19580.0,52.40129979786608,0.019085,8,0.7259528130671506,
scalar,BenchmarkALPMatrix,float,random-bits,1024,0,regular,XOR2,encode,6,BenchmarkALPMatrix/float/random-bits/n=1024/buckets=0/time=regular/XOR2/encode,23479.5,348.9,1.0,98.555,22.595,11.02,1024.0,0.18530000000000002,22.43,46896.0,17.0,23237.0,23567.0,43.612513043293085,0.022595,8,0.7259528130671506,
scalar,BenchmarkALPMatrix,float,random-bits,120,0,no-st,ALP,decode,6,BenchmarkALPMatrix/float/random-bits/n=120/buckets=0/time=no-st/ALP/decode,331.1,2901.6800000000003,1.0,99.99,2.759,8.267,120.0,0.009861,2.75,0.0,0.0,306.4,385.7,362.42826940501357,0.0027589999999999997,8,0.9677029152050322,
scalar,BenchmarkALPMatrix,float,random-bits,120,0,no-st,ALP,decode-cold,6,BenchmarkALPMatrix/float/random-bits/n=120/buckets=0/time=no-st/ALP/decode-cold,448.65,2139.86,1.0,97.935,3.6605,8.267,120.0,0.035795,3.6265,1296.0,3.0,419.1,472.2,267.46907388833165,0.0036604999999999997,8,0.9677029152050322,
scalar,BenchmarkALPMatrix,float,random-bits,120,0,no-st,ALP,encode,6,BenchmarkALPMatrix/float/random-bits/n=120/buckets=0/time=no-st/ALP/encode,7233.0,132.72,1.0,99.64,60.065,8.267,120.0,0.3016,59.795,4552.0,7.0,7221.0,7448.0,16.59062629614268,0.060065,8,0.9677029152050322,
scalar,BenchmarkALPMatrix,float,random-bits,120,0,no-st,XOR,decode,6,BenchmarkALPMatrix/float/random-bits/n=120/buckets=0/time=no-st/XOR/decode,1115.5,860.635,1.0,100.0,9.295,8.483,120.0,0.034409999999999996,9.2685,0.0,0.0,1112.0,1126.0,107.57507844016136,0.009295,8,0.9430625957797948,
scalar,BenchmarkALPMatrix,float,random-bits,120,0,no-st,XOR,decode-cold,6,BenchmarkALPMatrix/float/random-bits/n=120/buckets=0/time=no-st/XOR/decode-cold,1148.5,835.975,1.0,99.945,9.5655,8.483,120.0,0.039080000000000004,9.524,128.0,2.0,1145.0,1197.0,104.48410970831519,0.0095655,8,0.9430625957797948,
scalar,BenchmarkALPMatrix,float,random-bits,120,0,no-st,XOR,encode,6,BenchmarkALPMatrix/float/random-bits/n=120/buckets=0/time=no-st/XOR/encode,2292.0,418.88,1.0,98.875,18.884999999999998,8.483,120.0,0.14585,18.740000000000002,3616.0,10.0,2273.0,2299.0,52.35602094240838,0.018885,8,0.9430625957797948,
scalar,BenchmarkALPMatrix,float,random-bits,120,0,no-st,XOR2,decode,6,BenchmarkALPMatrix/float/random-bits/n=120/buckets=0/time=no-st/XOR2/decode,940.6,1020.625,1.0,99.995,7.838,8.492,120.0,0.02819,7.810499999999999,0.0,0.0,938.4,967.4,127.57814161173718,0.007838,8,0.9420631182289212,
scalar,BenchmarkALPMatrix,float,random-bits,120,0,no-st,XOR2,decode-cold,6,BenchmarkALPMatrix/float/random-bits/n=120/buckets=0/time=no-st/XOR2/decode-cold,971.5,988.165,1.0,99.93,8.089500000000001,8.492,120.0,0.03296,8.0525,144.0,2.0,964.5,999.1,123.52032938754503,0.008089500000000001,8,0.9420631182289212,
scalar,BenchmarkALPMatrix,float,random-bits,120,0,no-st,XOR2,encode,6,BenchmarkALPMatrix/float/random-bits/n=120/buckets=0/time=no-st/XOR2/encode,2272.0,422.525,1.0,98.78,18.700000000000003,8.492,120.0,0.11545,18.585,3632.0,10.0,2265.0,2280.0,52.816901408450704,0.0187,8,0.9420631182289212,
scalar,BenchmarkALPMatrix,float,random-bits,120,0,regular,ALP,decode,6,BenchmarkALPMatrix/float/random-bits/n=120/buckets=0/time=regular/ALP/decode,304.3,3154.84,1.0,99.995,2.5355,8.333,120.0,0.0072145,2.5285,0.0,0.0,303.9,304.5,394.3476832073611,0.0025355,8,0.9600384015360615,
scalar,BenchmarkALPMatrix,float,random-bits,120,0,regular,ALP,decode-cold,6,BenchmarkALPMatrix/float/random-bits/n=120/buckets=0/time=regular/ALP/decode-cold,412.55,2327.25,1.0,97.905,3.363,8.333,120.0,0.030645,3.334,1296.0,3.0,411.2,422.5,290.8738334747303,0.003363,8,0.9600384015360615,
scalar,BenchmarkALPMatrix,float,random-bits,120,0,regular,ALP,encode,6,BenchmarkALPMatrix/float/random-bits/n=120/buckets=0/time=regular/ALP/encode,7077.5,135.64499999999998,1.0,99.625,58.76,8.333,120.0,0.2363,58.540000000000006,4552.0,7.0,7041.0,7128.0,16.955139526669022,0.05876,8,0.9600384015360615,
scalar,BenchmarkALPMatrix,float,random-bits,120,0,regular,XOR2,decode,6,BenchmarkALPMatrix/float/random-bits/n=120/buckets=0/time=regular/XOR2/decode,947.0,1013.715,1.0,99.99,7.890499999999999,8.517,120.0,0.01315,7.875,0.0,0.0,945.0,949.7,126.71594508975713,0.0078905,8,0.9392978748385582,
scalar,BenchmarkALPMatrix,float,random-bits,120,0,regular,XOR2,decode-cold,6,BenchmarkALPMatrix/float/random-bits/n=120/buckets=0/time=regular/XOR2/decode-cold,983.2,976.4449999999999,1.0,99.92,8.178,8.517,120.0,0.020145,8.160499999999999,144.0,2.0,980.5,986.1,122.05044751830756,0.008178000000000001,8,0.9392978748385582,
scalar,BenchmarkALPMatrix,float,random-bits,120,0,regular,XOR2,encode,6,BenchmarkALPMatrix/float/random-bits/n=120/buckets=0/time=regular/XOR2/encode,2250.5,426.54499999999996,1.0,98.815,18.535,8.517,120.0,0.1011,18.435000000000002,3632.0,10.0,2235.0,2270.0,53.321484114641194,0.018535,8,0.9392978748385582,
scalar,BenchmarkALPMatrix,float,random-bits,32,0,no-st,ALP,decode,6,BenchmarkALPMatrix/float/random-bits/n=32/buckets=0/time=no-st/ALP/decode,92.30000000000001,2773.675,1.0,100.0,2.8845,9.0,32.0,0.010595,2.873,0.0,0.0,92.12,93.28,346.69555796316354,0.0028845,8,0.8888888888888888,
scalar,BenchmarkALPMatrix,float,random-bits,32,0,no-st,ALP,encode,6,BenchmarkALPMatrix/float/random-bits/n=32/buckets=0/time=no-st/ALP/encode,3116.5,82.13,1.0,99.17,96.61,9.0,32.0,0.58195,96.0,3848.0,7.0,3095.0,3124.0,10.267928766244184,0.09661,8,0.8888888888888888,
scalar,BenchmarkALPMatrix,float,random-bits,32,0,no-st,XOR,decode,6,BenchmarkALPMatrix/float/random-bits/n=32/buckets=0/time=no-st/XOR/decode,310.65,824.0799999999999,1.0,100.0,9.7065,8.781,32.0,0.023925000000000002,9.6865,0.0,0.0,310.2,310.8,103.00981812328989,0.0097065,8,0.9110579660630908,
scalar,BenchmarkALPMatrix,float,random-bits,32,0,no-st,XOR,encode,6,BenchmarkALPMatrix/float/random-bits/n=32/buckets=0/time=no-st/XOR/encode,713.5,358.79999999999995,1.0,98.735,22.005000000000003,8.781,32.0,0.12785,21.875,1312.0,8.0,712.2,718.6,44.849334267694466,0.022005000000000004,8,0.9110579660630908,
scalar,BenchmarkALPMatrix,float,random-bits,32,0,no-st,XOR2,decode,6,BenchmarkALPMatrix/float/random-bits/n=32/buckets=0/time=no-st/XOR2/decode,260.35,983.3199999999999,1.0,100.0,8.136,8.812,32.0,0.02625,8.109,0.0,0.0,259.9,260.8,122.91146533512578,0.008136,8,0.9078529278256923,
scalar,BenchmarkALPMatrix,float,random-bits,32,0,no-st,XOR2,encode,6,BenchmarkALPMatrix/float/random-bits/n=32/buckets=0/time=no-st/XOR2/encode,700.55,365.41499999999996,1.0,98.68,21.595,8.812,32.0,0.15735,21.42,1328.0,8.0,695.7,701.6,45.678395546356434,0.021595,8,0.9078529278256923,
scalar,BenchmarkALPMatrix,float,random-bits,32,0,regular,ALP,decode,6,BenchmarkALPMatrix/float/random-bits/n=32/buckets=0/time=regular/ALP/decode,92.535,2766.5699999999997,1.0,100.0,2.892,9.25,32.0,0.007632,2.885,0.0,0.0,92.41,92.64,345.815096990328,0.002892,8,0.8648648648648649,
scalar,BenchmarkALPMatrix,float,random-bits,32,0,regular,ALP,encode,6,BenchmarkALPMatrix/float/random-bits/n=32/buckets=0/time=regular/ALP/encode,3036.5,84.31,1.0,99.14500000000001,94.065,9.25,32.0,0.61595,93.44999999999999,3848.0,7.0,3012.0,3097.0,10.538448872056644,0.094065,8,0.8648648648648649,
scalar,BenchmarkALPMatrix,float,random-bits,32,0,regular,XOR2,decode,6,BenchmarkALPMatrix/float/random-bits/n=32/buckets=0/time=regular/XOR2/decode,265.15,965.535,1.0,100.0,8.286,8.906,32.0,0.026145,8.2555,0.0,0.0,264.5,265.3,120.68640392230814,0.008286,8,0.8982708286548394,
scalar,BenchmarkALPMatrix,float,random-bits,32,0,regular,XOR2,encode,6,BenchmarkALPMatrix/float/random-bits/n=32/buckets=0/time=regular/XOR2/encode,701.85,364.755,1.0,98.735,21.65,8.906,32.0,0.13874999999999998,21.51,1328.0,8.0,701.0,706.7,45.593787846405924,0.02165,8,0.8982708286548394,
scalar,BenchmarkALPMatrix,float,random-finite,1024,0,no-st,ALP,decode,6,BenchmarkALPMatrix/float/random-finite/n=1024/buckets=0/time=no-st/ALP/decode,4634.5,1767.565,1.0,100.0,4.526,7.401,1024.0,0.01832,4.509499999999999,0.0,0.0,4628.0,4644.0,220.9515589599741,0.004526,8,1.080935008782597,
scalar,BenchmarkALPMatrix,float,random-finite,1024,0,no-st,ALP,encode,6,BenchmarkALPMatrix/float/random-finite/n=1024/buckets=0/time=no-st/ALP/encode,50387.0,162.57999999999998,1.0,99.41499999999999,48.915,7.401,1024.0,0.24465,48.64,46008.0,21.0,50237.0,50478.0,20.32270228431937,0.048915,8,1.080935008782597,
scalar,BenchmarkALPMatrix,float,random-finite,1024,0,no-st,XOR,decode,6,BenchmarkALPMatrix/float/random-finite/n=1024/buckets=0/time=no-st/XOR/decode,9268.5,883.8699999999999,1.0,100.0,9.05,8.386,1024.0,0.024555,9.027,0.0,0.0,9258.0,9283.0,110.4817392242542,0.00905,8,0.9539709038874316,
scalar,BenchmarkALPMatrix,float,random-finite,1024,0,no-st,XOR,encode,6,BenchmarkALPMatrix/float/random-finite/n=1024/buckets=0/time=no-st/XOR/encode,18239.0,449.145,1.0,98.695,17.58,8.386,1024.0,0.1079,17.47,34592.0,16.0,18147.0,18811.0,56.143428916058994,0.01758,8,0.9539709038874316,
scalar,BenchmarkALPMatrix,float,random-finite,1024,0,no-st,XOR2,decode,6,BenchmarkALPMatrix/float/random-finite/n=1024/buckets=0/time=no-st/XOR2/decode,19598.5,417.995,1.0,100.0,19.14,11.02,1024.0,0.064325,19.075,0.0,0.0,19552.0,19656.0,52.24889659922953,0.01914,8,0.7259528130671506,
scalar,BenchmarkALPMatrix,float,random-finite,1024,0,no-st,XOR2,encode,6,BenchmarkALPMatrix/float/random-finite/n=1024/buckets=0/time=no-st/XOR2/encode,23174.5,353.49,1.0,98.55000000000001,22.314999999999998,11.02,1024.0,0.1615,22.145,46896.0,17.0,23044.0,23376.0,44.18649809057369,0.022314999999999998,8,0.7259528130671506,
scalar,BenchmarkALPMatrix,float,random-finite,1024,0,regular,ALP,decode,6,BenchmarkALPMatrix/float/random-finite/n=1024/buckets=0/time=regular/ALP/decode,4519.5,1812.53,1.0,100.0,4.4145,7.464,1024.0,0.01093,4.404,0.0,0.0,4518.0,4532.0,226.57373603274698,0.0044145,8,1.0718113612004287,
scalar,BenchmarkALPMatrix,float,random-finite,1024,0,regular,ALP,encode,6,BenchmarkALPMatrix/float/random-finite/n=1024/buckets=0/time=regular/ALP/encode,48083.0,170.375,1.0,99.38,46.655,7.464,1024.0,0.22285,46.44,46008.0,21.0,47945.0,48362.0,21.29650812137346,0.046655,8,1.0718113612004287,
scalar,BenchmarkALPMatrix,float,random-finite,1024,0,regular,XOR2,decode,6,BenchmarkALPMatrix/float/random-finite/n=1024/buckets=0/time=regular/XOR2/decode,19033.5,430.395,1.0,100.0,18.59,11.02,1024.0,0.03806,18.55,0.0,0.0,19007.0,19145.0,53.799879160427665,0.01859,8,0.7259528130671506,
scalar,BenchmarkALPMatrix,float,random-finite,1024,0,regular,XOR2,encode,6,BenchmarkALPMatrix/float/random-finite/n=1024/buckets=0/time=regular/XOR2/encode,22884.5,357.97,1.0,98.555,22.03,11.02,1024.0,0.13119999999999998,21.895000000000003,46896.0,17.0,22800.0,23052.0,44.74644409971815,0.02203,8,0.7259528130671506,
scalar,BenchmarkALPMatrix,float,random-finite,120,0,no-st,ALP,decode,6,BenchmarkALPMatrix/float/random-finite/n=120/buckets=0/time=no-st/ALP/decode,589.05,1629.675,1.0,100.0,4.909,7.475,120.0,0.024475,4.8835,0.0,0.0,558.6,628.1,203.7178507766743,0.004909,8,1.0702341137123745,
scalar,BenchmarkALPMatrix,float,random-finite,120,0,no-st,ALP,encode,6,BenchmarkALPMatrix/float/random-finite/n=120/buckets=0/time=no-st/ALP/encode,5662.5,169.53500000000003,1.0,99.525,46.96,7.475,120.0,0.28264999999999996,46.675,4552.0,7.0,5643.0,5677.0,21.192052980132452,0.04696,8,1.0702341137123745,
scalar,BenchmarkALPMatrix,float,random-finite,120,0,no-st,XOR,decode,6,BenchmarkALPMatrix/float/random-finite/n=120/buckets=0/time=no-st/XOR/decode,1127.0,851.985,1.0,100.0,9.391,8.467,120.0,0.034305,9.3535,0.0,0.0,1108.0,1148.0,106.4773735581189,0.009391,8,0.9448446911538915,
scalar,BenchmarkALPMatrix,float,random-finite,120,0,no-st,XOR,encode,6,BenchmarkALPMatrix/float/random-finite/n=120/buckets=0/time=no-st/XOR/encode,2243.5,427.92499999999995,1.0,98.85,18.485,8.467,120.0,0.12395,18.35,3616.0,10.0,2231.0,2261.0,53.48785379986628,0.018484999999999998,8,0.9448446911538915,
scalar,BenchmarkALPMatrix,float,random-finite,120,0,no-st,XOR2,decode,6,BenchmarkALPMatrix/float/random-finite/n=120/buckets=0/time=no-st/XOR2/decode,961.25,998.73,1.0,100.0,8.0105,8.475,120.0,0.036629999999999996,7.973,0.0,0.0,934.0,1016.0,124.83745123537061,0.0080105,8,0.943952802359882,
scalar,BenchmarkALPMatrix,float,random-finite,120,0,no-st,XOR2,encode,6,BenchmarkALPMatrix/float/random-finite/n=120/buckets=0/time=no-st/XOR2/encode,2216.0,433.255,1.0,98.805,18.225,8.475,120.0,0.1321,18.085,3632.0,10.0,2203.0,2235.0,54.151624548736464,0.018225,8,0.943952802359882,
scalar,BenchmarkALPMatrix,float,random-finite,120,0,regular,ALP,decode,6,BenchmarkALPMatrix/float/random-finite/n=120/buckets=0/time=regular/ALP/decode,543.05,1767.7350000000001,1.0,100.0,4.526,7.542,120.0,0.0208,4.5045,0.0,0.0,541.5,547.9,220.9741276125587,0.004526,8,1.0607265977194378,
scalar,BenchmarkALPMatrix,float,random-finite,120,0,regular,ALP,encode,6,BenchmarkALPMatrix/float/random-finite/n=120/buckets=0/time=regular/ALP/encode,5556.0,172.785,1.0,99.47999999999999,46.065,7.542,120.0,0.20079999999999998,45.845,4552.0,7.0,5543.0,5582.0,21.598272138228943,0.046064999999999995,8,1.0607265977194378,
scalar,BenchmarkALPMatrix,float,random-finite,120,0,regular,XOR2,decode,6,BenchmarkALPMatrix/float/random-finite/n=120/buckets=0/time=regular/XOR2/decode,927.3,1035.2800000000002,1.0,100.0,7.724,8.5,120.0,0.03172,7.702500000000001,0.0,0.0,924.0,935.2,129.40795858945324,0.007724,8,0.9411764705882353,
scalar,BenchmarkALPMatrix,float,random-finite,120,0,regular,XOR2,encode,6,BenchmarkALPMatrix/float/random-finite/n=120/buckets=0/time=regular/XOR2/encode,2211.0,434.17,1.0,98.805,18.215,8.5,120.0,0.12845,18.08,3632.0,10.0,2201.0,2242.0,54.274084124830395,0.018215,8,0.9411764705882353,
scalar,BenchmarkALPMatrix,float,random-finite,32,0,no-st,ALP,decode,6,BenchmarkALPMatrix/float/random-finite/n=32/buckets=0/time=no-st/ALP/decode,200.14999999999998,1279.26,1.0,100.0,6.254,8.781,32.0,0.023985,6.2295,0.0,0.0,199.8,202.2,159.88008993255062,0.006253999999999999,8,0.9110579660630908,
scalar,BenchmarkALPMatrix,float,random-finite,32,0,no-st,ALP,encode,6,BenchmarkALPMatrix/float/random-finite/n=32/buckets=0/time=no-st/ALP/encode,3099.5,82.6,1.0,99.18,96.08,8.781,32.0,0.61695,95.41499999999999,3848.0,7.0,3087.0,3128.0,10.32424584610421,0.09608,8,0.9110579660630908,
scalar,BenchmarkALPMatrix,float,random-finite,32,0,no-st,XOR,decode,6,BenchmarkALPMatrix/float/random-finite/n=32/buckets=0/time=no-st/XOR/decode,300.6,851.63,1.0,100.0,9.394,8.719,32.0,0.03188,9.3545,0.0,0.0,299.9,303.2,106.45375914836991,0.009394,8,0.9175364147264595,
scalar,BenchmarkALPMatrix,float,random-finite,32,0,no-st,XOR,encode,6,BenchmarkALPMatrix/float/random-finite/n=32/buckets=0/time=no-st/XOR/encode,690.55,370.705,1.0,98.69999999999999,21.299999999999997,8.719,32.0,0.16849999999999998,21.125,1312.0,8.0,660.3,691.7,46.33987401346753,0.021299999999999996,8,0.9175364147264595,
scalar,BenchmarkALPMatrix,float,random-finite,32,0,no-st,XOR2,decode,6,BenchmarkALPMatrix/float/random-finite/n=32/buckets=0/time=no-st/XOR2/decode,251.7,1017.06,1.0,100.0,7.866,8.75,32.0,0.034315,7.834,0.0,0.0,251.1,252.7,127.13547874453715,0.007866,8,0.9142857142857143,
scalar,BenchmarkALPMatrix,float,random-finite,32,0,no-st,XOR2,encode,6,BenchmarkALPMatrix/float/random-finite/n=32/buckets=0/time=no-st/XOR2/encode,680.8,376.04,1.0,98.67500000000001,20.990000000000002,8.75,32.0,0.17930000000000001,20.810000000000002,1328.0,8.0,674.8,684.8,47.00352526439483,0.02099,8,0.9142857142857143,
scalar,BenchmarkALPMatrix,float,random-finite,32,0,regular,ALP,decode,6,BenchmarkALPMatrix/float/random-finite/n=32/buckets=0/time=regular/ALP/decode,205.35,1246.9,1.0,100.0,6.417,9.031,32.0,0.023895,6.391,0.0,0.0,204.7,206.4,155.83150718285853,0.006417,8,0.8858376702469272,
scalar,BenchmarkALPMatrix,float,random-finite,32,0,regular,ALP,encode,6,BenchmarkALPMatrix/float/random-finite/n=32/buckets=0/time=regular/ALP/encode,3334.5,76.77000000000001,1.0,99.255,103.45,9.031,32.0,0.5570999999999999,102.8,3848.0,7.0,3312.0,3357.0,9.596641175588545,0.10345,8,0.8858376702469272,
scalar,BenchmarkALPMatrix,float,random-finite,32,0,regular,XOR2,decode,6,BenchmarkALPMatrix/float/random-finite/n=32/buckets=0/time=regular/XOR2/decode,281.9,908.1,1.0,99.995,8.8015,8.844,32.0,0.029625,8.7725,0.0,0.0,281.1,286.5,113.51543100390211,0.0088015,8,0.9045680687471733,
scalar,BenchmarkALPMatrix,float,random-finite,32,0,regular,XOR2,encode,6,BenchmarkALPMatrix/float/random-finite/n=32/buckets=0/time=regular/XOR2/encode,732.75,349.375,1.0,98.64,22.6,8.844,32.0,0.16915000000000002,22.455,1328.0,8.0,724.0,775.7,43.67110201296486,0.022600000000000002,8,0.9045680687471733,
scalar,BenchmarkALPMatrix,float,stale5,1024,0,no-st,ALP,decode,6,BenchmarkALPMatrix/float/stale5/n=1024/buckets=0/time=no-st/ALP/decode,3613.5,2268.32,1.0,98.58000000000001,3.4275,1.714,1024.0,0.02819,3.3994999999999997,0.0,0.0,3447.0,6392.0,283.3817628338176,0.0034275000000000004,8,4.667444574095683,
scalar,BenchmarkALPMatrix,float,stale5,1024,0,no-st,ALP,encode,6,BenchmarkALPMatrix/float/stale5/n=1024/buckets=0/time=no-st/ALP/encode,20327.5,403.005,1.0,99.68,19.785,1.714,1024.0,0.06056,19.73,10936.0,16.0,20273.0,20348.0,50.37510761283975,0.019785,8,4.667444574095683,
scalar,BenchmarkALPMatrix,float,stale5,1024,0,no-st,XOR,decode,6,BenchmarkALPMatrix/float/stale5/n=1024/buckets=0/time=no-st/XOR/decode,9053.5,904.8399999999999,1.0,99.99,8.841000000000001,8.075,1024.0,0.021144999999999997,8.8205,0.0,0.0,9033.0,9065.0,113.10542883967527,0.008841000000000002,8,0.9907120743034057,
scalar,BenchmarkALPMatrix,float,stale5,1024,0,no-st,XOR,encode,6,BenchmarkALPMatrix/float/stale5/n=1024/buckets=0/time=no-st/XOR/encode,22622.5,362.125,1.0,98.86,21.855,8.075,1024.0,0.14584999999999998,21.705,34592.0,16.0,22549.0,23116.0,45.26467012929606,0.021855,8,0.9907120743034057,
scalar,BenchmarkALPMatrix,float,stale5,1024,0,no-st,XOR2,decode,6,BenchmarkALPMatrix/float/stale5/n=1024/buckets=0/time=no-st/XOR2/decode,18928.5,432.775,1.0,100.0,18.475,8.07,1024.0,0.04117,18.43,0.0,0.0,18799.0,19062.0,54.09831735214095,0.018475000000000002,8,0.9913258983890954,
scalar,BenchmarkALPMatrix,float,stale5,1024,0,no-st,XOR2,encode,6,BenchmarkALPMatrix/float/stale5/n=1024/buckets=0/time=no-st/XOR2/encode,19953.0,410.565,1.0,98.75,19.205,8.07,1024.0,0.13245,19.075,34608.0,16.0,19818.0,19973.0,51.32060341803238,0.019205,8,0.9913258983890954,
scalar,BenchmarkALPMatrix,float,stale5,1024,0,regular,ALP,decode,6,BenchmarkALPMatrix/float/stale5/n=1024/buckets=0/time=regular/ALP/decode,3474.5,2357.725,1.0,99.99,3.3925,1.776,1024.0,0.0034279999999999996,3.3895,0.0,0.0,3472.0,3546.0,294.71866455605124,0.0033925,8,4.504504504504505,
scalar,BenchmarkALPMatrix,float,stale5,1024,0,regular,ALP,encode,6,BenchmarkALPMatrix/float/stale5/n=1024/buckets=0/time=regular/ALP/encode,20285.0,403.855,1.0,99.65,19.74,1.776,1024.0,0.038650000000000004,19.7,10936.0,16.0,20233.0,20358.0,50.48065072713828,0.019739999999999997,8,4.504504504504505,
scalar,BenchmarkALPMatrix,float,stale5,1024,0,regular,XOR2,decode,6,BenchmarkALPMatrix/float/stale5/n=1024/buckets=0/time=regular/XOR2/decode,19081.0,429.33000000000004,1.0,99.99,18.63,8.069,1024.0,0.04488,18.58,0.0,0.0,19054.0,19102.0,53.66595042188565,0.01863,8,0.991448754492502,
scalar,BenchmarkALPMatrix,float,stale5,1024,0,regular,XOR2,encode,6,BenchmarkALPMatrix/float/stale5/n=1024/buckets=0/time=regular/XOR2/encode,20028.0,409.02,1.0,98.685,19.295,8.069,1024.0,0.1348,19.16,34608.0,16.0,19953.0,20123.0,51.12842021170361,0.019295000000000003,8,0.991448754492502,
scalar,BenchmarkALPMatrix,float,stale5,120,0,no-st,ALP,decode,6,BenchmarkALPMatrix/float/stale5/n=120/buckets=0/time=no-st/ALP/decode,421.5,2277.705,1.0,99.83500000000001,3.504,1.808,120.0,0.02596,3.48,0.0,0.0,417.6,443.9,284.69750889679716,0.003504,8,4.424778761061947,
scalar,BenchmarkALPMatrix,float,stale5,120,0,no-st,ALP,encode,6,BenchmarkALPMatrix/float/stale5/n=120/buckets=0/time=no-st/ALP/encode,2656.5,361.345,1.0,98.81,21.88,1.808,120.0,0.18655,21.695,4552.0,7.0,2654.0,2677.0,45.17221908526256,0.02188,8,4.424778761061947,
scalar,BenchmarkALPMatrix,float,stale5,120,0,no-st,XOR,decode,6,BenchmarkALPMatrix/float/stale5/n=120/buckets=0/time=no-st/XOR/decode,1108.0,866.7,1.0,99.72,9.199,7.7,120.0,0.077255,9.120999999999999,0.0,0.0,1096.0,1130.0,108.30324909747293,0.009199,8,1.0389610389610389,
scalar,BenchmarkALPMatrix,float,stale5,120,0,no-st,XOR,encode,6,BenchmarkALPMatrix/float/stale5/n=120/buckets=0/time=no-st/XOR/encode,2684.5,357.64,1.0,99.0,22.145,7.7,120.0,0.1943,21.97,3616.0,10.0,2673.0,2709.0,44.70106165021419,0.022144999999999998,8,1.0389610389610389,
scalar,BenchmarkALPMatrix,float,stale5,120,0,no-st,XOR2,decode,6,BenchmarkALPMatrix/float/stale5/n=120/buckets=0/time=no-st/XOR2/decode,872.6,1100.125,1.0,100.0,7.272,5.7,120.0,0.04125,7.2355,0.0,0.0,865.1,888.5,137.520055008022,0.007272,8,1.4035087719298245,
scalar,BenchmarkALPMatrix,float,stale5,120,0,no-st,XOR2,encode,6,BenchmarkALPMatrix/float/stale5/n=120/buckets=0/time=no-st/XOR2/encode,1823.0,526.7,1.0,99.125,15.045,5.7,120.0,0.1169,14.934999999999999,2224.0,9.0,1813.0,1930.0,65.82556226001097,0.015045,8,1.4035087719298245,
scalar,BenchmarkALPMatrix,float,stale5,120,0,regular,ALP,decode,6,BenchmarkALPMatrix/float/stale5/n=120/buckets=0/time=regular/ALP/decode,412.35,2327.87,1.0,100.0,3.4364999999999997,1.875,120.0,0.014374999999999999,3.422,0.0,0.0,411.9,412.7,291.01491451436885,0.0034364999999999995,8,4.266666666666667,
scalar,BenchmarkALPMatrix,float,stale5,120,0,regular,ALP,encode,6,BenchmarkALPMatrix/float/stale5/n=120/buckets=0/time=regular/ALP/encode,2595.0,369.96000000000004,1.0,98.89,21.380000000000003,1.875,120.0,0.17745,21.2,4552.0,7.0,2582.0,2601.0,46.24277456647399,0.021380000000000003,8,4.266666666666667,
scalar,BenchmarkALPMatrix,float,stale5,120,0,regular,XOR2,decode,6,BenchmarkALPMatrix/float/stale5/n=120/buckets=0/time=regular/XOR2/decode,870.1500000000001,1103.2350000000001,1.0,100.0,7.252000000000001,5.725,120.0,0.029095,7.2204999999999995,0.0,0.0,867.1,871.7,137.90725736941906,0.007252000000000001,8,1.3973799126637556,
scalar,BenchmarkALPMatrix,float,stale5,120,0,regular,XOR2,encode,6,BenchmarkALPMatrix/float/stale5/n=120/buckets=0/time=regular/XOR2/encode,1800.0,533.3299999999999,1.0,99.14500000000001,14.870000000000001,5.725,120.0,0.08761,14.8,2224.0,9.0,1797.0,1810.0,66.66666666666667,0.014870000000000001,8,1.3973799126637556,
scalar,BenchmarkALPMatrix,float,stale5,32,0,no-st,ALP,decode,6,BenchmarkALPMatrix/float/stale5/n=32/buckets=0/time=no-st/ALP/decode,144.5,1771.935,1.0,99.975,4.5145,3.031,32.0,0.0107035,4.4985,0.0,0.0,140.4,394.2,221.45328719723184,0.0045145,8,2.639392939623886,
scalar,BenchmarkALPMatrix,float,stale5,32,0,no-st,ALP,encode,6,BenchmarkALPMatrix/float/stale5/n=32/buckets=0/time=no-st/ALP/encode,1661.5,154.08999999999997,1.0,98.39500000000001,51.065,3.031,32.0,0.369,50.715,3848.0,7.0,1626.0,1951.0,19.259705085765873,0.051065,8,2.639392939623886,
scalar,BenchmarkALPMatrix,float,stale5,32,0,no-st,XOR,decode,6,BenchmarkALPMatrix/float/stale5/n=32/buckets=0/time=no-st/XOR/decode,293.1,873.585,1.0,99.995,9.158,7.094,32.0,0.02647,9.122,0.0,0.0,286.5,312.4,109.17775503241214,0.009158,8,1.127713560755568,
scalar,BenchmarkALPMatrix,float,stale5,32,0,no-st,XOR,encode,6,BenchmarkALPMatrix/float/stale5/n=32/buckets=0/time=no-st/XOR/encode,707.0999999999999,362.04499999999996,1.0,99.215,21.915,7.094,32.0,0.1709,21.775,800.0,7.0,703.9,708.6,45.25526799604017,0.021915,8,1.127713560755568,
scalar,BenchmarkALPMatrix,float,stale5,32,0,no-st,XOR2,decode,6,BenchmarkALPMatrix/float/stale5/n=32/buckets=0/time=no-st/XOR2/decode,263.75,971.01,1.0,99.995,8.242,6.438,32.0,0.01821,8.224,0.0,0.0,238.3,281.4,121.32701421800948,0.008242000000000001,8,1.2426219322771048,
scalar,BenchmarkALPMatrix,float,stale5,32,0,no-st,XOR2,encode,6,BenchmarkALPMatrix/float/stale5/n=32/buckets=0/time=no-st/XOR2/encode,549.35,466.0,1.0,98.935,16.985,6.438,32.0,0.08546000000000001,16.905,816.0,7.0,542.7,553.8,58.250659870756344,0.016985,8,1.2426219322771048,
scalar,BenchmarkALPMatrix,float,stale5,32,0,regular,ALP,decode,6,BenchmarkALPMatrix/float/stale5/n=32/buckets=0/time=regular/ALP/decode,147.6,1734.455,1.0,100.0,4.6129999999999995,3.281,32.0,0.016890000000000002,4.596,0.0,0.0,147.4,148.3,216.80216802168022,0.004613,8,2.4382810118866196,
scalar,BenchmarkALPMatrix,float,stale5,32,0,regular,ALP,encode,6,BenchmarkALPMatrix/float/stale5/n=32/buckets=0/time=regular/ALP/encode,1668.0,153.485,1.0,98.48500000000001,51.34,3.281,32.0,0.4678,50.86,3848.0,7.0,1663.0,1674.0,19.18465227817746,0.051340000000000004,8,2.4382810118866196,
scalar,BenchmarkALPMatrix,float,stale5,32,0,regular,XOR2,decode,6,BenchmarkALPMatrix/float/stale5/n=32/buckets=0/time=regular/XOR2/decode,245.55,1042.53,1.0,100.0,7.675,6.531,32.0,0.02984,7.643000000000001,0.0,0.0,244.7,246.3,130.31969049073507,0.0076749999999999995,8,1.224927269943347,
scalar,BenchmarkALPMatrix,float,stale5,32,0,regular,XOR2,encode,6,BenchmarkALPMatrix/float/stale5/n=32/buckets=0/time=regular/XOR2/encode,561.25,456.105,1.0,98.995,17.36,6.531,32.0,0.10645,17.255000000000003,816.0,7.0,560.5,563.6,57.01559020044544,0.01736,8,1.224927269943347,
scalar,BenchmarkALPMatrix,integer-histogram,bursty,1024,8,regular,ALPv3,decode,6,BenchmarkALPMatrix/integer-histogram/bursty/n=1024/buckets=8/time=regular/ALPv3/decode,39271.0,2294.625,1.0,100.0,38.355000000000004,19.51,1024.0,0.11699999999999999,38.225,0.0,0.0,39171.0,39333.0,26.075220900919252,0.03835500000000001,88.0,4.51050743208611,
scalar,BenchmarkALPMatrix,integer-histogram,bursty,1024,8,regular,ALPv3,decode-float,6,BenchmarkALPMatrix/integer-histogram/bursty/n=1024/buckets=8/time=regular/ALPv3/decode-float,39670.5,2271.5,1.0,100.0,38.745000000000005,19.51,1024.0,0.14005,38.6,0.0,0.0,39629.0,39723.0,25.812631552413002,0.038745,88.0,4.51050743208611,
scalar,BenchmarkALPMatrix,integer-histogram,bursty,1024,8,regular,ALPv3,encode,6,BenchmarkALPMatrix/integer-histogram/bursty/n=1024/buckets=8/time=regular/ALPv3/encode,449959.0,200.27,1.0,99.81,438.54999999999995,19.51,1024.0,1.947,436.6,139072.0,59.0,448547.0,451881.0,2.275762902842259,0.43854999999999994,88.0,4.51050743208611,
scalar,BenchmarkALPMatrix,integer-histogram,bursty,1024,8,regular,ALPv4,decode,6,BenchmarkALPMatrix/integer-histogram/bursty/n=1024/buckets=8/time=regular/ALPv4/decode,39312.5,2292.1949999999997,1.0,100.0,38.4,16.02,1024.0,0.134,38.26,0.0,0.0,39242.0,39326.0,26.047694753577108,0.0384,88.0,5.493133583021224,
scalar,BenchmarkALPMatrix,integer-histogram,bursty,1024,8,regular,ALPv4,decode-float,6,BenchmarkALPMatrix/integer-histogram/bursty/n=1024/buckets=8/time=regular/ALPv4/decode-float,40110.5,2246.585,1.0,100.0,39.175,16.02,1024.0,0.15155000000000002,39.019999999999996,0.0,0.0,40074.0,40462.0,25.529474825793745,0.039174999999999995,88.0,5.493133583021224,
scalar,BenchmarkALPMatrix,integer-histogram,bursty,1024,8,regular,ALPv4,encode,6,BenchmarkALPMatrix/integer-histogram/bursty/n=1024/buckets=8/time=regular/ALPv4/encode,524150.5,171.92000000000002,1.0,99.86,511.15,16.02,1024.0,2.399,508.9,137024.0,59.0,521936.0,527231.0,1.953637361788265,0.51115,88.0,5.493133583021224,
scalar,BenchmarkALPMatrix,integer-histogram,bursty,1024,8,regular,legacy,decode,6,BenchmarkALPMatrix/integer-histogram/bursty/n=1024/buckets=8/time=regular/legacy/decode,88604.5,1017.015,1.0,100.0,86.535,16.43,1024.0,0.2924,86.21000000000001,16.0,2.0,88377.0,88672.0,11.55697509720161,0.086535,88.0,5.356055995130858,
scalar,BenchmarkALPMatrix,integer-histogram,bursty,1024,8,regular,legacy,decode-float,6,BenchmarkALPMatrix/integer-histogram/bursty/n=1024/buckets=8/time=regular/legacy/decode-float,89953.5,1001.76,1.0,100.0,87.855,16.43,1024.0,0.33765,87.41,16.0,2.0,89831.0,90146.0,11.383659335100914,0.087855,88.0,5.356055995130858,
scalar,BenchmarkALPMatrix,integer-histogram,bursty,1024,8,regular,legacy,encode,6,BenchmarkALPMatrix/integer-histogram/bursty/n=1024/buckets=8/time=regular/legacy/encode,218977.0,411.515,1.0,99.75,213.10000000000002,16.43,1024.0,0.89415,212.25,85408.0,25.0,218262.0,220414.0,4.676290203994027,0.2131,88.0,5.356055995130858,
scalar,BenchmarkALPMatrix,integer-histogram,bursty,120,128,regular,ALPv3,decode,6,BenchmarkALPMatrix/integer-histogram/bursty/n=120/buckets=128/time=regular/ALPv3/decode,34246.5,3672.2200000000003,1.0,100.0,285.4,131.3,120.0,0.55835,284.85,0.0,0.0,34068.0,34387.0,3.5040077088169594,0.2854,1048.0,7.981721249047981,
scalar,BenchmarkALPMatrix,integer-histogram,bursty,120,128,regular,ALPv3,decode-float,6,BenchmarkALPMatrix/integer-histogram/bursty/n=120/buckets=128/time=regular/ALPv3/decode-float,38806.5,3240.895,1.0,97.93,316.70000000000005,131.3,120.0,5.073,311.6,0.0,0.0,35560.0,69194.0,3.0922654709906845,0.31670000000000004,1048.0,7.981721249047981,
scalar,BenchmarkALPMatrix,integer-histogram,bursty,120,128,regular,ALPv3,encode,6,BenchmarkALPMatrix/integer-histogram/bursty/n=120/buckets=128/time=regular/ALPv3/encode,441619.5,284.77,1.0,99.88,3675.5,131.3,120.0,8.6945,3665.5,103632.0,53.0,439839.0,445442.0,0.2717271316144328,3.6755,1048.0,7.981721249047981,
scalar,BenchmarkALPMatrix,integer-histogram,bursty,120,128,regular,ALPv4,decode,6,BenchmarkALPMatrix/integer-histogram/bursty/n=120/buckets=128/time=regular/ALPv4/decode,33746.5,3726.585,1.0,100.0,281.25,94.5,120.0,1.5105,279.65,0.0,0.0,33680.0,34023.0,3.5559243180774303,0.28125,1048.0,11.08994708994709,
scalar,BenchmarkALPMatrix,integer-histogram,bursty,120,128,regular,ALPv4,decode-float,6,BenchmarkALPMatrix/integer-histogram/bursty/n=120/buckets=128/time=regular/ALPv4/decode-float,36981.0,3400.6549999999997,1.0,100.0,308.20000000000005,94.5,120.0,1.142,306.9,0.0,0.0,36815.0,37153.0,3.2449095481463455,0.30820000000000003,1048.0,11.08994708994709,
scalar,BenchmarkALPMatrix,integer-histogram,bursty,120,128,regular,ALPv4,encode,6,BenchmarkALPMatrix/integer-histogram/bursty/n=120/buckets=128/time=regular/ALPv4/encode,576053.0,218.315,1.0,98.995,4752.0,94.5,120.0,108.85,4639.5,83152.0,52.0,533496.0,597779.0,0.20831416553685164,4.752,1048.0,11.08994708994709,
scalar,BenchmarkALPMatrix,integer-histogram,bursty,120,128,regular,legacy,decode,6,BenchmarkALPMatrix/integer-histogram/bursty/n=120/buckets=128/time=regular/legacy/decode,96596.0,1301.92,1.0,99.99,804.9000000000001,94.92,120.0,1.924,803.25,16.0,2.0,95906.0,97969.0,1.2422874653194749,0.8049000000000001,1048.0,11.04087652760219,
scalar,BenchmarkALPMatrix,integer-histogram,bursty,120,128,regular,legacy,decode-float,6,BenchmarkALPMatrix/integer-histogram/bursty/n=120/buckets=128/time=regular/legacy/decode-float,99951.0,1258.215,1.0,99.99,832.8499999999999,94.92,120.0,1.8195000000000001,831.15,16.0,2.0,99825.0,100119.0,1.200588288261248,0.8328499999999999,1048.0,11.04087652760219,
scalar,BenchmarkALPMatrix,integer-histogram,bursty,120,128,regular,legacy,encode,6,BenchmarkALPMatrix/integer-histogram/bursty/n=120/buckets=128/time=regular/legacy/encode,238016.0,528.365,1.0,99.91,1981.5,94.92,120.0,7.0275,1975.0,49184.0,23.0,235579.0,256340.0,0.5041677870395268,1.9815,1048.0,11.04087652760219,
scalar,BenchmarkALPMatrix,integer-histogram,bursty,120,8,regular,ALPv3,decode,6,BenchmarkALPMatrix/integer-histogram/bursty/n=120/buckets=8/time=regular/ALPv3/decode,4600.5,2295.5600000000004,1.0,100.0,38.34,20.36,120.0,0.14145,38.195,0.0,0.0,4593.0,4643.0,26.084121291164003,0.038340000000000006,88.0,4.322200392927309,
scalar,BenchmarkALPMatrix,integer-histogram,bursty,120,8,regular,ALPv3,decode-float,6,BenchmarkALPMatrix/integer-histogram/bursty/n=120/buckets=8/time=regular/ALPv3/decode-float,4698.0,2247.805,1.0,100.0,39.15,20.36,120.0,0.14675,39.010000000000005,0.0,0.0,4694.0,4702.0,25.54278416347382,0.03915,88.0,4.322200392927309,
scalar,BenchmarkALPMatrix,integer-histogram,bursty,120,8,regular,ALPv3,encode,6,BenchmarkALPMatrix/integer-histogram/bursty/n=120/buckets=8/time=regular/ALPv3/encode,50468.0,209.245,1.0,99.86,420.05,20.36,120.0,1.859,418.15,15552.0,47.0,50147.0,50829.0,2.377744313228184,0.42005000000000003,88.0,4.322200392927309,
scalar,BenchmarkALPMatrix,integer-histogram,bursty,120,8,regular,ALPv4,decode,6,BenchmarkALPMatrix/integer-histogram/bursty/n=120/buckets=8/time=regular/ALPv4/decode,4631.5,2279.88,1.0,100.0,38.595,16.27,120.0,0.1427,38.455,0.0,0.0,4627.0,4646.0,25.909532548850265,0.038595,88.0,5.408727719729564,
scalar,BenchmarkALPMatrix,integer-histogram,bursty,120,8,regular,ALPv4,decode-float,6,BenchmarkALPMatrix/integer-histogram/bursty/n=120/buckets=8/time=regular/ALPv4/decode-float,4806.5,2197.135,1.0,100.0,40.055,16.27,120.0,0.14405,39.905,0.0,0.0,4792.0,4818.0,24.96619161552065,0.040055,88.0,5.408727719729564,
scalar,BenchmarkALPMatrix,integer-histogram,bursty,120,8,regular,ALPv4,encode,6,BenchmarkALPMatrix/integer-histogram/bursty/n=120/buckets=8/time=regular/ALPv4/encode,59076.0,178.755,1.0,99.92,491.54999999999995,16.27,120.0,1.778,489.75,12224.0,46.0,58867.0,59460.0,2.031281738777168,0.49154999999999993,88.0,5.408727719729564,
scalar,BenchmarkALPMatrix,integer-histogram,bursty,120,8,regular,legacy,decode,6,BenchmarkALPMatrix/integer-histogram/bursty/n=120/buckets=8/time=regular/legacy/decode,8422.5,1253.745,1.0,100.0,70.19,14.06,120.0,0.2158,69.92500000000001,16.0,2.0,8409.0,8463.0,14.247551202137133,0.07019,88.0,6.258890469416785,
scalar,BenchmarkALPMatrix,integer-histogram,bursty,120,8,regular,legacy,decode-float,6,BenchmarkALPMatrix/integer-histogram/bursty/n=120/buckets=8/time=regular/legacy/decode-float,8740.0,1208.19,1.0,100.0,72.84,14.06,120.0,0.27205,72.55,16.0,2.0,8733.0,8749.0,13.729977116704806,0.07284,88.0,6.258890469416785,
scalar,BenchmarkALPMatrix,integer-histogram,bursty,120,8,regular,legacy,encode,6,BenchmarkALPMatrix/integer-histogram/bursty/n=120/buckets=8/time=regular/legacy/encode,23082.5,457.49,1.0,99.89,192.14999999999998,14.06,120.0,0.74285,191.4,6048.0,17.0,22936.0,23184.0,5.1987436369544024,0.19215,88.0,6.258890469416785,
scalar,BenchmarkALPMatrix,integer-histogram,bursty,32,8,regular,ALPv3,decode,6,BenchmarkALPMatrix/integer-histogram/bursty/n=32/buckets=8/time=regular/ALPv3/decode,1294.0,2176.225,1.0,100.0,40.435,18.16,32.0,0.1696,40.26,0.0,0.0,1291.0,1302.0,24.72952086553323,0.040435000000000006,88.0,4.845814977973569,
scalar,BenchmarkALPMatrix,integer-histogram,bursty,32,8,regular,ALPv3,decode-float,6,BenchmarkALPMatrix/integer-histogram/bursty/n=32/buckets=8/time=regular/ALPv3/decode-float,1317.0,2138.165,1.0,100.0,41.155,18.16,32.0,0.16325,40.995000000000005,0.0,0.0,1316.0,1320.0,24.297646165527716,0.041155000000000004,88.0,4.845814977973569,
scalar,BenchmarkALPMatrix,integer-histogram,bursty,32,8,regular,ALPv3,encode,6,BenchmarkALPMatrix/integer-histogram/bursty/n=32/buckets=8/time=regular/ALPv3/encode,18124.0,155.38,1.0,99.88499999999999,565.7,18.16,32.0,2.9930000000000003,562.45,4544.0,42.0,17943.0,18310.0,1.7656146546016331,0.5657000000000001,88.0,4.845814977973569,
scalar,BenchmarkALPMatrix,integer-histogram,bursty,32,8,regular,ALPv4,decode,6,BenchmarkALPMatrix/integer-histogram/bursty/n=32/buckets=8/time=regular/ALPv4/decode,1301.0,2164.29,1.0,100.0,40.665,16.12,32.0,0.15225,40.515,0.0,0.0,1297.0,1314.0,24.596464258262873,0.040665,88.0,5.459057071960298,
scalar,BenchmarkALPMatrix,integer-histogram,bursty,32,8,regular,ALPv4,decode-float,6,BenchmarkALPMatrix/integer-histogram/bursty/n=32/buckets=8/time=regular/ALPv4/decode-float,1331.0,2115.81,1.0,100.0,41.59,16.12,32.0,0.16465000000000002,41.435,0.0,0.0,1330.0,1336.0,24.04207362885049,0.04159,88.0,5.459057071960298,
scalar,BenchmarkALPMatrix,integer-histogram,bursty,32,8,regular,ALPv4,encode,6,BenchmarkALPMatrix/integer-histogram/bursty/n=32/buckets=8/time=regular/ALPv4/encode,20594.0,136.74,1.0,99.88,642.8,16.12,32.0,2.697,639.9,5376.0,43.0,20431.0,20849.0,1.553850636107604,0.6427999999999999,88.0,5.459057071960298,
scalar,BenchmarkALPMatrix,integer-histogram,bursty,32,8,regular,legacy,decode,6,BenchmarkALPMatrix/integer-histogram/bursty/n=32/buckets=8/time=regular/legacy/decode,2067.0,1362.335,1.0,100.0,64.6,14.16,32.0,0.26739999999999997,64.33,16.0,2.0,2049.0,2099.0,15.481373971940009,0.06459999999999999,88.0,6.214689265536723,
scalar,BenchmarkALPMatrix,integer-histogram,bursty,32,8,regular,legacy,decode-float,6,BenchmarkALPMatrix/integer-histogram/bursty/n=32/buckets=8/time=regular/legacy/decode-float,2176.5,1293.8899999999999,1.0,100.0,67.99000000000001,14.16,32.0,0.29015,67.715,16.0,2.0,2169.0,2205.0,14.702504020215944,0.06799000000000001,88.0,6.214689265536723,
scalar,BenchmarkALPMatrix,integer-histogram,bursty,32,8,regular,legacy,encode,6,BenchmarkALPMatrix/integer-histogram/bursty/n=32/buckets=8/time=regular/legacy/encode,6311.5,446.15999999999997,1.0,99.86500000000001,197.0,14.16,32.0,0.7121999999999999,196.35,1696.0,14.0,6284.0,6343.0,5.070110116454091,0.197,88.0,6.214689265536723,
scalar,BenchmarkALPMatrix,integer-histogram,gauge,120,128,regular,ALPv3,decode,6,BenchmarkALPMatrix/integer-histogram/gauge/n=120/buckets=128/time=regular/ALPv3/decode,36877.5,3410.19,1.0,99.985,307.3,298.4,120.0,4.051500000000001,303.15,0.0,0.0,36773.0,37338.0,3.2540166768354686,0.3073,1048.0,3.512064343163539,
scalar,BenchmarkALPMatrix,integer-histogram,gauge,120,128,regular,ALPv3,decode-float,6,BenchmarkALPMatrix/integer-histogram/gauge/n=120/buckets=128/time=regular/ALPv3/decode-float,38408.5,3274.285,1.0,100.0,320.04999999999995,298.4,120.0,4.211,315.75,0.0,0.0,38371.0,38783.0,3.124308421312991,0.32004999999999995,1048.0,3.512064343163539,
scalar,BenchmarkALPMatrix,integer-histogram,gauge,120,128,regular,ALPv3,encode,6,BenchmarkALPMatrix/integer-histogram/gauge/n=120/buckets=128/time=regular/ALPv3/encode,687402.0,182.95,1.0,99.66,5709.0,298.4,120.0,72.465,5636.5,315712.0,295.0,686727.0,689167.0,0.17457033875374234,5.709,1048.0,3.512064343163539,
scalar,BenchmarkALPMatrix,integer-histogram,gauge,120,128,regular,ALPv4,decode,6,BenchmarkALPMatrix/integer-histogram/gauge/n=120/buckets=128/time=regular/ALPv4/decode,36265.0,3467.8149999999996,1.0,100.0,302.20000000000005,273.0,120.0,0.8075,301.3,0.0,0.0,36068.0,36369.0,3.308975596304977,0.3022,1048.0,3.838827838827839,
scalar,BenchmarkALPMatrix,integer-histogram,gauge,120,128,regular,ALPv4,decode-float,6,BenchmarkALPMatrix/integer-histogram/gauge/n=120/buckets=128/time=regular/ALPv4/decode-float,39565.5,3178.53,1.0,100.0,329.7,273.0,120.0,0.7726999999999999,328.95,0.0,0.0,39524.0,39706.0,3.0329453690715398,0.3297,1048.0,3.838827838827839,
scalar,BenchmarkALPMatrix,integer-histogram,gauge,120,128,regular,ALPv4,encode,6,BenchmarkALPMatrix/integer-histogram/gauge/n=120/buckets=128/time=regular/ALPv4/encode,795659.0,158.06,1.0,99.755,6614.0,273.0,120.0,32.08,6578.0,307520.0,295.0,789879.0,809243.0,0.15081837822484256,6.614,1048.0,3.838827838827839,
scalar,BenchmarkALPMatrix,integer-histogram,gauge,120,128,regular,legacy,decode,6,BenchmarkALPMatrix/integer-histogram/gauge/n=120/buckets=128/time=regular/legacy/decode,199253.5,631.155,1.0,99.995,1660.5,375.4,120.0,3.9585,1654.0,16.0,2.0,198850.0,199739.0,0.6022478902503595,1.6605,1048.0,2.7916888652104426,
scalar,BenchmarkALPMatrix,integer-histogram,gauge,120,128,regular,legacy,decode-float,6,BenchmarkALPMatrix/integer-histogram/gauge/n=120/buckets=128/time=regular/legacy/decode-float,204722.5,614.2950000000001,1.0,99.985,1706.0,375.4,120.0,4.132,1702.0,16.0,2.0,203384.0,228863.0,0.5861593132166714,1.706,1048.0,2.7916888652104426,
scalar,BenchmarkALPMatrix,integer-histogram,gauge,120,128,regular,legacy,encode,6,BenchmarkALPMatrix/integer-histogram/gauge/n=120/buckets=128/time=regular/legacy/encode,375100.0,335.275,1.0,99.52,3109.5,375.4,120.0,15.049,3091.0,216208.0,266.0,373207.0,377764.0,0.3199146894161557,3.1095,1048.0,2.7916888652104426,
scalar,BenchmarkALPMatrix,integer-histogram,gauge,120,8,regular,ALPv3,decode,6,BenchmarkALPMatrix/integer-histogram/gauge/n=120/buckets=8/time=regular/ALPv3/decode,4796.0,2201.785,1.0,100.0,39.97,26.14,120.0,0.1411,39.79,0.0,0.0,4785.0,4817.0,25.020850708924105,0.03997,88.0,3.366488140780413,
scalar,BenchmarkALPMatrix,integer-histogram,gauge,120,8,regular,ALPv3,decode-float,6,BenchmarkALPMatrix/integer-histogram/gauge/n=120/buckets=8/time=regular/ALPv3/decode-float,4867.0,2169.565,1.0,100.0,40.565,26.14,120.0,0.15985,40.405,0.0,0.0,4861.0,4873.0,24.655845490034928,0.040565,88.0,3.366488140780413,
scalar,BenchmarkALPMatrix,integer-histogram,gauge,120,8,regular,ALPv3,encode,6,BenchmarkALPMatrix/integer-histogram/gauge/n=120/buckets=8/time=regular/ALPv3/encode,66135.5,159.675,1.0,99.805,549.75,26.14,120.0,2.3745,547.4000000000001,24752.0,286.0,65894.0,66344.0,1.8144566836267966,0.54975,88.0,3.366488140780413,
scalar,BenchmarkALPMatrix,integer-histogram,gauge,120,8,regular,ALPv4,decode,6,BenchmarkALPMatrix/integer-histogram/gauge/n=120/buckets=8/time=regular/ALPv4/decode,4724.5,2235.2250000000004,1.0,100.0,39.375,24.93,120.0,0.15389999999999998,39.225,0.0,0.0,4722.0,4733.0,25.39951317599746,0.039375,88.0,3.5298836742880066,
scalar,BenchmarkALPMatrix,integer-histogram,gauge,120,8,regular,ALPv4,decode-float,6,BenchmarkALPMatrix/integer-histogram/gauge/n=120/buckets=8/time=regular/ALPv4/decode-float,4853.5,2175.77,1.0,100.0,40.45,24.93,120.0,0.1499,40.3,0.0,0.0,4850.0,4866.0,24.724425672195324,0.04045,88.0,3.5298836742880066,
scalar,BenchmarkALPMatrix,integer-histogram,gauge,120,8,regular,ALPv4,encode,6,BenchmarkALPMatrix/integer-histogram/gauge/n=120/buckets=8/time=regular/ALPv4/encode,74274.5,142.175,1.0,99.83,617.85,24.93,120.0,2.622,615.4,24624.0,286.0,73962.0,74401.0,1.615628513150543,0.61785,88.0,3.5298836742880066,
scalar,BenchmarkALPMatrix,integer-histogram,gauge,120,8,regular,legacy,decode,6,BenchmarkALPMatrix/integer-histogram/gauge/n=120/buckets=8/time=regular/legacy/decode,15226.5,693.5350000000001,1.0,99.995,126.85,33.39,120.0,0.4068,126.55,16.0,2.0,15196.0,15342.0,7.880996946113683,0.12685,88.0,2.635519616651692,
scalar,BenchmarkALPMatrix,integer-histogram,gauge,120,8,regular,legacy,decode-float,6,BenchmarkALPMatrix/integer-histogram/gauge/n=120/buckets=8/time=regular/legacy/decode-float,15623.5,675.885,1.0,100.0,130.2,33.39,120.0,0.4888,129.7,16.0,2.0,15598.0,15662.0,7.680737350785676,0.13019999999999998,88.0,2.635519616651692,
scalar,BenchmarkALPMatrix,integer-histogram,gauge,120,8,regular,legacy,encode,6,BenchmarkALPMatrix/integer-histogram/gauge/n=120/buckets=8/time=regular/legacy/encode,32357.5,326.355,1.0,99.735,268.9,33.39,120.0,1.2505,267.70000000000005,15120.0,257.0,31896.0,32469.0,3.7085683380978134,0.2689,88.0,2.635519616651692,
scalar,BenchmarkALPMatrix,integer-histogram,layout,120,128,regular,ALPv3,decode,6,BenchmarkALPMatrix/integer-histogram/layout/n=120/buckets=128/time=regular/ALPv3/decode,31308.5,4047.45,2.0,99.99,260.85,26.03,120.0,0.8150999999999999,260.0,0.0,0.0,31233.0,31376.0,3.8328249516904354,0.26085,1056.0,40.56857472147522,
scalar,BenchmarkALPMatrix,integer-histogram,layout,120,128,regular,ALPv3,decode-float,6,BenchmarkALPMatrix/integer-histogram/layout/n=120/buckets=128/time=regular/ALPv3/decode-float,32947.0,3846.17,2.0,99.995,274.54999999999995,26.03,120.0,0.62155,273.9,0.0,0.0,32756.0,33496.0,3.6422132515858805,0.27454999999999996,1056.0,40.56857472147522,
scalar,BenchmarkALPMatrix,integer-histogram,layout,120,128,regular,ALPv3,encode,6,BenchmarkALPMatrix/integer-histogram/layout/n=120/buckets=128/time=regular/ALPv3/encode,242932.5,521.625,2.0,99.89,2022.0,26.03,120.0,7.763,2015.0,40968.0,89.0,242320.0,245309.0,0.49396437281961036,2.022,1056.0,40.56857472147522,
scalar,BenchmarkALPMatrix,integer-histogram,layout,120,128,regular,ALPv4,decode,6,BenchmarkALPMatrix/integer-histogram/layout/n=120/buckets=128/time=regular/ALPv4/decode,31255.5,4054.3050000000003,2.0,99.99,260.45,23.62,120.0,0.5569999999999999,259.8,0.0,0.0,30220.0,60247.0,3.839324278926909,0.26045,1056.0,44.70787468247248,
scalar,BenchmarkALPMatrix,integer-histogram,layout,120,128,regular,ALPv4,decode-float,6,BenchmarkALPMatrix/integer-histogram/layout/n=120/buckets=128/time=regular/ALPv4/decode-float,33739.0,3755.895,2.0,100.0,280.75,23.62,120.0,0.6281,279.9,0.0,0.0,33447.0,34093.0,3.5567147811138446,0.28075,1056.0,44.70787468247248,
scalar,BenchmarkALPMatrix,integer-histogram,layout,120,128,regular,ALPv4,encode,6,BenchmarkALPMatrix/integer-histogram/layout/n=120/buckets=128/time=regular/ALPv4/encode,279780.5,452.925,2.0,99.9,2329.5,23.62,120.0,6.6525,2322.0,40584.0,89.0,278898.0,280664.0,0.4289076615418158,2.3295,1056.0,44.70787468247248,
scalar,BenchmarkALPMatrix,integer-histogram,layout,120,128,regular,legacy,decode,6,BenchmarkALPMatrix/integer-histogram/layout/n=120/buckets=128/time=regular/legacy/decode,46344.5,2734.295,2.0,99.99,386.15,27.71,120.0,1.267,384.9,32.0,4.0,46311.0,49142.0,2.589304016657856,0.38615,1056.0,38.10898592565861,
scalar,BenchmarkALPMatrix,integer-histogram,layout,120,128,regular,legacy,decode-float,6,BenchmarkALPMatrix/integer-histogram/layout/n=120/buckets=128/time=regular/legacy/decode-float,51046.5,2482.45,2.0,99.99,425.15,27.71,120.0,1.3905,423.65,32.0,4.0,50842.0,52029.0,2.350797802004055,0.42515,1056.0,38.10898592565861,
scalar,BenchmarkALPMatrix,integer-histogram,layout,120,128,regular,legacy,encode,6,BenchmarkALPMatrix/integer-histogram/layout/n=120/buckets=128/time=regular/legacy/encode,129914.5,975.4100000000001,2.0,99.95,1082.0,27.71,120.0,4.145,1078.5,15912.0,33.0,129565.0,130284.0,0.923684423216808,1.082,1056.0,38.10898592565861,
scalar,BenchmarkALPMatrix,integer-histogram,layout,120,8,regular,ALPv3,decode,6,BenchmarkALPMatrix/integer-histogram/layout/n=120/buckets=8/time=regular/ALPv3/decode,4804.0,2398.0150000000003,2.0,99.855,39.97,7.567,120.0,0.33415,39.644999999999996,0.0,0.0,4762.0,4872.0,24.979184013322232,0.03997,96.0,12.68666578564821,
scalar,BenchmarkALPMatrix,integer-histogram,layout,120,8,regular,ALPv3,decode-float,6,BenchmarkALPMatrix/integer-histogram/layout/n=120/buckets=8/time=regular/ALPv3/decode-float,4834.5,2382.85,2.0,99.78999999999999,40.120000000000005,7.567,120.0,0.30135,39.815,0.0,0.0,4787.0,4938.0,24.821594787465095,0.04012,96.0,12.68666578564821,
scalar,BenchmarkALPMatrix,integer-histogram,layout,120,8,regular,ALPv3,encode,6,BenchmarkALPMatrix/integer-histogram/layout/n=120/buckets=8/time=regular/ALPv3/encode,46056.0,250.13,2.0,99.595,382.25,7.567,120.0,2.8895,379.4,10744.0,85.0,45240.0,47569.0,2.6055237102657633,0.38225,96.0,12.68666578564821,
scalar,BenchmarkALPMatrix,integer-histogram,layout,120,8,regular,ALPv4,decode,6,BenchmarkALPMatrix/integer-histogram/layout/n=120/buckets=8/time=regular/ALPv4/decode,4740.0,2430.605,2.0,99.89,39.465,7.208,120.0,0.29335,39.155,0.0,0.0,4687.0,4954.0,25.31645569620253,0.039465,96.0,13.318534961154272,
scalar,BenchmarkALPMatrix,integer-histogram,layout,120,8,regular,ALPv4,decode-float,6,BenchmarkALPMatrix/integer-histogram/layout/n=120/buckets=8/time=regular/ALPv4/decode-float,4915.0,2343.955,2.0,99.94999999999999,40.935,7.208,120.0,0.2565,40.68,0.0,0.0,4899.0,5000.0,24.415055951169887,0.040935,96.0,13.318534961154272,
scalar,BenchmarkALPMatrix,integer-histogram,layout,120,8,regular,ALPv4,encode,6,BenchmarkALPMatrix/integer-histogram/layout/n=120/buckets=8/time=regular/ALPv4/encode,50437.5,228.4,2.0,99.75999999999999,419.55,7.208,120.0,3.9805,415.65,10712.0,85.0,49991.0,52298.0,2.379182156133829,0.41955000000000003,96.0,13.318534961154272,
scalar,BenchmarkALPMatrix,integer-histogram,layout,120,8,regular,legacy,decode,6,BenchmarkALPMatrix/integer-histogram/layout/n=120/buckets=8/time=regular/legacy/decode,5929.0,1942.95,2.0,99.845,49.315,9.4,120.0,0.6161000000000001,48.675,32.0,4.0,5778.0,6229.0,20.23950075898128,0.049315,96.0,10.212765957446807,
scalar,BenchmarkALPMatrix,integer-histogram,layout,120,8,regular,legacy,decode-float,6,BenchmarkALPMatrix/integer-histogram/layout/n=120/buckets=8/time=regular/legacy/decode-float,5934.0,1941.5149999999999,2.0,99.685,49.295,9.4,120.0,0.187055,49.114999999999995,32.0,4.0,5757.0,6486.0,20.222446916076844,0.049295,96.0,10.212765957446807,
scalar,BenchmarkALPMatrix,integer-histogram,layout,120,8,regular,legacy,encode,6,BenchmarkALPMatrix/integer-histogram/layout/n=120/buckets=8/time=regular/legacy/encode,17620.0,653.995,2.0,99.84,146.45,9.4,120.0,1.8455,145.15,4968.0,29.0,17013.0,18334.0,6.810442678774121,0.14645,96.0,10.212765957446807,
scalar,BenchmarkALPMatrix,integer-histogram,resets,120,128,regular,ALPv3,decode,6,BenchmarkALPMatrix/integer-histogram/resets/n=120/buckets=128/time=regular/ALPv3/decode,32145.0,3912.285,4.0,100.0,267.9,33.3,120.0,1.4085,266.55,0.0,0.0,31937.0,32781.0,3.733084461035931,0.26789999999999997,1048.0,31.471471471471475,
scalar,BenchmarkALPMatrix,integer-histogram,resets,120,128,regular,ALPv3,decode-float,6,BenchmarkALPMatrix/integer-histogram/resets/n=120/buckets=128/time=regular/ALPv3/decode-float,33870.5,3713.015,4.0,100.0,282.25,33.3,120.0,2.958,279.3,0.0,0.0,33590.0,34182.0,3.5429060687028535,0.28225,1048.0,31.471471471471475,
scalar,BenchmarkALPMatrix,integer-histogram,resets,120,128,regular,ALPv3,encode,6,BenchmarkALPMatrix/integer-histogram/resets/n=120/buckets=128/time=regular/ALPv3/encode,261973.0,480.04999999999995,4.0,99.88499999999999,2180.5,33.3,120.0,13.175,2165.0,59952.0,165.0,259389.0,264732.0,0.4580624720868181,2.1805,1048.0,31.471471471471475,
scalar,BenchmarkALPMatrix,integer-histogram,resets,120,128,regular,ALPv4,decode,6,BenchmarkALPMatrix/integer-histogram/resets/n=120/buckets=128/time=regular/ALPv4/decode,31907.0,3941.46,4.0,100.0,265.9,27.3,120.0,0.95695,264.95000000000005,0.0,0.0,31727.0,32054.0,3.760930203403642,0.26589999999999997,1048.0,38.38827838827839,
scalar,BenchmarkALPMatrix,integer-histogram,resets,120,128,regular,ALPv4,decode-float,6,BenchmarkALPMatrix/integer-histogram/resets/n=120/buckets=128/time=regular/ALPv4/decode-float,35762.5,3516.555,4.0,99.935,297.95,27.3,120.0,2.1035,295.95,0.0,0.0,35528.0,36990.0,3.355470115344285,0.29795,1048.0,38.38827838827839,
scalar,BenchmarkALPMatrix,integer-histogram,resets,120,128,regular,ALPv4,encode,6,BenchmarkALPMatrix/integer-histogram/resets/n=120/buckets=128/time=regular/ALPv4/encode,303520.0,414.34000000000003,4.0,99.9,2525.5,27.3,120.0,11.3,2515.5,59440.0,165.0,302793.0,306560.0,0.3953610964681075,2.5255,1048.0,38.38827838827839,
scalar,BenchmarkALPMatrix,integer-histogram,resets,120,128,regular,legacy,decode,6,BenchmarkALPMatrix/integer-histogram/resets/n=120/buckets=128/time=regular/legacy/decode,47728.5,2634.9049999999997,4.0,100.0,397.65,29.44,120.0,1.2530000000000001,396.3,64.0,8.0,47548.0,47925.0,2.5142210628869543,0.39765,1048.0,35.59782608695652,
scalar,BenchmarkALPMatrix,integer-histogram,resets,120,128,regular,legacy,decode-float,6,BenchmarkALPMatrix/integer-histogram/resets/n=120/buckets=128/time=regular/legacy/decode-float,52421.0,2399.04,4.0,100.0,436.9,29.44,120.0,1.8835000000000002,434.9,64.0,8.0,52145.0,52948.0,2.2891589248583584,0.43689999999999996,1048.0,35.59782608695652,
scalar,BenchmarkALPMatrix,integer-histogram,resets,120,128,regular,legacy,encode,6,BenchmarkALPMatrix/integer-histogram/resets/n=120/buckets=128/time=regular/legacy/encode,131294.5,957.845,4.0,99.92,1093.0,29.44,120.0,5.071,1088.5,17136.0,53.0,130295.0,131797.0,0.9139758329556836,1.093,1048.0,35.59782608695652,
scalar,BenchmarkALPMatrix,integer-histogram,resets,120,8,regular,ALPv3,decode,6,BenchmarkALPMatrix/integer-histogram/resets/n=120/buckets=8/time=regular/ALPv3/decode,4794.0,2202.815,4.0,100.0,39.955,10.9,120.0,0.1765,39.790000000000006,0.0,0.0,4786.0,4848.0,25.031289111389235,0.039955,88.0,8.073394495412844,
scalar,BenchmarkALPMatrix,integer-histogram,resets,120,8,regular,ALPv3,decode-float,6,BenchmarkALPMatrix/integer-histogram/resets/n=120/buckets=8/time=regular/ALPv3/decode-float,4884.0,2162.115,4.0,100.0,40.705,10.9,120.0,0.16494999999999999,40.55,0.0,0.0,4874.0,4896.0,24.57002457002457,0.040705,88.0,8.073394495412844,
scalar,BenchmarkALPMatrix,integer-histogram,resets,120,8,regular,ALPv3,encode,6,BenchmarkALPMatrix/integer-histogram/resets/n=120/buckets=8/time=regular/ALPv3/encode,61241.5,172.43,4.0,99.89,509.85,10.9,120.0,1.847,508.15,15472.0,161.0,60720.0,61544.0,1.9594555979197112,0.50985,88.0,8.073394495412844,
scalar,BenchmarkALPMatrix,integer-histogram,resets,120,8,regular,ALPv4,decode,6,BenchmarkALPMatrix/integer-histogram/resets/n=120/buckets=8/time=regular/ALPv4/decode,4821.5,2190.2,4.0,100.0,40.18,9.933,120.0,0.1488,40.03,0.0,0.0,4797.0,4879.0,24.888520170071555,0.04018,88.0,8.859357696566999,
scalar,BenchmarkALPMatrix,integer-histogram,resets,120,8,regular,ALPv4,decode-float,6,BenchmarkALPMatrix/integer-histogram/resets/n=120/buckets=8/time=regular/ALPv4/decode-float,4932.0,2141.045,4.0,100.0,41.105000000000004,9.933,120.0,0.14745,40.935,0.0,0.0,4919.0,4941.0,24.330900243309003,0.041105,88.0,8.859357696566999,
scalar,BenchmarkALPMatrix,integer-histogram,resets,120,8,regular,ALPv4,encode,6,BenchmarkALPMatrix/integer-histogram/resets/n=120/buckets=8/time=regular/ALPv4/encode,67113.5,157.345,4.0,99.905,558.75,9.933,120.0,2.1334999999999997,556.45,15344.0,161.0,66291.0,67286.0,1.7880158239400419,0.55875,88.0,8.859357696566999,
scalar,BenchmarkALPMatrix,integer-histogram,resets,120,8,regular,legacy,decode,6,BenchmarkALPMatrix/integer-histogram/resets/n=120/buckets=8/time=regular/legacy/decode,5784.0,1825.605,4.0,99.995,48.2,9.775,120.0,0.17185,48.095,64.0,8.0,5712.0,5850.0,20.74688796680498,0.0482,88.0,9.002557544757034,
scalar,BenchmarkALPMatrix,integer-histogram,resets,120,8,regular,legacy,decode-float,6,BenchmarkALPMatrix/integer-histogram/resets/n=120/buckets=8/time=regular/legacy/decode-float,5957.5,1772.475,4.0,100.0,49.655,9.775,120.0,0.1612,49.47,64.0,8.0,5929.0,5979.0,20.14267729752413,0.049655,88.0,9.002557544757034,
scalar,BenchmarkALPMatrix,integer-histogram,resets,120,8,regular,legacy,encode,6,BenchmarkALPMatrix/integer-histogram/resets/n=120/buckets=8/time=regular/legacy/encode,17281.5,611.06,4.0,99.84,143.8,9.775,120.0,0.73545,143.1,5872.0,49.0,17146.0,17406.0,6.943841680409687,0.1438,88.0,9.002557544757034,
scalar,BenchmarkALPMatrix,integer-histogram,smooth,1024,8,regular,ALPv3,decode,6,BenchmarkALPMatrix/integer-histogram/smooth/n=1024/buckets=8/time=regular/ALPv3/decode,35953.0,2506.375,1.0,100.0,35.114999999999995,4.749,1024.0,0.1075,35.0,0.0,0.0,35900.0,36059.0,28.48162879314661,0.03511499999999999,88.0,18.530216887765846,
scalar,BenchmarkALPMatrix,integer-histogram,smooth,1024,8,regular,ALPv3,decode-float,6,BenchmarkALPMatrix/integer-histogram/smooth/n=1024/buckets=8/time=regular/ALPv3/decode-float,36242.5,2486.38,1.0,100.0,35.4,4.749,1024.0,0.13745000000000002,35.265,0.0,0.0,36232.0,36313.0,28.25412154238808,0.0354,88.0,18.530216887765846,
scalar,BenchmarkALPMatrix,integer-histogram,smooth,1024,8,regular,ALPv3,encode,6,BenchmarkALPMatrix/integer-histogram/smooth/n=1024/buckets=8/time=regular/ALPv3/encode,296452.5,303.97,1.0,99.84,289.05,4.749,1024.0,1.0485,288.05,79168.0,57.0,293693.0,300176.0,3.454179000008433,0.28905000000000003,88.0,18.530216887765846,
scalar,BenchmarkALPMatrix,integer-histogram,smooth,1024,8,regular,ALPv4,decode,6,BenchmarkALPMatrix/integer-histogram/smooth/n=1024/buckets=8/time=regular/ALPv4/decode,36002.5,2502.965,1.0,100.0,35.16,4.796,1024.0,0.09076000000000001,35.075,0.0,0.0,35949.0,36212.0,28.442469272967156,0.03516,88.0,18.34862385321101,
scalar,BenchmarkALPMatrix,integer-histogram,smooth,1024,8,regular,ALPv4,decode-float,6,BenchmarkALPMatrix/integer-histogram/smooth/n=1024/buckets=8/time=regular/ALPv4/decode-float,37061.0,2431.455,1.0,100.0,36.19,4.796,1024.0,0.087615,36.11,0.0,0.0,37019.0,37226.0,27.630123310218288,0.03619,88.0,18.34862385321101,
scalar,BenchmarkALPMatrix,integer-histogram,smooth,1024,8,regular,ALPv4,encode,6,BenchmarkALPMatrix/integer-histogram/smooth/n=1024/buckets=8/time=regular/ALPv4/encode,320217.5,281.405,1.0,99.86500000000001,312.25,4.796,1024.0,1.161,311.1,79680.0,57.0,315539.0,320741.0,3.197826477316199,0.31225,88.0,18.34862385321101,
scalar,BenchmarkALPMatrix,integer-histogram,smooth,1024,8,regular,legacy,decode,6,BenchmarkALPMatrix/integer-histogram/smooth/n=1024/buckets=8/time=regular/legacy/decode,52116.5,1729.0500000000002,1.0,100.0,50.9,11.29,1024.0,0.15960000000000002,50.75,16.0,2.0,52047.0,52579.0,19.648287970220565,0.0509,88.0,7.79450841452613,
scalar,BenchmarkALPMatrix,integer-histogram,smooth,1024,8,regular,legacy,decode-float,6,BenchmarkALPMatrix/integer-histogram/smooth/n=1024/buckets=8/time=regular/legacy/decode-float,53361.0,1688.73,1.0,100.0,52.11,11.29,1024.0,0.13065000000000002,51.95,16.0,2.0,53292.0,53384.0,19.190045164071137,0.05211,88.0,7.79450841452613,
scalar,BenchmarkALPMatrix,integer-histogram,smooth,1024,8,regular,legacy,encode,6,BenchmarkALPMatrix/integer-histogram/smooth/n=1024/buckets=8/time=regular/legacy/encode,137063.5,657.45,1.0,99.785,133.55,11.29,1024.0,0.39890000000000003,133.25,47264.0,23.0,136518.0,138865.0,7.4709897237411855,0.13355,88.0,7.79450841452613,
scalar,BenchmarkALPMatrix,integer-histogram,smooth,120,1031,regular,ALPv3,decode,6,BenchmarkALPMatrix/integer-histogram/smooth/n=120/buckets=1031/time=regular/ALPv3/decode,234578.5,4231.6,1.0,100.0,1954.0,129.6,120.0,10.705,1942.5,0.0,0.0,233872.0,236899.0,0.5115558331219613,1.954,8272.0,63.827160493827165,
scalar,BenchmarkALPMatrix,integer-histogram,smooth,120,1031,regular,ALPv3,decode-float,6,BenchmarkALPMatrix/integer-histogram/smooth/n=120/buckets=1031/time=regular/ALPv3/decode-float,262842.5,3776.56,1.0,100.0,2190.5,129.6,120.0,10.327,2178.5,0.0,0.0,262267.0,263417.0,0.4565471717853848,2.1905,8272.0,63.827160493827165,
scalar,BenchmarkALPMatrix,integer-histogram,smooth,120,1031,regular,ALPv3,encode,6,BenchmarkALPMatrix/integer-histogram/smooth/n=120/buckets=1031/time=regular/ALPv3/encode,1637852.0,606.065,1.0,99.935,13641.0,129.6,120.0,59.655,13589.5,208720.0,54.0,1634423.0,1651905.0,0.07326669320549109,13.641,8272.0,63.827160493827165,
scalar,BenchmarkALPMatrix,integer-histogram,smooth,120,1031,regular,ALPv4,decode,6,BenchmarkALPMatrix/integer-histogram/smooth/n=120/buckets=1031/time=regular/ALPv4/decode,228494.0,4344.264999999999,1.0,100.0,1904.0,134.1,120.0,6.91,1897.0,0.0,0.0,228191.0,229029.0,0.5251779040149851,1.904,8272.0,61.685309470544375,
scalar,BenchmarkALPMatrix,integer-histogram,smooth,120,1031,regular,ALPv4,decode-float,6,BenchmarkALPMatrix/integer-histogram/smooth/n=120/buckets=1031/time=regular/ALPv4/decode-float,257612.5,3853.225,1.0,100.0,2147.0,134.1,120.0,7.926,2138.5,0.0,0.0,256370.0,257786.0,0.4658159056722791,2.147,8272.0,61.685309470544375,
scalar,BenchmarkALPMatrix,integer-histogram,smooth,120,1031,regular,ALPv4,encode,6,BenchmarkALPMatrix/integer-histogram/smooth/n=120/buckets=1031/time=regular/ALPv4/encode,1825860.0,543.655,1.0,99.94,15207.5,134.1,120.0,52.58,15159.0,208720.0,54.0,1824809.0,1834785.0,0.06572245407643522,15.2075,8272.0,61.685309470544375,
scalar,BenchmarkALPMatrix,integer-histogram,smooth,120,1031,regular,legacy,decode,6,BenchmarkALPMatrix/integer-histogram/smooth/n=120/buckets=1031/time=regular/legacy/decode,339942.5,2920.025,1.0,100.0,2833.0,146.6,120.0,10.58,2823.0,16.0,2.0,339688.0,340582.0,0.353000875148003,2.833,8272.0,56.4256480218281,
scalar,BenchmarkALPMatrix,integer-histogram,smooth,120,1031,regular,legacy,decode-float,6,BenchmarkALPMatrix/integer-histogram/smooth/n=120/buckets=1031/time=regular/legacy/decode-float,399107.0,2487.1499999999996,1.0,100.0,3326.0,146.6,120.0,15.815000000000001,3309.0,16.0,2.0,398645.0,400009.0,0.3006712485624156,3.326,8272.0,56.4256480218281,
scalar,BenchmarkALPMatrix,integer-histogram,smooth,120,1031,regular,legacy,encode,6,BenchmarkALPMatrix/integer-histogram/smooth/n=120/buckets=1031/time=regular/legacy/encode,933215.0,1063.6750000000002,1.0,99.94,7772.5,146.6,120.0,30.770000000000003,7744.5,104736.0,25.0,930979.0,935016.0,0.12858773165883533,7.7725,8272.0,56.4256480218281,
scalar,BenchmarkALPMatrix,integer-histogram,smooth,120,128,regular,ALPv3,decode,6,BenchmarkALPMatrix/integer-histogram/smooth/n=120/buckets=128/time=regular/ALPv3/decode,30908.0,4068.8050000000003,1.0,100.0,257.6,21.23,120.0,0.8491500000000001,256.70000000000005,0.0,0.0,30766.0,30962.0,3.8824899702342437,0.2576,1048.0,49.364107395195475,
scalar,BenchmarkALPMatrix,integer-histogram,smooth,120,128,regular,ALPv3,decode-float,6,BenchmarkALPMatrix/integer-histogram/smooth/n=120/buckets=128/time=regular/ALPv3/decode-float,32215.5,3903.7,1.0,100.0,268.5,21.23,120.0,0.8453999999999999,267.65,0.0,0.0,32208.0,32286.0,3.7249150253759837,0.2685,1048.0,49.364107395195475,
scalar,BenchmarkALPMatrix,integer-histogram,smooth,120,128,regular,ALPv3,encode,6,BenchmarkALPMatrix/integer-histogram/smooth/n=120/buckets=128/time=regular/ALPv3/encode,226505.0,555.22,1.0,99.95,1886.5,21.23,120.0,7.107,1879.5,26192.0,47.0,225651.0,228913.0,0.5297896293680051,1.8865,1048.0,49.364107395195475,
scalar,BenchmarkALPMatrix,integer-histogram,smooth,120,128,regular,ALPv4,decode,6,BenchmarkALPMatrix/integer-histogram/smooth/n=120/buckets=128/time=regular/ALPv4/decode,30641.5,4104.25,1.0,100.0,255.35000000000002,20.48,120.0,0.7758,254.6,0.0,0.0,30560.0,31465.0,3.91625736337973,0.25535,1048.0,51.171875,
scalar,BenchmarkALPMatrix,integer-histogram,smooth,120,128,regular,ALPv4,decode-float,6,BenchmarkALPMatrix/integer-histogram/smooth/n=120/buckets=128/time=regular/ALPv4/decode-float,33852.0,3715.0200000000004,1.0,100.0,282.15,20.48,120.0,0.8816999999999999,281.25,0.0,0.0,33798.0,33968.0,3.544842254519674,0.28214999999999996,1048.0,51.171875,
scalar,BenchmarkALPMatrix,integer-histogram,smooth,120,128,regular,ALPv4,encode,6,BenchmarkALPMatrix/integer-histogram/smooth/n=120/buckets=128/time=regular/ALPv4/encode,260252.0,483.225,1.0,99.965,2168.0,20.48,120.0,8.641,2160.0,26192.0,47.0,258792.0,262294.0,0.46109155741358376,2.168,1048.0,51.171875,
scalar,BenchmarkALPMatrix,integer-histogram,smooth,120,128,regular,legacy,decode,6,BenchmarkALPMatrix/integer-histogram/smooth/n=120/buckets=128/time=regular/legacy/decode,44759.5,2809.6899999999996,1.0,100.0,373.0,25.07,120.0,1.2435,371.8,16.0,2.0,44727.0,44845.0,2.680995096013137,0.373,1048.0,41.802951735141605,
scalar,BenchmarkALPMatrix,integer-histogram,smooth,120,128,regular,legacy,decode-float,6,BenchmarkALPMatrix/integer-histogram/smooth/n=120/buckets=128/time=regular/legacy/decode-float,49033.0,2564.8050000000003,1.0,100.0,408.6,25.07,120.0,1.5405000000000002,407.05,16.0,2.0,48989.0,49100.0,2.4473313890645074,0.4086,1048.0,41.802951735141605,
scalar,BenchmarkALPMatrix,integer-histogram,smooth,120,128,regular,legacy,encode,6,BenchmarkALPMatrix/integer-histogram/smooth/n=120/buckets=128/time=regular/legacy/encode,123414.0,1019.01,1.0,99.95,1027.0,25.07,120.0,3.9655000000000005,1024.0,11040.0,18.0,123337.0,123580.0,0.9723370120083621,1.027,1048.0,41.802951735141605,
scalar,BenchmarkALPMatrix,integer-histogram,smooth,120,8,regular,ALPv1,decode,6,BenchmarkALPMatrix/integer-histogram/smooth/n=120/buckets=8/time=regular/ALPv1/decode,3974.5,2656.7749999999996,1.0,99.88,33.08,11.71,120.0,0.14575,32.94,0.0,0.0,3962.0,4012.0,30.19247704113725,0.03308,88.0,7.514944491887276,
scalar,BenchmarkALPMatrix,integer-histogram,smooth,120,8,regular,ALPv1,decode-cold,6,BenchmarkALPMatrix/integer-histogram/smooth/n=120/buckets=8/time=regular/ALPv1/decode-cold,6716.5,1572.2150000000001,1.0,98.735,55.265,11.71,120.0,0.28835,54.985,12080.0,16.0,6688.0,6743.0,17.866448298965235,0.055265,88.0,7.514944491887276,
scalar,BenchmarkALPMatrix,integer-histogram,smooth,120,8,regular,ALPv1,decode-float,6,BenchmarkALPMatrix/integer-histogram/smooth/n=120/buckets=8/time=regular/ALPv1/decode-float,4109.5,2569.695,1.0,100.0,34.245,11.71,120.0,0.08065,34.165,0.0,0.0,4094.0,4133.0,29.200632680374742,0.034245,88.0,7.514944491887276,
scalar,BenchmarkALPMatrix,integer-histogram,smooth,120,8,regular,ALPv1,encode,6,BenchmarkALPMatrix/integer-histogram/smooth/n=120/buckets=8/time=regular/ALPv1/encode,34652.5,304.74,1.0,99.82,288.20000000000005,11.71,120.0,1.092,287.2,8896.0,45.0,34460.0,34941.0,3.462953610850588,0.28820000000000007,88.0,7.514944491887276,
scalar,BenchmarkALPMatrix,integer-histogram,smooth,120,8,regular,ALPv3,decode,6,BenchmarkALPMatrix/integer-histogram/smooth/n=120/buckets=8/time=regular/ALPv3/decode,4287.5,2462.795,1.0,99.995,35.730000000000004,5.825,120.0,0.073905,35.66,0.0,0.0,4280.0,4299.0,27.988338192419825,0.035730000000000005,88.0,15.107296137339056,
scalar,BenchmarkALPMatrix,integer-histogram,smooth,120,8,regular,ALPv3,decode-cold,6,BenchmarkALPMatrix/integer-histogram/smooth/n=120/buckets=8/time=regular/ALPv3/decode-cold,6622.5,1594.51,1.0,99.61500000000001,54.975,5.825,120.0,0.28825,54.7,4272.0,16.0,6594.0,6686.0,18.12004530011325,0.054975,88.0,15.107296137339056,
scalar,BenchmarkALPMatrix,integer-histogram,smooth,120,8,regular,ALPv3,decode-float,6,BenchmarkALPMatrix/integer-histogram/smooth/n=120/buckets=8/time=regular/ALPv3/decode-float,4352.0,2426.44,1.0,99.995,36.27,5.825,120.0,0.1081,36.155,0.0,0.0,4336.0,4353.0,27.573529411764707,0.036270000000000004,88.0,15.107296137339056,
scalar,BenchmarkALPMatrix,integer-histogram,smooth,120,8,regular,ALPv3,encode,6,BenchmarkALPMatrix/integer-histogram/smooth/n=120/buckets=8/time=regular/ALPv3/encode,35402.0,298.29,1.0,99.9,294.75,5.825,120.0,0.7321,294.0,8192.0,45.0,34598.0,35538.0,3.389639003446133,0.29475,88.0,15.107296137339056,
scalar,BenchmarkALPMatrix,integer-histogram,smooth,120,8,regular,ALPv4,decode,6,BenchmarkALPMatrix/integer-histogram/smooth/n=120/buckets=8/time=regular/ALPv4/decode,4285.0,2464.1949999999997,1.0,100.0,35.71,5.642,120.0,0.095005,35.620000000000005,0.0,0.0,4281.0,4320.0,28.004667444574096,0.03571,88.0,15.597305919886564,
scalar,BenchmarkALPMatrix,integer-histogram,smooth,120,8,regular,ALPv4,decode-cold,6,BenchmarkALPMatrix/integer-histogram/smooth/n=120/buckets=8/time=regular/ALPv4/decode-cold,6613.5,1596.71,1.0,99.6,54.89,5.642,120.0,0.23959999999999998,54.65,4272.0,16.0,6538.0,6639.0,18.144704014515764,0.05489,88.0,15.597305919886564,
scalar,BenchmarkALPMatrix,integer-histogram,smooth,120,8,regular,ALPv4,decode-float,6,BenchmarkALPMatrix/integer-histogram/smooth/n=120/buckets=8/time=regular/ALPv4/decode-float,4377.0,2412.6800000000003,1.0,99.995,36.47,5.642,120.0,0.1189,36.34,0.0,0.0,4365.0,4391.0,27.416038382453735,0.036469999999999995,88.0,15.597305919886564,
scalar,BenchmarkALPMatrix,integer-histogram,smooth,120,8,regular,ALPv4,encode,6,BenchmarkALPMatrix/integer-histogram/smooth/n=120/buckets=8/time=regular/ALPv4/encode,38951.5,271.11,1.0,99.91,324.4,5.642,120.0,1.2645,323.05,8192.0,45.0,38520.0,39294.0,3.0807542713374323,0.32439999999999997,88.0,15.597305919886564,
scalar,BenchmarkALPMatrix,integer-histogram,smooth,120,8,regular,legacy,decode,6,BenchmarkALPMatrix/integer-histogram/smooth/n=120/buckets=8/time=regular/legacy/decode,4918.5,2147.015,1.0,99.99,40.985,8.917,120.0,0.098165,40.879999999999995,16.0,2.0,4902.0,4925.0,24.397682220189083,0.040985,88.0,9.868789951777504,
scalar,BenchmarkALPMatrix,integer-histogram,smooth,120,8,regular,legacy,decode-cold,6,BenchmarkALPMatrix/integer-histogram/smooth/n=120/buckets=8/time=regular/legacy/decode-cold,5877.0,1796.93,1.0,99.93,48.94,8.917,120.0,0.22859999999999997,48.705,880.0,15.0,5846.0,5930.0,20.41858090862685,0.04894,88.0,9.868789951777504,
scalar,BenchmarkALPMatrix,integer-histogram,smooth,120,8,regular,legacy,decode-float,6,BenchmarkALPMatrix/integer-histogram/smooth/n=120/buckets=8/time=regular/legacy/decode-float,5134.5,2056.69,1.0,100.0,42.78,8.917,120.0,0.17345,42.620000000000005,16.0,2.0,5121.0,5147.0,23.371311714869996,0.04278,88.0,9.868789951777504,
scalar,BenchmarkALPMatrix,integer-histogram,smooth,120,8,regular,legacy,encode,6,BenchmarkALPMatrix/integer-histogram/smooth/n=120/buckets=8/time=regular/legacy/encode,14824.5,712.355,1.0,99.87,123.35,8.917,120.0,0.28065,123.1,4000.0,16.0,14636.0,14955.0,8.0947080845897,0.12334999999999999,88.0,9.868789951777504,
scalar,BenchmarkALPMatrix,integer-histogram,smooth,32,8,regular,ALPv3,decode,6,BenchmarkALPMatrix/integer-histogram/smooth/n=32/buckets=8/time=regular/ALPv3/decode,1249.0,2255.195,1.0,100.0,39.025000000000006,10.34,32.0,0.13905,38.879999999999995,0.0,0.0,1244.0,1252.0,25.620496397117694,0.039025000000000004,88.0,8.51063829787234,
scalar,BenchmarkALPMatrix,integer-histogram,smooth,32,8,regular,ALPv3,decode-float,6,BenchmarkALPMatrix/integer-histogram/smooth/n=32/buckets=8/time=regular/ALPv3/decode-float,1257.0,2239.9049999999997,1.0,100.0,39.29,10.34,32.0,0.1588,39.144999999999996,0.0,0.0,1254.0,1274.0,25.457438345266507,0.03929,88.0,8.51063829787234,
scalar,BenchmarkALPMatrix,integer-histogram,smooth,32,8,regular,ALPv3,encode,6,BenchmarkALPMatrix/integer-histogram/smooth/n=32/buckets=8/time=regular/ALPv3/encode,15084.0,186.7,1.0,99.875,470.75,10.34,32.0,1.842,469.0,4096.0,42.0,14649.0,15416.0,2.1214531954388756,0.47075,88.0,8.51063829787234,
scalar,BenchmarkALPMatrix,integer-histogram,smooth,32,8,regular,ALPv4,decode,6,BenchmarkALPMatrix/integer-histogram/smooth/n=32/buckets=8/time=regular/ALPv4/decode,1243.5,2264.51,1.0,100.0,38.86,9.438,32.0,0.15965000000000001,38.675,0.0,0.0,1239.0,1254.0,25.733815842380377,0.03886,88.0,9.324009324009323,
scalar,BenchmarkALPMatrix,integer-histogram,smooth,32,8,regular,ALPv4,decode-float,6,BenchmarkALPMatrix/integer-histogram/smooth/n=32/buckets=8/time=regular/ALPv4/decode-float,1282.0,2196.775,1.0,100.0,40.06,9.438,32.0,0.1552,39.905,0.0,0.0,1277.0,1319.0,24.960998439937597,0.040060000000000005,88.0,9.324009324009323,
scalar,BenchmarkALPMatrix,integer-histogram,smooth,32,8,regular,ALPv4,encode,6,BenchmarkALPMatrix/integer-histogram/smooth/n=32/buckets=8/time=regular/ALPv4/encode,16326.5,172.485,1.0,99.89,509.7,9.438,32.0,2.0985,507.45000000000005,4064.0,42.0,16266.0,16814.0,1.9600036750068905,0.5097,88.0,9.324009324009323,
scalar,BenchmarkALPMatrix,integer-histogram,smooth,32,8,regular,legacy,decode,6,BenchmarkALPMatrix/integer-histogram/smooth/n=32/buckets=8/time=regular/legacy/decode,1524.0,1847.99,1.0,99.995,47.625,9.719,32.0,0.18405,47.44,16.0,2.0,1484.0,1533.0,20.99737532808399,0.047625,88.0,9.05442946805227,
scalar,BenchmarkALPMatrix,integer-histogram,smooth,32,8,regular,legacy,decode-float,6,BenchmarkALPMatrix/integer-histogram/smooth/n=32/buckets=8/time=regular/legacy/decode-float,1534.0,1835.995,1.0,100.0,47.935,9.719,32.0,0.17354999999999998,47.705,16.0,2.0,1528.0,1553.0,20.860495436766623,0.047935000000000005,88.0,9.05442946805227,
scalar,BenchmarkALPMatrix,integer-histogram,smooth,32,8,regular,legacy,encode,6,BenchmarkALPMatrix/integer-histogram/smooth/n=32/buckets=8/time=regular/legacy/encode,4539.0,620.375,1.0,99.8,141.6,9.719,32.0,0.58,141.0,1696.0,14.0,4496.0,4543.0,7.0500110156422116,0.1416,88.0,9.05442946805227,
scalar,BenchmarkALPMatrix,integer-histogram,stale,120,128,regular,ALPv3,decode,6,BenchmarkALPMatrix/integer-histogram/stale/n=120/buckets=128/time=regular/ALPv3/decode,36000.0,3322.665,6.0,99.93,299.85,62.02,120.0,1.1785,297.85,6240.0,24.0,35809.0,36381.0,3.3333333333333335,0.29985,996.8,16.072234762979683,
scalar,BenchmarkALPMatrix,integer-histogram,stale,120,128,regular,ALPv3,decode-float,6,BenchmarkALPMatrix/integer-histogram/stale/n=120/buckets=128/time=regular/ALPv3/decode-float,37265.5,3209.845,6.0,99.905,310.3,62.02,120.0,1.4075,308.8,6240.0,24.0,37123.0,37643.0,3.220136587460251,0.3103,996.8,16.072234762979683,
scalar,BenchmarkALPMatrix,integer-histogram,stale,120,128,regular,ALPv3,encode,6,BenchmarkALPMatrix/integer-histogram/stale/n=120/buckets=128/time=regular/ALPv3/encode,283964.5,421.245,6.0,99.81,2362.0,62.02,120.0,10.244,2351.5,97920.0,254.0,279786.0,285815.0,0.4225880347719521,2.362,996.8,16.072234762979683,
scalar,BenchmarkALPMatrix,integer-histogram,stale,120,128,regular,ALPv4,decode,6,BenchmarkALPMatrix/integer-histogram/stale/n=120/buckets=128/time=regular/ALPv4/decode,35906.5,3331.3,6.0,99.92,299.0,47.23,120.0,1.1275,297.79999999999995,6240.0,24.0,35723.0,36006.0,3.342013284502806,0.299,996.8,21.105229726868515,
scalar,BenchmarkALPMatrix,integer-histogram,stale,120,128,regular,ALPv4,decode-float,6,BenchmarkALPMatrix/integer-histogram/stale/n=120/buckets=128/time=regular/ALPv4/decode-float,39019.5,3065.545,6.0,99.9,324.85,47.23,120.0,1.319,323.55,6240.0,24.0,38721.0,39188.0,3.0753853842309615,0.32485,996.8,21.105229726868515,
scalar,BenchmarkALPMatrix,integer-histogram,stale,120,128,regular,ALPv4,encode,6,BenchmarkALPMatrix/integer-histogram/stale/n=120/buckets=128/time=regular/ALPv4/encode,337238.0,354.69,6.0,99.845,2806.0,47.23,120.0,11.075,2796.5,96256.0,254.0,336635.0,339379.0,0.3558317864534839,2.806,996.8,21.105229726868515,
scalar,BenchmarkALPMatrix,integer-histogram,stale,120,128,regular,legacy,decode,6,BenchmarkALPMatrix/integer-histogram/stale/n=120/buckets=128/time=regular/legacy/decode,51644.5,2316.1549999999997,6.0,99.92,429.9,36.73,120.0,1.7285,428.1,7296.0,42.0,51549.0,51723.0,2.323577534877867,0.4299,996.8,27.138578818404575,
scalar,BenchmarkALPMatrix,integer-histogram,stale,120,128,regular,legacy,decode-float,6,BenchmarkALPMatrix/integer-histogram/stale/n=120/buckets=128/time=regular/legacy/decode-float,55851.5,2141.685,6.0,99.935,465.15,36.73,120.0,1.8435000000000001,463.3,7296.0,42.0,55781.0,56005.0,2.148554649382738,0.46514999999999995,996.8,27.138578818404575,
scalar,BenchmarkALPMatrix,integer-histogram,stale,120,128,regular,legacy,encode,6,BenchmarkALPMatrix/integer-histogram/stale/n=120/buckets=128/time=regular/legacy/encode,130809.5,914.4300000000001,6.0,99.91499999999999,1089.0,36.73,120.0,3.534,1086.0,25616.0,78.0,130621.0,131223.0,0.9173645645002848,1.089,996.8,27.138578818404575,
scalar,BenchmarkALPMatrix,integer-histogram,stale,120,8,regular,ALPv3,decode,6,BenchmarkALPMatrix/integer-histogram/stale/n=120/buckets=8/time=regular/ALPv3/decode,6320.0,1610.23,6.0,99.965,52.650000000000006,20.02,120.0,0.20425,52.44,480.0,24.0,6041.0,6609.0,18.9873417721519,0.05265,84.8,4.235764235764235,
scalar,BenchmarkALPMatrix,integer-histogram,stale,120,8,regular,ALPv3,decode-float,6,BenchmarkALPMatrix/integer-histogram/stale/n=120/buckets=8/time=regular/ALPv3/decode-float,5905.0,1723.29,6.0,99.965,49.19,20.02,120.0,0.18280000000000002,49.0,480.0,24.0,5811.0,6123.0,20.321761219305674,0.04919,84.8,4.235764235764235,
scalar,BenchmarkALPMatrix,integer-histogram,stale,120,8,regular,ALPv3,encode,6,BenchmarkALPMatrix/integer-histogram/stale/n=120/buckets=8/time=regular/ALPv3/encode,77830.5,130.75,6.0,99.86500000000001,647.75,20.02,120.0,2.738,645.3,22528.0,242.0,74458.0,78993.0,1.5418120145701235,0.64775,84.8,4.235764235764235,
scalar,BenchmarkALPMatrix,integer-histogram,stale,120,8,regular,ALPv4,decode,6,BenchmarkALPMatrix/integer-histogram/stale/n=120/buckets=8/time=regular/ALPv4/decode,6301.0,1615.085,6.0,99.965,52.485,17.9,120.0,0.21715,52.26,480.0,24.0,6059.0,6652.0,19.044596095857802,0.052485,84.8,4.737430167597766,
scalar,BenchmarkALPMatrix,integer-histogram,stale,120,8,regular,ALPv4,decode-float,6,BenchmarkALPMatrix/integer-histogram/stale/n=120/buckets=8/time=regular/ALPv4/decode-float,6083.5,1672.655,6.0,99.975,50.68,17.9,120.0,0.213,50.465,480.0,24.0,5983.0,6209.0,19.725486972959644,0.05068,84.8,4.737430167597766,
scalar,BenchmarkALPMatrix,integer-histogram,stale,120,8,regular,ALPv4,encode,6,BenchmarkALPMatrix/integer-histogram/stale/n=120/buckets=8/time=regular/ALPv4/encode,88375.0,115.14500000000001,6.0,99.89,735.75,17.9,120.0,2.423,733.3499999999999,22240.0,242.0,85884.0,88672.0,1.3578500707213579,0.73575,84.8,4.737430167597766,
scalar,BenchmarkALPMatrix,integer-histogram,stale,120,8,regular,legacy,decode,6,BenchmarkALPMatrix/integer-histogram/stale/n=120/buckets=8/time=regular/legacy/decode,7478.5,1360.6999999999998,6.0,99.91,62.269999999999996,11.05,120.0,0.2569,62.005,1536.0,42.0,7408.0,7570.0,16.0459985291168,0.06227,84.8,7.6742081447963795,
scalar,BenchmarkALPMatrix,integer-histogram,stale,120,8,regular,legacy,decode-float,6,BenchmarkALPMatrix/integer-histogram/stale/n=120/buckets=8/time=regular/legacy/decode-float,7682.5,1324.615,6.0,99.91499999999999,63.965,11.05,120.0,0.3407,63.629999999999995,1536.0,42.0,7607.0,7770.0,15.619915392124959,0.06396500000000001,84.8,7.6742081447963795,
scalar,BenchmarkALPMatrix,integer-histogram,stale,120,8,regular,legacy,encode,6,BenchmarkALPMatrix/integer-histogram/stale/n=120/buckets=8/time=regular/legacy/encode,17853.5,569.96,6.0,99.845,148.55,11.05,120.0,0.5593,148.05,5648.0,66.0,17781.0,17957.0,6.721371159716583,0.14855000000000002,84.8,7.6742081447963795,
scalar,BenchmarkALPMatrixTranscode,float-histogram,fractional,120,8,regular,adaptive,transcode,6,BenchmarkALPMatrixTranscode/float-histogram/fractional/n=120/buckets=8/time=regular/adaptive,30274.5,348.805,,99.95,252.14999999999998,23.66,120.0,0.90875,251.25,3793.0,11.0,30238.0,30312.0,3.963731853540108,0.25215,88.0,3.7193575655114115,100.0
scalar,BenchmarkALPMatrixTranscode,float-histogram,fractional,120,8,regular,forced,transcode,6,BenchmarkALPMatrixTranscode/float-histogram/fractional/n=120/buckets=8/time=regular/forced,30093.0,350.90999999999997,,99.945,250.6,23.66,120.0,1.1815,249.6,3793.0,11.0,29938.0,30351.0,3.9876383212042668,0.2506,88.0,3.7193575655114115,100.0
scalar,BenchmarkALPMatrixTranscode,float-histogram,noisy-fractional,120,128,regular,adaptive,transcode,6,BenchmarkALPMatrixTranscode/float-histogram/noisy-fractional/n=120/buckets=128/time=regular/adaptive,437709.0,287.315,,99.7,3636.0,832.6,120.0,5.781000000000001,3631.0,222963.0,12.0,437138.0,438783.0,0.2741547466467448,3.636,1048.0,1.2587076627432139,100.0
scalar,BenchmarkALPMatrixTranscode,float-histogram,noisy-fractional,120,128,regular,forced,transcode,6,BenchmarkALPMatrixTranscode/float-histogram/noisy-fractional/n=120/buckets=128/time=regular/forced,437859.0,287.21500000000003,,99.7,3636.0,832.6,120.0,7.4094999999999995,3628.0,222963.0,12.0,436817.0,438406.0,0.2740608278007304,3.636,1048.0,1.2587076627432139,100.0
scalar,BenchmarkALPMatrixTranscode,float,computed,120,0,regular,adaptive,transcode,6,BenchmarkALPMatrixTranscode/float/computed/n=120/buckets=0/time=regular/adaptive,116.55,8237.39,,99.935,0.97055,7.142,120.0,0.00321,0.9673499999999999,16.0,0.0,116.4,117.6,1029.6010296010297,0.00097055,8,1.1201344161299356,0.0
scalar,BenchmarkALPMatrixTranscode,float,computed,120,0,regular,forced,transcode,6,BenchmarkALPMatrixTranscode/float/computed/n=120/buckets=0/time=regular/forced,4719.0,203.425,,99.89,39.29,6.808,120.0,0.1953,39.07,1136.0,3.0,4683.0,4765.0,25.429116338207248,0.03929,8,1.1750881316098707,100.0
scalar,BenchmarkALPMatrixTranscode,float,decimal2,120,0,regular,adaptive,transcode,6,BenchmarkALPMatrixTranscode/float/decimal2/n=120/buckets=0/time=regular/adaptive,2536.0,378.52,,99.81,21.095,1.375,120.0,0.07024,21.025,944.0,3.0,2527.0,2547.0,47.3186119873817,0.021095,8,5.818181818181818,100.0
scalar,BenchmarkALPMatrixTranscode,float,decimal2,120,0,regular,forced,transcode,6,BenchmarkALPMatrixTranscode/float/decimal2/n=120/buckets=0/time=regular/forced,2525.5,380.15,,99.84,21.009999999999998,1.375,120.0,0.07591999999999999,20.945,944.0,3.0,2520.0,2537.0,47.51534349633736,0.021009999999999997,8,5.818181818181818,100.0
scalar,BenchmarkALPMatrixTranscode,float,random-bits,120,0,regular,adaptive,transcode,6,BenchmarkALPMatrixTranscode/float/random-bits/n=120/buckets=0/time=regular/adaptive,64.5,14884.3,,99.88499999999999,0.53685,8.517,120.0,0.0019695,0.53445,16.0,0.0,63.25,65.24,1860.4651162790697,0.0005368500000000001,8,0.9392978748385582,0.0
scalar,BenchmarkALPMatrixTranscode,float,random-bits,120,0,regular,forced,transcode,6,BenchmarkALPMatrixTranscode/float/random-bits/n=120/buckets=0/time=regular/forced,7423.5,129.31,,99.94,61.83,8.333,120.0,0.23125,61.58,1264.0,3.0,7368.0,7518.0,16.16488179430188,0.061829999999999996,8,0.9600384015360615,100.0
scalar,BenchmarkALPMatrixTranscode,integer-histogram,bursty,120,128,regular,adaptive,transcode,6,BenchmarkALPMatrixTranscode/integer-histogram/bursty/n=120/buckets=128/time=regular/adaptive,7067.0,17794.83,,99.67,58.665000000000006,94.92,120.0,1.10405,57.605000000000004,3504.0,9.0,6969.0,7113.0,16.98033111645677,0.05866500000000001,1048.0,11.04087652760219,0.0
scalar,BenchmarkALPMatrixTranscode,integer-histogram,bursty,120,128,regular,forced,transcode,6,BenchmarkALPMatrixTranscode/integer-histogram/bursty/n=120/buckets=128/time=regular/forced,184958.5,679.94,,99.945,1540.0,131.3,120.0,8.9555,1526.5,19972.5,11.0,183951.0,187257.0,0.6487941889667141,1.54,1048.0,7.981721249047981,100.0
scalar,BenchmarkALPMatrixTranscode,integer-histogram,smooth,120,8,regular,adaptive,transcode,6,BenchmarkALPMatrixTranscode/integer-histogram/smooth/n=120/buckets=8/time=regular/adaptive,17886.5,590.385,,99.975,149.0,5.825,120.0,0.43455,148.55,1392.0,11.0,17840.0,18173.0,6.708970452575965,0.149,88.0,15.107296137339056,100.0
scalar,BenchmarkALPMatrixTranscode,integer-histogram,smooth,120,8,regular,forced,transcode,6,BenchmarkALPMatrixTranscode/integer-histogram/smooth/n=120/buckets=8/time=regular/forced,17705.5,596.415,,99.965,147.45,5.825,120.0,0.4294,147.14999999999998,1392.0,11.0,17614.0,17801.0,6.7775549970348195,0.14745,88.0,15.107296137339056,100.0
simd,BenchmarkALPMatrix,float-histogram,bursty,1024,8,regular,ALPv3,decode,6,BenchmarkALPMatrix/float-histogram/bursty/n=1024/buckets=8/time=regular/ALPv3/decode,22962.5,3924.3100000000004,1.0,100.0,22.425,25.34,1024.0,0.11035,22.31,0.0,0.0,22837.0,23194.0,44.59444746869897,0.022425,88.0,3.472770323599053,
simd,BenchmarkALPMatrix,float-histogram,bursty,1024,8,regular,ALPv3,encode,6,BenchmarkALPMatrix/float-histogram/bursty/n=1024/buckets=8/time=regular/ALPv3/encode,495130.5,181.995,1.0,99.72,482.15,25.34,1024.0,2.5575,479.2,182976.0,55.0,490495.0,497281.0,2.0681416313476952,0.48214999999999997,88.0,3.472770323599053,
simd,BenchmarkALPMatrix,float-histogram,bursty,1024,8,regular,ALPv4,decode,6,BenchmarkALPMatrix/float-histogram/bursty/n=1024/buckets=8/time=regular/ALPv4/decode,31286.0,2880.2650000000003,1.0,100.0,30.555,15.56,1024.0,0.13979999999999998,30.415,0.0,0.0,31175.0,31641.0,32.73029470050502,0.030555,88.0,5.655526992287918,
simd,BenchmarkALPMatrix,float-histogram,bursty,1024,8,regular,ALPv4,encode,6,BenchmarkALPMatrix/float-histogram/bursty/n=1024/buckets=8/time=regular/ALPv4/encode,538935.5,167.20499999999998,1.0,99.79,525.15,15.56,1024.0,2.972,522.2,172096.0,55.0,534122.0,540920.0,1.9000418417417297,0.52515,88.0,5.655526992287918,
simd,BenchmarkALPMatrix,float-histogram,bursty,1024,8,regular,legacy,decode,6,BenchmarkALPMatrix/float-histogram/bursty/n=1024/buckets=8/time=regular/legacy/decode,78511.0,1147.78,1.0,100.0,76.675,24.82,1024.0,0.31079999999999997,76.41499999999999,16.0,2.0,78141.0,80097.0,13.042758339595725,0.076675,88.0,3.5455278001611603,
simd,BenchmarkALPMatrix,float-histogram,bursty,1024,8,regular,legacy,encode,6,BenchmarkALPMatrix/float-histogram/bursty/n=1024/buckets=8/time=regular/legacy/encode,217994.0,413.37,1.0,99.63,212.1,24.82,1024.0,1.2205,210.85000000000002,114032.0,24.0,216934.0,227111.0,4.697376992027303,0.21209999999999998,88.0,3.5455278001611603,
simd,BenchmarkALPMatrix,float-histogram,bursty,120,128,regular,ALPv3,decode,6,BenchmarkALPMatrix/float-histogram/bursty/n=120/buckets=128/time=regular/ALPv3/decode,20933.5,6007.610000000001,1.0,100.0,174.35000000000002,230.2,120.0,0.46919999999999995,173.9,0.0,0.0,20806.0,21023.0,5.732438435999714,0.17435000000000003,1048.0,4.552562988705474,
simd,BenchmarkALPMatrix,float-histogram,bursty,120,128,regular,ALPv3,encode,6,BenchmarkALPMatrix/float-histogram/bursty/n=120/buckets=128/time=regular/ALPv3/encode,510328.5,246.435,1.0,99.8,4244.5,230.2,120.0,14.9,4230.0,167840.0,50.0,499583.0,515193.0,0.23514265811139295,4.2445,1048.0,4.552562988705474,
simd,BenchmarkALPMatrix,float-histogram,bursty,120,128,regular,ALPv4,decode,6,BenchmarkALPMatrix/float-histogram/bursty/n=120/buckets=128/time=regular/ALPv4/decode,22633.0,5556.51,1.0,100.0,188.6,204.2,120.0,0.50035,188.2,0.0,0.0,22591.0,22956.0,5.301992665576813,0.1886,1048.0,5.1322233104799215,
simd,BenchmarkALPMatrix,float-histogram,bursty,120,128,regular,ALPv4,encode,6,BenchmarkALPMatrix/float-histogram/bursty/n=120/buckets=128/time=regular/ALPv4/encode,538857.0,233.385,1.0,99.82,4482.5,204.2,120.0,14.785,4463.0,163744.0,50.0,524369.0,549153.0,0.22269359032173655,4.4825,1048.0,5.1322233104799215,
simd,BenchmarkALPMatrix,float-histogram,bursty,120,128,regular,legacy,decode,6,BenchmarkALPMatrix/float-histogram/bursty/n=120/buckets=128/time=regular/legacy/decode,79447.0,1583.3600000000001,1.0,99.995,662.0,169.2,120.0,2.089,659.0999999999999,16.0,2.0,76982.0,82177.0,1.5104409228794038,0.662,1048.0,6.193853427895982,
simd,BenchmarkALPMatrix,float-histogram,bursty,120,128,regular,legacy,encode,6,BenchmarkALPMatrix/float-histogram/bursty/n=120/buckets=128/time=regular/legacy/encode,258627.5,486.265,1.0,99.84,2152.0,169.2,120.0,8.258,2143.5,87280.0,23.0,254985.0,267992.0,0.4639877816550831,2.152,1048.0,6.193853427895982,
simd,BenchmarkALPMatrix,float-histogram,bursty,120,8,regular,ALPv3,decode,6,BenchmarkALPMatrix/float-histogram/bursty/n=120/buckets=8/time=regular/ALPv3/decode,2852.5,3702.1549999999997,1.0,100.0,23.770000000000003,22.76,120.0,0.099925,23.665,0.0,0.0,2828.0,2864.0,42.068361086766,0.023770000000000003,88.0,3.8664323374340945,
simd,BenchmarkALPMatrix,float-histogram,bursty,120,8,regular,ALPv3,encode,6,BenchmarkALPMatrix/float-histogram/bursty/n=120/buckets=8/time=regular/ALPv3/encode,50604.5,208.68,1.0,99.83500000000001,421.04999999999995,22.76,120.0,1.9895,419.1,16832.0,42.0,50540.0,50792.0,2.371330612890158,0.42105,88.0,3.8664323374340945,
simd,BenchmarkALPMatrix,float-histogram,bursty,120,8,regular,ALPv4,decode,6,BenchmarkALPMatrix/float-histogram/bursty/n=120/buckets=8/time=regular/ALPv4/decode,3954.0,2670.8050000000003,1.0,100.0,32.95,15.59,120.0,0.1231,32.81,0.0,0.0,3941.0,4019.0,30.349013657056144,0.03295,88.0,5.644644002565747,
simd,BenchmarkALPMatrix,float-histogram,bursty,120,8,regular,ALPv4,encode,6,BenchmarkALPMatrix/float-histogram/bursty/n=120/buckets=8/time=regular/ALPv4/encode,57917.0,182.32999999999998,1.0,99.82499999999999,481.54999999999995,15.59,120.0,2.316,479.2,19904.0,43.0,57655.0,58254.0,2.071930521263187,0.48155,88.0,5.644644002565747,
simd,BenchmarkALPMatrix,float-histogram,bursty,120,8,regular,legacy,decode,6,BenchmarkALPMatrix/float-histogram/bursty/n=120/buckets=8/time=regular/legacy/decode,7337.5,1439.23,1.0,99.995,61.14,20.66,120.0,0.21565,60.955,16.0,2.0,7315.0,7355.0,16.35434412265758,0.06114,88.0,4.259438528557599,
simd,BenchmarkALPMatrix,float-histogram,bursty,120,8,regular,legacy,encode,6,BenchmarkALPMatrix/float-histogram/bursty/n=120/buckets=8/time=regular/legacy/encode,25884.0,407.975,1.0,99.82499999999999,215.25,20.66,120.0,1.00085,214.3,9072.0,16.0,25774.0,25983.0,4.6360686138154845,0.21525,88.0,4.259438528557599,
simd,BenchmarkALPMatrix,float-histogram,bursty,32,8,regular,ALPv3,decode,6,BenchmarkALPMatrix/float-histogram/bursty/n=32/buckets=8/time=regular/ALPv3/decode,824.6500000000001,3414.785,1.0,100.0,25.77,23.34,32.0,0.10075,25.67,0.0,0.0,821.9,828.9,38.804341235675736,0.02577,88.0,3.770351328191945,
simd,BenchmarkALPMatrix,float-histogram,bursty,32,8,regular,ALPv3,encode,6,BenchmarkALPMatrix/float-histogram/bursty/n=32/buckets=8/time=regular/ALPv3/encode,20189.5,139.48000000000002,1.0,99.88,630.1500000000001,23.34,32.0,2.2505,628.0,5408.0,38.0,19915.0,20259.0,1.5849822927759478,0.6301500000000001,88.0,3.770351328191945,
simd,BenchmarkALPMatrix,float-histogram,bursty,32,8,regular,ALPv4,decode,6,BenchmarkALPMatrix/float-histogram/bursty/n=32/buckets=8/time=regular/ALPv4/decode,1214.5,2319.13,1.0,99.995,37.945,16.0,32.0,0.06673,37.875,0.0,0.0,1210.0,1227.0,26.348291477974474,0.037945,88.0,5.5,
simd,BenchmarkALPMatrix,float-histogram,bursty,32,8,regular,ALPv4,encode,6,BenchmarkALPMatrix/float-histogram/bursty/n=32/buckets=8/time=regular/ALPv4/encode,22320.5,126.16499999999999,1.0,99.86500000000001,696.6,16.0,32.0,2.308,693.8,6304.0,39.0,21726.0,22625.0,1.433659640241034,0.6966,88.0,5.5,
simd,BenchmarkALPMatrix,float-histogram,bursty,32,8,regular,legacy,decode,6,BenchmarkALPMatrix/float-histogram/bursty/n=32/buckets=8/time=regular/legacy/decode,2056.0,1369.885,1.0,100.0,64.24,21.62,32.0,0.22135,64.025,16.0,2.0,2051.0,2076.0,15.56420233463035,0.06423999999999999,88.0,4.070305272895467,
simd,BenchmarkALPMatrix,float-histogram,bursty,32,8,regular,legacy,encode,6,BenchmarkALPMatrix/float-histogram/bursty/n=32/buckets=8/time=regular/legacy/encode,7841.5,359.13,1.0,99.85,244.7,21.62,32.0,0.9592,243.6,2544.0,13.0,7814.0,7849.0,4.080851877829497,0.2447,88.0,4.070305272895467,
simd,BenchmarkALPMatrix,float-histogram,fractional,120,128,regular,ALPv3,decode,6,BenchmarkALPMatrix/float-histogram/fractional/n=120/buckets=128/time=regular/ALPv3/decode,20116.0,6251.75,1.0,100.0,167.64999999999998,225.1,120.0,0.80165,166.8,0.0,0.0,20076.0,20206.0,5.965400676078743,0.16764999999999997,1048.0,4.655708573967126,
simd,BenchmarkALPMatrix,float-histogram,fractional,120,128,regular,ALPv3,encode,6,BenchmarkALPMatrix/float-histogram/fractional/n=120/buckets=128/time=regular/ALPv3/encode,717651.5,175.24,1.0,99.28,5938.0,225.1,120.0,32.905,5905.0,663456.0,55.0,715936.0,723401.0,0.16721207995802978,5.938,1048.0,4.655708573967126,
simd,BenchmarkALPMatrix,float-histogram,fractional,120,128,regular,ALPv4,decode,6,BenchmarkALPMatrix/float-histogram/fractional/n=120/buckets=128/time=regular/ALPv4/decode,20094.5,6258.360000000001,1.0,99.99000000000001,167.35000000000002,225.1,120.0,0.67525,166.9,0.0,0.0,20039.0,20542.0,5.971783323795068,0.16735000000000003,1048.0,4.655708573967126,
simd,BenchmarkALPMatrix,float-histogram,fractional,120,128,regular,ALPv4,encode,6,BenchmarkALPMatrix/float-histogram/fractional/n=120/buckets=128/time=regular/ALPv4/encode,752272.5,167.175,1.0,99.315,6228.5,225.1,120.0,42.78,6181.5,663456.0,55.0,747432.0,760369.0,0.15951666450654517,6.2285,1048.0,4.655708573967126,
simd,BenchmarkALPMatrix,float-histogram,fractional,120,128,regular,legacy,decode,6,BenchmarkALPMatrix/float-histogram/fractional/n=120/buckets=128/time=regular/legacy/decode,124785.5,1007.805,1.0,99.99,1040.0,943.0,120.0,2.9185,1036.5,16.0,2.0,124437.0,124924.0,0.961650191729007,1.04,1048.0,1.1113467656415694,
simd,BenchmarkALPMatrix,float-histogram,fractional,120,128,regular,legacy,encode,6,BenchmarkALPMatrix/float-histogram/fractional/n=120/buckets=128/time=regular/legacy/encode,431336.0,291.565,1.0,98.97,3557.5,943.0,120.0,15.89,3542.0,517360.0,29.0,427017.0,437071.0,0.27820538976575104,3.5575,1048.0,1.1113467656415694,
simd,BenchmarkALPMatrix,float-histogram,fractional,120,8,regular,ALPv3,decode,6,BenchmarkALPMatrix/float-histogram/fractional/n=120/buckets=8/time=regular/ALPv3/decode,2961.5,3565.715,1.0,100.0,24.675,32.19,120.0,0.08997,24.585,0.0,0.0,2952.0,2983.0,40.52000675333446,0.024675,88.0,2.7337682510096304,
simd,BenchmarkALPMatrix,float-histogram,fractional,120,8,regular,ALPv3,encode,6,BenchmarkALPMatrix/float-histogram/fractional/n=120/buckets=8/time=regular/ALPv3/encode,80989.0,130.39,1.0,99.485,671.4,32.19,120.0,3.4459999999999997,668.1500000000001,63040.0,47.0,80272.0,81974.0,1.4816826976502981,0.6714,88.0,2.7337682510096304,
simd,BenchmarkALPMatrix,float-histogram,fractional,120,8,regular,ALPv4,decode,6,BenchmarkALPMatrix/float-histogram/fractional/n=120/buckets=8/time=regular/ALPv4/decode,2962.5,3564.79,1.0,100.0,24.689999999999998,32.19,120.0,0.09659999999999999,24.6,0.0,0.0,2957.0,2973.0,40.50632911392405,0.024689999999999997,88.0,2.7337682510096304,
simd,BenchmarkALPMatrix,float-histogram,fractional,120,8,regular,ALPv4,encode,6,BenchmarkALPMatrix/float-histogram/fractional/n=120/buckets=8/time=regular/ALPv4/encode,82791.5,127.55,1.0,99.505,686.5,32.19,120.0,3.569,683.0,63040.0,47.0,82116.0,83029.0,1.449424155861411,0.6865,88.0,2.7337682510096304,
simd,BenchmarkALPMatrix,float-histogram,fractional,120,8,regular,legacy,decode,6,BenchmarkALPMatrix/float-histogram/fractional/n=120/buckets=8/time=regular/legacy/decode,10944.5,964.91,1.0,100.0,91.19999999999999,79.88,120.0,0.32885,90.88,16.0,2.0,10925.0,10968.0,10.964411348165745,0.09119999999999999,88.0,1.1016524787180773,
simd,BenchmarkALPMatrix,float-histogram,fractional,120,8,regular,legacy,encode,6,BenchmarkALPMatrix/float-histogram/fractional/n=120/buckets=8/time=regular/legacy/encode,38991.0,270.83,1.0,99.10499999999999,322.0,79.88,120.0,2.145,319.8,47216.0,21.0,38744.0,39541.0,3.0776332999923057,0.322,88.0,1.1016524787180773,
simd,BenchmarkALPMatrix,float-histogram,gauge,120,128,regular,ALPv3,decode,6,BenchmarkALPMatrix/float-histogram/gauge/n=120/buckets=128/time=regular/ALPv3/decode,22632.5,5556.755,1.0,99.88499999999999,188.4,249.4,120.0,2.6315,185.7,0.0,0.0,22450.0,22948.0,5.302109797857064,0.1884,1048.0,4.202085004009623,
simd,BenchmarkALPMatrix,float-histogram,gauge,120,128,regular,ALPv3,encode,6,BenchmarkALPMatrix/float-histogram/gauge/n=120/buckets=128/time=regular/ALPv3/encode,463324.0,271.43,1.0,99.63,3847.5,249.4,120.0,51.4,3796.0,236688.0,289.0,462115.0,466437.0,0.2589980229817579,3.8475,1048.0,4.202085004009623,
simd,BenchmarkALPMatrix,float-histogram,gauge,120,128,regular,ALPv4,decode,6,BenchmarkALPMatrix/float-histogram/gauge/n=120/buckets=128/time=regular/ALPv4/decode,23284.5,5401.014999999999,1.0,100.0,194.05,244.8,120.0,1.212,192.85000000000002,0.0,0.0,23144.0,23446.0,5.153642981382465,0.19405,1048.0,4.281045751633987,
simd,BenchmarkALPMatrix,float-histogram,gauge,120,128,regular,ALPv4,encode,6,BenchmarkALPMatrix/float-histogram/gauge/n=120/buckets=128/time=regular/ALPv4/encode,492315.0,255.445,1.0,99.66499999999999,4088.5,244.8,120.0,45.019999999999996,4044.0,236688.0,289.0,490725.0,499342.0,0.24374638188964382,4.0885,1048.0,4.281045751633987,
simd,BenchmarkALPMatrix,float-histogram,gauge,120,128,regular,legacy,decode,6,BenchmarkALPMatrix/float-histogram/gauge/n=120/buckets=128/time=regular/legacy/decode,101158.5,1243.2,1.0,100.0,843.05,323.6,120.0,12.05,831.8499999999999,16.0,2.0,100847.0,101705.0,1.1862572102196058,0.84305,1048.0,3.2385661310259577,
simd,BenchmarkALPMatrix,float-histogram,gauge,120,128,regular,legacy,encode,6,BenchmarkALPMatrix/float-histogram/gauge/n=120/buckets=128/time=regular/legacy/encode,264401.5,475.64,1.0,99.57,2194.0,323.6,120.0,27.235,2167.5,158816.0,263.0,261337.0,265618.0,0.45385521640384036,2.194,1048.0,3.2385661310259577,
simd,BenchmarkALPMatrix,float-histogram,gauge,120,8,regular,ALPv3,decode,6,BenchmarkALPMatrix/float-histogram/gauge/n=120/buckets=8/time=regular/ALPv3/decode,2751.0,3838.925,1.0,100.0,22.925,23.96,120.0,0.094805,22.814999999999998,0.0,0.0,2746.0,2814.0,43.62050163576881,0.022925,88.0,3.672787979966611,
simd,BenchmarkALPMatrix,float-histogram,gauge,120,8,regular,ALPv3,encode,6,BenchmarkALPMatrix/float-histogram/gauge/n=120/buckets=8/time=regular/ALPv3/encode,51513.5,204.995,1.0,99.72,428.05,23.96,120.0,1.9945,426.25,24240.0,281.0,51162.0,52676.0,2.3294864453007462,0.42805,88.0,3.672787979966611,
simd,BenchmarkALPMatrix,float-histogram,gauge,120,8,regular,ALPv4,decode,6,BenchmarkALPMatrix/float-histogram/gauge/n=120/buckets=8/time=regular/ALPv4/decode,2754.0,3834.415,1.0,100.0,22.950000000000003,23.96,120.0,0.05387,22.9,0.0,0.0,2742.0,2770.0,43.57298474945534,0.02295,88.0,3.672787979966611,
simd,BenchmarkALPMatrix,float-histogram,gauge,120,8,regular,ALPv4,encode,6,BenchmarkALPMatrix/float-histogram/gauge/n=120/buckets=8/time=regular/ALPv4/encode,58663.0,180.015,1.0,99.68,487.29999999999995,23.96,120.0,1.4545,485.85,29616.0,282.0,58349.0,58803.0,2.0455823943541924,0.48729999999999996,88.0,3.672787979966611,
simd,BenchmarkALPMatrix,float-histogram,gauge,120,8,regular,legacy,decode,6,BenchmarkALPMatrix/float-histogram/gauge/n=120/buckets=8/time=regular/legacy/decode,8809.0,1198.795,1.0,99.995,73.395,30.62,120.0,0.19419999999999998,73.21000000000001,16.0,2.0,8796.0,8851.0,13.62243160404132,0.073395,88.0,2.8739386022207705,
simd,BenchmarkALPMatrix,float-histogram,gauge,120,8,regular,legacy,encode,6,BenchmarkALPMatrix/float-histogram/gauge/n=120/buckets=8/time=regular/legacy/encode,26606.0,396.9,1.0,99.66,220.95,30.62,120.0,0.93085,220.15,15072.0,255.0,26484.0,26853.0,4.510260843418778,0.22094999999999998,88.0,2.8739386022207705,
simd,BenchmarkALPMatrix,float-histogram,layout,120,128,regular,ALPv3,decode,6,BenchmarkALPMatrix/float-histogram/layout/n=120/buckets=128/time=regular/ALPv3/decode,16676.0,7609.085,2.0,100.0,138.75,253.0,120.0,0.33494999999999997,138.3,0.0,0.0,15843.0,22218.0,7.195970256656272,0.13875,1056.0,4.173913043478261,
simd,BenchmarkALPMatrix,float-histogram,layout,120,128,regular,ALPv3,encode,6,BenchmarkALPMatrix/float-histogram/layout/n=120/buckets=128/time=regular/ALPv3/encode,508656.5,249.155,2.0,99.77,4227.5,253.0,120.0,15.23,4211.0,193768.0,93.0,464562.0,548955.0,0.23591559333263215,4.2275,1056.0,4.173913043478261,
simd,BenchmarkALPMatrix,float-histogram,layout,120,128,regular,ALPv4,decode,6,BenchmarkALPMatrix/float-histogram/layout/n=120/buckets=128/time=regular/ALPv4/decode,30190.0,4197.475,2.0,99.845,251.2,96.88,120.0,3.596,247.1,0.0,0.0,29077.0,33473.0,3.9748261013580657,0.2512,1056.0,10.900082576383156,
simd,BenchmarkALPMatrix,float-histogram,layout,120,128,regular,ALPv4,encode,6,BenchmarkALPMatrix/float-histogram/layout/n=120/buckets=128/time=regular/ALPv4/encode,555930.0,227.95,2.0,99.645,4616.5,96.88,120.0,64.41,4546.5,142568.0,91.0,517852.0,1158460.0,0.21585451405752523,4.6165,1056.0,10.900082576383156,
simd,BenchmarkALPMatrix,float-histogram,layout,120,128,regular,legacy,decode,6,BenchmarkALPMatrix/float-histogram/layout/n=120/buckets=128/time=regular/legacy/decode,95584.0,1325.74,2.0,99.995,796.55,186.3,120.0,2.1845,794.35,32.0,4.0,94998.0,96347.0,1.2554402410445262,0.79655,1056.0,5.668276972624798,
simd,BenchmarkALPMatrix,float-histogram,layout,120,128,regular,legacy,encode,6,BenchmarkALPMatrix/float-histogram/layout/n=120/buckets=128/time=regular/legacy/encode,279779.5,453.1,2.0,99.755,2326.5,186.3,120.0,7.086,2319.5,98248.0,41.0,269264.0,563846.0,0.42890919456214627,2.3265,1056.0,5.668276972624798,
simd,BenchmarkALPMatrix,float-histogram,layout,120,8,regular,ALPv3,decode,6,BenchmarkALPMatrix/float-histogram/layout/n=120/buckets=8/time=regular/ALPv3/decode,3003.0,3836.315,2.0,100.0,25.025,20.47,120.0,0.07153999999999999,24.905,0.0,0.0,2991.0,3033.0,39.96003996003996,0.025025,96.0,4.689789936492428,
simd,BenchmarkALPMatrix,float-histogram,layout,120,8,regular,ALPv3,encode,6,BenchmarkALPMatrix/float-histogram/layout/n=120/buckets=8/time=regular/ALPv3/encode,65053.0,177.085,2.0,99.89,541.5,20.47,120.0,1.4525000000000001,540.1500000000001,15944.0,77.0,63648.0,65319.0,1.8446497471292638,0.5415,96.0,4.689789936492428,
simd,BenchmarkALPMatrix,float-histogram,layout,120,8,regular,ALPv4,decode,6,BenchmarkALPMatrix/float-histogram/layout/n=120/buckets=8/time=regular/ALPv4/decode,4302.5,2677.44,2.0,99.995,35.85,13.15,120.0,0.087675,35.765,0.0,0.0,4292.0,4311.0,27.890761185357352,0.03585,96.0,7.300380228136882,
simd,BenchmarkALPMatrix,float-histogram,layout,120,8,regular,ALPv4,encode,6,BenchmarkALPMatrix/float-histogram/layout/n=120/buckets=8/time=regular/ALPv4/encode,72614.5,158.645,2.0,99.89500000000001,604.45,13.15,120.0,1.6015000000000001,603.0,17096.0,78.0,70744.0,72754.0,1.652562504733903,0.60445,96.0,7.300380228136882,
simd,BenchmarkALPMatrix,float-histogram,layout,120,8,regular,legacy,decode,6,BenchmarkALPMatrix/float-histogram/layout/n=120/buckets=8/time=regular/legacy/decode,9479.5,1215.29,2.0,99.99,78.985,22.52,120.0,0.19390000000000002,78.78,32.0,4.0,9470.0,9492.0,12.658895511366634,0.078985,96.0,4.262877442273535,
simd,BenchmarkALPMatrix,float-histogram,layout,120,8,regular,legacy,encode,6,BenchmarkALPMatrix/float-histogram/layout/n=120/buckets=8/time=regular/legacy/encode,30924.5,372.52,2.0,99.88,257.45,22.52,120.0,0.60835,256.8,7656.0,27.0,30753.0,30977.0,3.8804184384549467,0.25745,96.0,4.262877442273535,
simd,BenchmarkALPMatrix,float-histogram,noisy-fractional,120,128,regular,ALPv3,decode,6,BenchmarkALPMatrix/float-histogram/noisy-fractional/n=120/buckets=128/time=regular/ALPv3/decode,35292.0,3563.385,1.0,100.0,294.05,832.6,120.0,1.0139,293.1,0.0,0.0,35268.0,35338.0,3.4002040122407347,0.29405000000000003,1048.0,1.2587076627432139,
simd,BenchmarkALPMatrix,float-histogram,noisy-fractional,120,128,regular,ALPv3,encode,6,BenchmarkALPMatrix/float-histogram/noisy-fractional/n=120/buckets=128/time=regular/ALPv3/encode,851604.5,147.675,1.0,99.29,7046.0,832.6,120.0,39.985,7002.5,742690.0,55.0,845537.0,861944.0,0.14091048133259043,7.046,1048.0,1.2587076627432139,
simd,BenchmarkALPMatrix,float-histogram,noisy-fractional,120,128,regular,ALPv4,decode,6,BenchmarkALPMatrix/float-histogram/noisy-fractional/n=120/buckets=128/time=regular/ALPv4/decode,35563.0,3536.295,1.0,100.0,296.35,832.6,120.0,2.9805,293.1,0.0,0.0,35274.0,35743.0,3.3742935072969096,0.29635,1048.0,1.2587076627432139,
simd,BenchmarkALPMatrix,float-histogram,noisy-fractional,120,128,regular,ALPv4,encode,6,BenchmarkALPMatrix/float-histogram/noisy-fractional/n=120/buckets=128/time=regular/ALPv4/encode,849228.5,148.09,1.0,99.295,7028.0,832.6,120.0,60.65,6952.0,742690.0,55.0,840091.0,850790.0,0.1413047254066485,7.028,1048.0,1.2587076627432139,
simd,BenchmarkALPMatrix,float-histogram,noisy-fractional,120,128,regular,legacy,decode,6,BenchmarkALPMatrix/float-histogram/noisy-fractional/n=120/buckets=128/time=regular/legacy/decode,124734.5,1008.22,1.0,100.0,1039.5,940.9,120.0,4.5905000000000005,1035.0,16.0,2.0,124188.0,124955.0,0.9620433801394161,1.0395,1048.0,1.1138271867361038,
simd,BenchmarkALPMatrix,float-histogram,noisy-fractional,120,128,regular,legacy,encode,6,BenchmarkALPMatrix/float-histogram/noisy-fractional/n=120/buckets=128/time=regular/legacy/encode,403400.5,311.76,1.0,98.94,3326.0,940.9,120.0,22.630000000000003,3303.5,517360.0,29.0,397566.0,415714.0,0.297471123610407,3.326,1048.0,1.1138271867361038,
simd,BenchmarkALPMatrix,float-histogram,noisy-fractional,120,8,regular,ALPv3,decode,6,BenchmarkALPMatrix/float-histogram/noisy-fractional/n=120/buckets=8/time=regular/ALPv3/decode,4342.5,2431.7799999999997,1.0,99.995,36.19,73.67,120.0,0.15694999999999998,36.015,0.0,0.0,4338.0,4345.0,27.63385146804836,0.03619,88.0,1.1945160852450114,
simd,BenchmarkALPMatrix,float-histogram,noisy-fractional,120,8,regular,ALPv3,encode,6,BenchmarkALPMatrix/float-histogram/noisy-fractional/n=120/buckets=8/time=regular/ALPv3/encode,82407.0,128.14499999999998,1.0,99.445,683.05,73.67,120.0,3.707,679.25,68416.0,47.0,81633.0,82825.0,1.456186974407514,0.6830499999999999,88.0,1.1945160852450114,
simd,BenchmarkALPMatrix,float-histogram,noisy-fractional,120,8,regular,ALPv4,decode,6,BenchmarkALPMatrix/float-histogram/noisy-fractional/n=120/buckets=8/time=regular/ALPv4/decode,4349.0,2428.2200000000003,1.0,99.99,36.235,73.67,120.0,0.12290000000000001,36.12,0.0,0.0,4344.0,4376.0,27.592550011496897,0.036234999999999996,88.0,1.1945160852450114,
simd,BenchmarkALPMatrix,float-histogram,noisy-fractional,120,8,regular,ALPv4,encode,6,BenchmarkALPMatrix/float-histogram/noisy-fractional/n=120/buckets=8/time=regular/ALPv4/encode,82962.5,127.28999999999999,1.0,99.38,687.05,73.67,120.0,3.3175,684.25,68416.0,47.0,82135.0,89919.0,1.4464366430616242,0.6870499999999999,88.0,1.1945160852450114,
simd,BenchmarkALPMatrix,float-histogram,noisy-fractional,120,8,regular,legacy,decode,6,BenchmarkALPMatrix/float-histogram/noisy-fractional/n=120/buckets=8/time=regular/legacy/decode,10858.0,972.5550000000001,1.0,100.0,90.49000000000001,79.34,120.0,0.29115,90.21000000000001,16.0,2.0,10839.0,10876.0,11.051759071652238,0.09049000000000001,88.0,1.1091504915553314,
simd,BenchmarkALPMatrix,float-histogram,noisy-fractional,120,8,regular,legacy,encode,6,BenchmarkALPMatrix/float-histogram/noisy-fractional/n=120/buckets=8/time=regular/legacy/encode,34309.0,307.78999999999996,1.0,99.035,283.15,79.34,120.0,1.8805,281.4,47216.0,21.0,34146.0,34387.0,3.497624530006704,0.28314999999999996,88.0,1.1091504915553314,
simd,BenchmarkALPMatrix,float-histogram,resets,120,128,regular,ALPv3,decode,6,BenchmarkALPMatrix/float-histogram/resets/n=120/buckets=128/time=regular/ALPv3/decode,15663.5,8028.84,4.0,100.0,130.5,222.7,120.0,0.65985,129.85000000000002,0.0,0.0,15637.0,15733.0,7.661122992945383,0.1305,1048.0,4.705882352941177,
simd,BenchmarkALPMatrix,float-histogram,resets,120,128,regular,ALPv3,encode,6,BenchmarkALPMatrix/float-histogram/resets/n=120/buckets=128/time=regular/ALPv3/encode,479875.5,262.065,4.0,99.77,3989.5,222.7,120.0,21.494999999999997,3967.5,175984.0,169.0,477781.0,484284.0,0.2500648605732112,3.9895,1048.0,4.705882352941177,
simd,BenchmarkALPMatrix,float-histogram,resets,120,128,regular,ALPv4,decode,6,BenchmarkALPMatrix/float-histogram/resets/n=120/buckets=128/time=regular/ALPv4/decode,28480.5,4415.64,4.0,100.0,237.35000000000002,92.23,120.0,1.3065,235.95,0.0,0.0,28423.0,28820.0,4.213409174698478,0.23735000000000003,1048.0,11.362897105063428,
simd,BenchmarkALPMatrix,float-histogram,resets,120,128,regular,ALPv4,encode,6,BenchmarkALPMatrix/float-histogram/resets/n=120/buckets=128/time=regular/ALPv4/encode,556906.0,225.82,4.0,99.83500000000001,4633.0,92.23,120.0,26.58,4604.0,161136.0,169.0,552772.0,572338.0,0.2154762204034433,4.633,1048.0,11.362897105063428,
simd,BenchmarkALPMatrix,float-histogram,resets,120,128,regular,legacy,decode,6,BenchmarkALPMatrix/float-histogram/resets/n=120/buckets=128/time=regular/legacy/decode,95700.5,1314.1,4.0,100.0,797.45,213.7,120.0,4.0335,793.4000000000001,64.0,8.0,95431.0,96436.0,1.2539119440337303,0.79745,1048.0,4.904071127749181,
simd,BenchmarkALPMatrix,float-histogram,resets,120,128,regular,legacy,encode,6,BenchmarkALPMatrix/float-histogram/resets/n=120/buckets=128/time=regular/legacy/encode,292949.0,429.29,4.0,99.77,2435.5,213.7,120.0,11.41,2425.5,108592.0,69.0,289564.0,294763.0,0.40962761436290956,2.4355,1048.0,4.904071127749181,
simd,BenchmarkALPMatrix,float-histogram,resets,120,8,regular,ALPv3,decode,6,BenchmarkALPMatrix/float-histogram/resets/n=120/buckets=8/time=regular/ALPv3/decode,3687.5,2864.835,4.0,100.0,30.73,18.77,120.0,0.05974,30.665,0.0,0.0,3160.0,3806.0,32.54237288135593,0.03073,88.0,4.688332445391582,
simd,BenchmarkALPMatrix,float-histogram,resets,120,8,regular,ALPv3,encode,6,BenchmarkALPMatrix/float-histogram/resets/n=120/buckets=8/time=regular/ALPv3/encode,81310.0,129.875,4.0,99.88,676.8,18.77,120.0,1.479,675.3,20208.0,145.0,80666.0,81921.0,1.4758332308449145,0.6768,88.0,4.688332445391582,
simd,BenchmarkALPMatrix,float-histogram,resets,120,8,regular,ALPv4,decode,6,BenchmarkALPMatrix/float-histogram/resets/n=120/buckets=8/time=regular/ALPv4/decode,5293.0,1995.06,4.0,100.0,44.105000000000004,14.47,120.0,0.09156500000000001,44.015,0.0,0.0,4914.0,5376.0,22.671452862270925,0.044105000000000005,88.0,6.08154803040774,
simd,BenchmarkALPMatrix,float-histogram,resets,120,8,regular,ALPv4,encode,6,BenchmarkALPMatrix/float-histogram/resets/n=120/buckets=8/time=regular/ALPv4/encode,89974.0,117.36500000000001,4.0,99.9,749.05,14.47,120.0,1.73,747.45,19696.0,145.0,85703.0,90275.0,1.3337186298263943,0.74905,88.0,6.08154803040774,
simd,BenchmarkALPMatrix,float-histogram,resets,120,8,regular,legacy,decode,6,BenchmarkALPMatrix/float-histogram/resets/n=120/buckets=8/time=regular/legacy/decode,9266.0,1139.635,4.0,99.985,77.2,24.01,120.0,0.43545,76.82499999999999,64.0,8.0,9235.0,9313.0,12.950571983595943,0.0772,88.0,3.665139525197834,
simd,BenchmarkALPMatrix,float-histogram,resets,120,8,regular,legacy,encode,6,BenchmarkALPMatrix/float-histogram/resets/n=120/buckets=8/time=regular/legacy/encode,31707.5,333.045,4.0,99.82499999999999,263.75,24.01,120.0,0.71305,263.15,9264.0,45.0,31661.0,32006.0,3.7845935504218247,0.26375,88.0,3.665139525197834,
simd,BenchmarkALPMatrix,float-histogram,smooth,1024,8,regular,ALPv3,decode,6,BenchmarkALPMatrix/float-histogram/smooth/n=1024/buckets=8/time=regular/ALPv3/decode,22664.5,3975.865,1.0,100.0,22.134999999999998,21.46,1024.0,0.081645,22.06,0.0,0.0,22586.0,22805.0,45.18078934015752,0.022135,88.0,4.100652376514446,
simd,BenchmarkALPMatrix,float-histogram,smooth,1024,8,regular,ALPv3,encode,6,BenchmarkALPMatrix/float-histogram/smooth/n=1024/buckets=8/time=regular/ALPv3/encode,407875.0,220.93,1.0,99.7,397.20000000000005,21.46,1024.0,2.098,394.79999999999995,180288.0,55.0,407531.0,411372.0,2.510573092246399,0.39720000000000005,88.0,4.100652376514446,
simd,BenchmarkALPMatrix,float-histogram,smooth,1024,8,regular,ALPv4,decode,6,BenchmarkALPMatrix/float-histogram/smooth/n=1024/buckets=8/time=regular/ALPv4/decode,30974.5,2909.2250000000004,1.0,100.0,30.25,11.55,1024.0,0.1163,30.11,0.0,0.0,30924.0,31424.0,33.059452129977885,0.03025,88.0,7.619047619047619,
simd,BenchmarkALPMatrix,float-histogram,smooth,1024,8,regular,ALPv4,encode,6,BenchmarkALPMatrix/float-histogram/smooth/n=1024/buckets=8/time=regular/ALPv4/encode,453930.5,198.515,1.0,99.75999999999999,442.15,11.55,1024.0,2.019,440.1,168000.0,55.0,449662.0,462673.0,2.2558519420924568,0.44215,88.0,7.619047619047619,
simd,BenchmarkALPMatrix,float-histogram,smooth,1024,8,regular,legacy,decode,6,BenchmarkALPMatrix/float-histogram/smooth/n=1024/buckets=8/time=regular/legacy/decode,79525.5,1133.115,1.0,100.0,77.66,24.34,1024.0,0.2033,77.43,16.0,2.0,79408.0,80628.0,12.87637298728081,0.07765999999999999,88.0,3.61544782251438,
simd,BenchmarkALPMatrix,float-histogram,smooth,1024,8,regular,legacy,encode,6,BenchmarkALPMatrix/float-histogram/smooth/n=1024/buckets=8/time=regular/legacy/encode,217614.0,414.095,1.0,99.65,211.75,24.34,1024.0,1.0048,210.75,114032.0,24.0,216945.0,220240.0,4.705579604253403,0.21175,88.0,3.61544782251438,
simd,BenchmarkALPMatrix,float-histogram,smooth,120,1031,regular,ALPv3,decode,6,BenchmarkALPMatrix/float-histogram/smooth/n=120/buckets=1031/time=regular/ALPv3/decode,149573.5,6636.905000000001,1.0,100.03999999999999,1246.5,1296.0,120.0,4.9275,1242.0,0.0,0.0,147951.0,151482.0,0.802281152744303,1.2465,8272.0,6.382716049382716,
simd,BenchmarkALPMatrix,float-histogram,smooth,120,1031,regular,ALPv3,encode,6,BenchmarkALPMatrix/float-histogram/smooth/n=120/buckets=1031/time=regular/ALPv3/encode,3537152.5,280.63,1.0,99.84,29431.5,1296.0,120.0,132.0,29298.0,1049376.0,56.0,3522810.0,3549994.0,0.03392559410429717,29.4315,8272.0,6.382716049382716,
simd,BenchmarkALPMatrix,float-histogram,smooth,120,1031,regular,ALPv4,decode,6,BenchmarkALPMatrix/float-histogram/smooth/n=120/buckets=1031/time=regular/ALPv4/decode,145535.5,6820.62,1.0,100.0,1213.0,1296.0,120.0,4.42,1208.5,0.0,0.0,145265.0,145740.0,0.8245410913488461,1.213,8272.0,6.382716049382716,
simd,BenchmarkALPMatrix,float-histogram,smooth,120,1031,regular,ALPv4,encode,6,BenchmarkALPMatrix/float-histogram/smooth/n=120/buckets=1031/time=regular/ALPv4/encode,3376785.5,293.96000000000004,1.0,99.91,28115.0,1296.0,120.0,144.5,27988.5,1049376.0,56.0,3371032.0,3420406.0,0.03553675529582794,28.115,8272.0,6.382716049382716,
simd,BenchmarkALPMatrix,float-histogram,smooth,120,1031,regular,legacy,decode,6,BenchmarkALPMatrix/float-histogram/smooth/n=120/buckets=1031/time=regular/legacy/decode,799833.5,1241.115,1.0,99.995,6666.5,1353.0,120.0,16.19,6654.0,16.0,2.0,793840.0,811666.0,0.1500312252487549,6.6665,8272.0,6.1138211382113825,
simd,BenchmarkALPMatrix,float-histogram,smooth,120,1031,regular,legacy,encode,6,BenchmarkALPMatrix/float-histogram/smooth/n=120/buckets=1031/time=regular/legacy/encode,2057138.5,482.53499999999997,1.0,99.91,17127.5,1353.0,120.0,45.425,17070.5,706288.0,30.0,2052732.0,2072014.0,0.05833345688683577,17.1275,8272.0,6.1138211382113825,
simd,BenchmarkALPMatrix,float-histogram,smooth,120,128,regular,ALPv3,decode,6,BenchmarkALPMatrix/float-histogram/smooth/n=120/buckets=128/time=regular/ALPv3/decode,15996.5,7861.885,1.0,100.0,133.35,250.1,120.0,0.5066,132.8,0.0,0.0,15946.0,16072.0,7.501640983965243,0.13335,1048.0,4.190323870451819,
simd,BenchmarkALPMatrix,float-histogram,smooth,120,128,regular,ALPv3,encode,6,BenchmarkALPMatrix/float-histogram/smooth/n=120/buckets=128/time=regular/ALPv3/encode,444408.5,282.98,1.0,99.68,3692.0,250.1,120.0,17.305,3677.5,215584.0,51.0,443813.0,448537.0,0.27002183801614954,3.692,1048.0,4.190323870451819,
simd,BenchmarkALPMatrix,float-histogram,smooth,120,128,regular,ALPv4,decode,6,BenchmarkALPMatrix/float-histogram/smooth/n=120/buckets=128/time=regular/ALPv4/decode,29227.5,4302.835,1.0,99.99,243.55,95.71,120.0,0.8553999999999999,242.75,0.0,0.0,29185.0,29294.0,4.105722350526046,0.24355000000000002,1048.0,10.949744018388884,
simd,BenchmarkALPMatrix,float-histogram,smooth,120,128,regular,ALPv4,encode,6,BenchmarkALPMatrix/float-histogram/smooth/n=120/buckets=128/time=regular/ALPv4/encode,515212.0,244.095,1.0,99.87,4288.0,95.71,120.0,16.17,4270.5,125472.0,49.0,512760.0,524090.0,0.232913829646825,4.288,1048.0,10.949744018388884,
simd,BenchmarkALPMatrix,float-histogram,smooth,120,128,regular,legacy,decode,6,BenchmarkALPMatrix/float-histogram/smooth/n=120/buckets=128/time=regular/legacy/decode,97469.5,1290.26,1.0,100.0,812.3,177.2,120.0,2.7615,809.6,16.0,2.0,97245.0,98583.0,1.2311543611078337,0.8122999999999999,1048.0,5.914221218961625,
simd,BenchmarkALPMatrix,float-histogram,smooth,120,128,regular,legacy,encode,6,BenchmarkALPMatrix/float-histogram/smooth/n=120/buckets=128/time=regular/legacy/encode,268811.5,467.84,1.0,99.8,2236.0,177.2,120.0,5.8395,2229.5,87280.0,23.0,267981.0,269785.0,0.446409472809013,2.236,1048.0,5.914221218961625,
simd,BenchmarkALPMatrix,float-histogram,smooth,120,8,regular,ALPv1,decode,6,BenchmarkALPMatrix/float-histogram/smooth/n=120/buckets=8/time=regular/ALPv1/decode,2867.5,3682.8450000000003,1.0,100.0,23.895,19.77,120.0,0.066225,23.835,0.0,0.0,2856.0,2892.0,41.84829991281604,0.023895,88.0,4.451188669701568,
simd,BenchmarkALPMatrix,float-histogram,smooth,120,8,regular,ALPv1,decode-cold,6,BenchmarkALPMatrix/float-histogram/smooth/n=120/buckets=8/time=regular/ALPv1/decode-cold,5903.5,1788.725,1.0,98.35,48.365,19.77,120.0,0.34614999999999996,48.019999999999996,12896.0,15.0,5865.0,5917.0,20.32692470568307,0.048365000000000005,88.0,4.451188669701568,
simd,BenchmarkALPMatrix,float-histogram,smooth,120,8,regular,ALPv1,encode,6,BenchmarkALPMatrix/float-histogram/smooth/n=120/buckets=8/time=regular/ALPv1/encode,51764.0,204.005,1.0,99.84,430.7,19.77,120.0,1.4085,429.04999999999995,16448.0,42.0,51683.0,52288.0,2.318213430183139,0.43069999999999997,88.0,4.451188669701568,
simd,BenchmarkALPMatrix,float-histogram,smooth,120,8,regular,ALPv3,decode,6,BenchmarkALPMatrix/float-histogram/smooth/n=120/buckets=8/time=regular/ALPv3/decode,2840.5,3717.8199999999997,1.0,99.995,23.67,19.02,120.0,0.06512,23.6,0.0,0.0,2835.0,2847.0,42.246083436014786,0.02367,88.0,4.6267087276551,
simd,BenchmarkALPMatrix,float-histogram,smooth,120,8,regular,ALPv3,decode-cold,6,BenchmarkALPMatrix/float-histogram/smooth/n=120/buckets=8/time=regular/ALPv3/decode-cold,5879.5,1796.15,1.0,98.355,48.2,19.02,120.0,0.35929999999999995,47.82,12896.0,15.0,5854.0,5898.0,20.409898800918445,0.0482,88.0,4.6267087276551,
simd,BenchmarkALPMatrix,float-histogram,smooth,120,8,regular,ALPv3,encode,6,BenchmarkALPMatrix/float-histogram/smooth/n=120/buckets=8/time=regular/ALPv3/encode,51874.0,203.575,1.0,99.85,431.65,19.02,120.0,1.2545,430.35,16064.0,42.0,51418.0,52713.0,2.313297605736978,0.43165,88.0,4.6267087276551,
simd,BenchmarkALPMatrix,float-histogram,smooth,120,8,regular,ALPv4,decode,6,BenchmarkALPMatrix/float-histogram/smooth/n=120/buckets=8/time=regular/ALPv4/decode,4036.0,2616.5,1.0,100.0,33.629999999999995,11.97,120.0,0.08516,33.56,0.0,0.0,4029.0,4052.0,29.73240832507433,0.03362999999999999,88.0,7.351712614870509,
simd,BenchmarkALPMatrix,float-histogram,smooth,120,8,regular,ALPv4,decode-cold,6,BenchmarkALPMatrix/float-histogram/smooth/n=120/buckets=8/time=regular/ALPv4/decode-cold,7072.5,1493.1100000000001,1.0,98.745,58.144999999999996,11.97,120.0,0.3452,57.8,12256.0,16.0,7035.0,7094.0,16.96712619300106,0.058144999999999995,88.0,7.351712614870509,
simd,BenchmarkALPMatrix,float-histogram,smooth,120,8,regular,ALPv4,encode,6,BenchmarkALPMatrix/float-histogram/smooth/n=120/buckets=8/time=regular/ALPv4/encode,58340.5,181.005,1.0,99.87,485.6,11.97,120.0,1.4,484.25,15296.0,42.0,57909.0,58680.0,2.0568901534954276,0.48560000000000003,88.0,7.351712614870509,
simd,BenchmarkALPMatrix,float-histogram,smooth,120,8,regular,legacy,decode,6,BenchmarkALPMatrix/float-histogram/smooth/n=120/buckets=8/time=regular/legacy/decode,8766.0,1204.6599999999999,1.0,99.99,73.04499999999999,20.69,120.0,0.16770000000000002,72.91,16.0,2.0,8751.0,8823.0,13.689253935660506,0.07304499999999998,88.0,4.253262445625906,
simd,BenchmarkALPMatrix,float-histogram,smooth,120,8,regular,legacy,decode-cold,6,BenchmarkALPMatrix/float-histogram/smooth/n=120/buckets=8/time=regular/legacy/decode-cold,9642.5,1095.1599999999999,1.0,99.95,80.315,20.69,120.0,0.2815,80.055,784.0,15.0,9520.0,9710.0,12.44490536686544,0.080315,88.0,4.253262445625906,
simd,BenchmarkALPMatrix,float-histogram,smooth,120,8,regular,legacy,encode,6,BenchmarkALPMatrix/float-histogram/smooth/n=120/buckets=8/time=regular/legacy/encode,27343.5,386.20000000000005,1.0,99.84,227.55,20.69,120.0,0.7079,226.75,9072.0,16.0,27293.0,27457.0,4.3886115530199135,0.22755,88.0,4.253262445625906,
simd,BenchmarkALPMatrix,float-histogram,smooth,32,8,regular,ALPv3,decode,6,BenchmarkALPMatrix/float-histogram/smooth/n=32/buckets=8/time=regular/ALPv3/decode,816.0,3451.05,1.0,100.0,25.505000000000003,18.34,32.0,0.07765,25.405,0.0,0.0,814.8,825.6,39.21568627450981,0.025505000000000003,88.0,4.79825517993457,
simd,BenchmarkALPMatrix,float-histogram,smooth,32,8,regular,ALPv3,encode,6,BenchmarkALPMatrix/float-histogram/smooth/n=32/buckets=8/time=regular/ALPv3/encode,20280.0,138.86,1.0,99.89,633.0999999999999,18.34,32.0,2.004,630.9,5344.0,38.0,19948.0,20937.0,1.5779092702169626,0.6330999999999999,88.0,4.79825517993457,
simd,BenchmarkALPMatrix,float-histogram,smooth,32,8,regular,ALPv4,decode,6,BenchmarkALPMatrix/float-histogram/smooth/n=32/buckets=8/time=regular/ALPv4/decode,1205.0,2336.885,1.0,100.0,37.665,14.12,32.0,0.11455,37.519999999999996,0.0,0.0,1197.0,1217.0,26.556016597510375,0.037665,88.0,6.23229461756374,
simd,BenchmarkALPMatrix,float-histogram,smooth,32,8,regular,ALPv4,encode,6,BenchmarkALPMatrix/float-histogram/smooth/n=32/buckets=8/time=regular/ALPv4/encode,22568.0,124.785,1.0,99.91,704.7,14.12,32.0,2.2535,701.6,5184.0,38.0,22116.0,22951.0,1.4179369018078696,0.7047,88.0,6.23229461756374,
simd,BenchmarkALPMatrix,float-histogram,smooth,32,8,regular,legacy,decode,6,BenchmarkALPMatrix/float-histogram/smooth/n=32/buckets=8/time=regular/legacy/decode,2372.0,1187.13,1.0,100.0,74.135,23.91,32.0,0.18359999999999999,73.95500000000001,16.0,2.0,2364.0,2382.0,13.490725126475548,0.074135,88.0,3.6804684232538687,
simd,BenchmarkALPMatrix,float-histogram,smooth,32,8,regular,legacy,encode,6,BenchmarkALPMatrix/float-histogram/smooth/n=32/buckets=8/time=regular/legacy/encode,8324.0,338.29999999999995,1.0,99.85499999999999,259.75,23.91,32.0,0.66465,259.1,2544.0,13.0,8271.0,8439.0,3.8443056222969725,0.25975,88.0,3.6804684232538687,
simd,BenchmarkALPMatrix,float-histogram,stale,120,128,regular,ALPv3,decode,6,BenchmarkALPMatrix/float-histogram/stale/n=120/buckets=128/time=regular/ALPv3/decode,20121.0,5944.82,6.0,99.82,167.4,254.9,120.0,0.63965,166.7,6240.0,24.0,20079.0,20158.0,5.963918294319368,0.1674,996.8,3.910553158101216,
simd,BenchmarkALPMatrix,float-histogram,stale,120,128,regular,ALPv3,encode,6,BenchmarkALPMatrix/float-histogram/stale/n=120/buckets=128/time=regular/ALPv3/encode,507757.5,235.575,6.0,99.7,4219.5,254.9,120.0,20.17,4198.0,231776.0,252.0,500278.0,510262.0,0.23633328902084164,4.2195,996.8,3.910553158101216,
simd,BenchmarkALPMatrix,float-histogram,stale,120,128,regular,ALPv4,decode,6,BenchmarkALPMatrix/float-histogram/stale/n=120/buckets=128/time=regular/ALPv4/decode,34225.5,3494.915,6.0,99.92500000000001,284.95,117.4,120.0,0.98975,283.9,6240.0,24.0,33995.0,34458.0,3.5061576894420825,0.28495,996.8,8.490630323679726,
simd,BenchmarkALPMatrix,float-histogram,stale,120,128,regular,ALPv4,encode,6,BenchmarkALPMatrix/float-histogram/stale/n=120/buckets=128/time=regular/ALPv4/encode,594053.5,201.35500000000002,6.0,99.83,4939.5,117.4,120.0,20.82,4918.5,186976.0,248.0,588924.0,600415.0,0.2020020082366319,4.9395,996.8,8.490630323679726,
simd,BenchmarkALPMatrix,float-histogram,stale,120,128,regular,legacy,decode,6,BenchmarkALPMatrix/float-histogram/stale/n=120/buckets=128/time=regular/legacy/decode,98691.5,1212.02,6.0,99.97,822.2,211.8,120.0,3.5065,818.5,7296.0,42.0,98384.0,98936.0,1.2159101847676852,0.8222,996.8,4.70632672332389,
simd,BenchmarkALPMatrix,float-histogram,stale,120,128,regular,legacy,encode,6,BenchmarkALPMatrix/float-histogram/stale/n=120/buckets=128/time=regular/legacy/encode,287636.5,415.86,6.0,99.735,2387.5,211.8,120.0,10.047,2380.0,121328.0,96.0,285588.0,290672.0,0.4171932282585833,2.3875,996.8,4.70632672332389,
simd,BenchmarkALPMatrix,float-histogram,stale,120,8,regular,ALPv3,decode,6,BenchmarkALPMatrix/float-histogram/stale/n=120/buckets=8/time=regular/ALPv3/decode,4289.0,2372.665,6.0,99.97,35.725,22.45,120.0,0.2934,35.44,480.0,24.0,4094.0,4537.0,27.978549778503147,0.035725,84.8,3.77728285077951,
simd,BenchmarkALPMatrix,float-histogram,stale,120,8,regular,ALPv3,encode,6,BenchmarkALPMatrix/float-histogram/stale/n=120/buckets=8/time=regular/ALPv3/encode,89921.5,113.16499999999999,6.0,99.88,748.4,22.45,120.0,4.5465,743.9,23488.0,213.0,88441.0,92848.0,1.3344973115439578,0.7484,84.8,3.77728285077951,
simd,BenchmarkALPMatrix,float-histogram,stale,120,8,regular,ALPv4,decode,6,BenchmarkALPMatrix/float-histogram/stale/n=120/buckets=8/time=regular/ALPv4/decode,6261.5,1625.415,6.0,99.965,52.165000000000006,21.69,120.0,0.3301,51.825,480.0,24.0,5997.0,6456.0,19.164736884133195,0.052165,84.8,3.9096357768556933,
simd,BenchmarkALPMatrix,float-histogram,stale,120,8,regular,ALPv4,encode,6,BenchmarkALPMatrix/float-histogram/stale/n=120/buckets=8/time=regular/ALPv4/encode,101844.0,99.94,6.0,99.86,847.6,21.69,120.0,3.7635,844.15,27872.0,218.0,98793.0,106668.0,1.1782726522917404,0.8476,84.8,3.9096357768556933,
simd,BenchmarkALPMatrix,float-histogram,stale,120,8,regular,legacy,decode,6,BenchmarkALPMatrix/float-histogram/stale/n=120/buckets=8/time=regular/legacy/decode,10370.0,981.285,6.0,99.93,86.36,24.8,120.0,0.4393,85.985,1536.0,42.0,10298.0,10550.0,11.571841851494696,0.08636,84.8,3.419354838709677,
simd,BenchmarkALPMatrix,float-histogram,stale,120,8,regular,legacy,encode,6,BenchmarkALPMatrix/float-histogram/stale/n=120/buckets=8/time=regular/legacy/encode,30185.5,337.115,6.0,99.85499999999999,251.2,24.8,120.0,1.5575,249.6,9328.0,61.0,29903.0,30333.0,3.9754186612777658,0.2512,84.8,3.419354838709677,
simd,BenchmarkALPMatrix,float,computed,1024,0,no-st,ALP,decode,6,BenchmarkALPMatrix/float/computed/n=1024/buckets=0/time=no-st/ALP/decode,4727.5,1732.835,1.0,100.0,4.6185,6.675,1024.0,0.021875,4.598000000000001,0.0,0.0,4627.0,4774.0,216.60497091485988,0.0046185,8,1.198501872659176,
simd,BenchmarkALPMatrix,float,computed,1024,0,no-st,ALP,encode,6,BenchmarkALPMatrix/float/computed/n=1024/buckets=0/time=no-st/ALP/encode,36403.0,225.03500000000003,1.0,99.35,35.32,6.675,1024.0,0.2102,35.08,35256.0,20.0,36033.0,36512.0,28.129549762382222,0.03532,8,1.198501872659176,
simd,BenchmarkALPMatrix,float,computed,1024,0,no-st,XOR,decode,6,BenchmarkALPMatrix/float/computed/n=1024/buckets=0/time=no-st/XOR/decode,8503.5,963.355,1.0,100.0,8.3045,7.013,1024.0,0.03691,8.266,0.0,0.0,8485.0,8515.0,120.42100311636385,0.008304500000000001,8,1.1407386282617995,
simd,BenchmarkALPMatrix,float,computed,1024,0,no-st,XOR,encode,6,BenchmarkALPMatrix/float/computed/n=1024/buckets=0/time=no-st/XOR/encode,21745.5,376.73,1.0,98.815,20.985,7.013,1024.0,0.155,20.855,34592.0,16.0,21668.0,21906.0,47.0902025706468,0.020985,8,1.1407386282617995,
simd,BenchmarkALPMatrix,float,computed,1024,0,no-st,XOR2,decode,6,BenchmarkALPMatrix/float/computed/n=1024/buckets=0/time=no-st/XOR2/decode,13664.5,599.51,1.0,100.0,13.344999999999999,9.646,1024.0,0.054105,13.285,0.0,0.0,13575.0,13912.0,74.93870979545538,0.013345,8,0.8293593199253576,
simd,BenchmarkALPMatrix,float,computed,1024,0,no-st,XOR2,encode,6,BenchmarkALPMatrix/float/computed/n=1024/buckets=0/time=no-st/XOR2/encode,20917.5,391.635,1.0,98.425,20.11,9.646,1024.0,0.1903,19.91,46896.0,17.0,20825.0,20942.0,48.954224931277636,0.02011,8,0.8293593199253576,
simd,BenchmarkALPMatrix,float,computed,1024,0,regular,ALP,decode,6,BenchmarkALPMatrix/float/computed/n=1024/buckets=0/time=regular/ALP/decode,4695.5,1744.6100000000001,1.0,99.99,4.585,6.737,1024.0,0.005218,4.5794999999999995,0.0,0.0,4683.0,4713.0,218.08114151847514,0.004585,8,1.1874721686210479,
simd,BenchmarkALPMatrix,float,computed,1024,0,regular,ALP,encode,6,BenchmarkALPMatrix/float/computed/n=1024/buckets=0/time=regular/ALP/encode,36282.5,225.785,1.0,99.265,35.120000000000005,6.737,1024.0,0.09876,35.01,36536.0,20.0,36153.0,36374.0,28.222972507407153,0.035120000000000005,8,1.1874721686210479,
simd,BenchmarkALPMatrix,float,computed,1024,0,regular,XOR2,decode,6,BenchmarkALPMatrix/float/computed/n=1024/buckets=0/time=regular/XOR2/decode,18022.5,454.53999999999996,1.0,99.995,17.6,9.646,1024.0,0.018205,17.58,0.0,0.0,17795.0,18077.0,56.81786655569427,0.0176,8,0.8293593199253576,
simd,BenchmarkALPMatrix,float,computed,1024,0,regular,XOR2,encode,6,BenchmarkALPMatrix/float/computed/n=1024/buckets=0/time=regular/XOR2/encode,20802.0,393.81,1.0,98.21000000000001,19.945,9.646,1024.0,0.10295,19.84,46896.0,17.0,20740.0,20845.0,49.226035958080956,0.019945,8,0.8293593199253576,
simd,BenchmarkALPMatrix,float,computed,120,0,changing-st,ALP,decode,6,BenchmarkALPMatrix/float/computed/n=120/buckets=0/time=changing-st/ALP/decode,779.8499999999999,1230.9499999999998,1.0,100.0,6.4985,7.9,120.0,0.02707,6.4704999999999995,0.0,0.0,779.3,780.5,153.87574533564148,0.0064985,8,1.0126582278481011,
simd,BenchmarkALPMatrix,float,computed,120,0,changing-st,ALP,encode,6,BenchmarkALPMatrix/float/computed/n=120/buckets=0/time=changing-st/ALP/encode,4455.0,215.49,1.0,99.34,36.89,7.9,120.0,0.2359,36.655,4552.0,7.0,4439.0,4469.0,26.936026936026938,0.03689,8,1.0126582278481011,
simd,BenchmarkALPMatrix,float,computed,120,0,changing-st,XOR2,decode,6,BenchmarkALPMatrix/float/computed/n=120/buckets=0/time=changing-st/XOR2/decode,2189.5,438.475,1.0,100.0,18.244999999999997,9.575,120.0,0.07971,18.165,0.0,0.0,2184.0,2199.0,54.80703356930806,0.018244999999999997,8,0.8355091383812011,
simd,BenchmarkALPMatrix,float,computed,120,0,changing-st,XOR2,encode,6,BenchmarkALPMatrix/float/computed/n=120/buckets=0/time=changing-st/XOR2/encode,2484.0,386.46500000000003,1.0,98.97,20.490000000000002,9.575,120.0,0.13635,20.36,3632.0,10.0,2480.0,2496.0,48.309178743961354,0.02049,8,0.8355091383812011,
simd,BenchmarkALPMatrix,float,computed,120,0,jitter,ALP,decode,6,BenchmarkALPMatrix/float/computed/n=120/buckets=0/time=jitter/ALP/decode,849.75,1129.73,1.0,100.0,7.0815,8.708,120.0,0.02732,7.056,0.0,0.0,849.3,851.2,141.2180052956752,0.0070815,8,0.9186954524575103,
simd,BenchmarkALPMatrix,float,computed,120,0,jitter,ALP,encode,6,BenchmarkALPMatrix/float/computed/n=120/buckets=0/time=jitter/ALP/encode,4589.0,209.20999999999998,1.0,99.1,37.905,8.708,120.0,0.26555,37.655,6088.0,8.0,4567.0,4610.0,26.149487905861843,0.037905,8,0.9186954524575103,
simd,BenchmarkALPMatrix,float,computed,120,0,jitter,XOR2,decode,6,BenchmarkALPMatrix/float/computed/n=120/buckets=0/time=jitter/XOR2/decode,1244.0,771.885,1.0,100.0,10.364999999999998,8.983,120.0,0.038705,10.33,0.0,0.0,1239.0,1255.0,96.46302250803859,0.010365,8,0.890571078704219,
simd,BenchmarkALPMatrix,float,computed,120,0,jitter,XOR2,encode,6,BenchmarkALPMatrix/float/computed/n=120/buckets=0/time=jitter/XOR2/encode,2264.0,423.98,1.0,98.85,18.64,8.983,120.0,0.13655,18.51,3632.0,10.0,2255.0,2270.0,53.003533568904594,0.01864,8,0.890571078704219,
simd,BenchmarkALPMatrix,float,computed,120,0,no-st-jitter,ALP,decode,6,BenchmarkALPMatrix/float/computed/n=120/buckets=0/time=no-st-jitter/ALP/decode,1020.0,941.185,1.0,100.0,8.502500000000001,8.642,120.0,0.02068,8.478,0.0,0.0,947.4,1079.0,117.6470588235294,0.008502500000000001,8,0.9257116408238835,
simd,BenchmarkALPMatrix,float,computed,120,0,no-st-jitter,ALP,encode,6,BenchmarkALPMatrix/float/computed/n=120/buckets=0/time=no-st-jitter/ALP/encode,4596.5,208.865,1.0,99.13,37.965,8.642,120.0,0.22535,37.760000000000005,6088.0,8.0,4582.0,4603.0,26.106820406831286,0.037965000000000006,8,0.9257116408238835,
simd,BenchmarkALPMatrix,float,computed,120,0,no-st-jitter,XOR,decode,6,BenchmarkALPMatrix/float/computed/n=120/buckets=0/time=no-st-jitter/XOR/decode,1578.0,608.4300000000001,1.0,100.0,13.15,8.95,120.0,0.034345,13.115,0.0,0.0,1554.0,1594.0,76.04562737642586,0.01315,8,0.893854748603352,
simd,BenchmarkALPMatrix,float,computed,120,0,no-st-jitter,XOR,encode,6,BenchmarkALPMatrix/float/computed/n=120/buckets=0/time=no-st-jitter/XOR/encode,2713.5,353.78,1.0,99.025,22.395,8.95,120.0,0.138,22.259999999999998,3616.0,10.0,2674.0,2784.0,44.223327805417355,0.022394999999999998,8,0.893854748603352,
simd,BenchmarkALPMatrix,float,computed,120,0,no-st-jitter,XOR2,decode,6,BenchmarkALPMatrix/float/computed/n=120/buckets=0/time=no-st-jitter/XOR2/decode,1320.0,727.42,1.0,100.0,10.995000000000001,8.958,120.0,0.031059999999999997,10.97,0.0,0.0,1313.0,1339.0,90.9090909090909,0.010995000000000001,8,0.8930564858227282,
simd,BenchmarkALPMatrix,float,computed,120,0,no-st-jitter,XOR2,encode,6,BenchmarkALPMatrix/float/computed/n=120/buckets=0/time=no-st-jitter/XOR2/encode,2260.0,424.77,1.0,98.88,18.615000000000002,8.958,120.0,0.11755,18.505000000000003,3632.0,10.0,2254.0,2267.0,53.097345132743364,0.018615000000000003,8,0.8930564858227282,
simd,BenchmarkALPMatrix,float,computed,120,0,no-st,ALP,decode,6,BenchmarkALPMatrix/float/computed/n=120/buckets=0/time=no-st/ALP/decode,568.05,1690.105,1.0,100.1,4.7385,6.742,120.0,0.01421,4.723,0.0,0.0,566.6,574.2,211.24900977026672,0.0047385000000000005,8,1.1865915158706615,
simd,BenchmarkALPMatrix,float,computed,120,0,no-st,ALP,encode,6,BenchmarkALPMatrix/float/computed/n=120/buckets=0/time=no-st/ALP/encode,4608.0,208.32999999999998,1.0,99.4,38.165,6.742,120.0,0.1689,37.985,4552.0,7.0,4595.0,4651.0,26.041666666666668,0.038165,8,1.1865915158706615,
simd,BenchmarkALPMatrix,float,computed,120,0,no-st,XOR,decode,6,BenchmarkALPMatrix/float/computed/n=120/buckets=0/time=no-st/XOR/decode,1071.0,896.47,1.0,100.1,8.933499999999999,7.108,120.0,0.022879999999999998,8.9095,0.0,0.0,1068.0,1075.0,112.04481792717087,0.008933499999999999,8,1.1254924029262803,
simd,BenchmarkALPMatrix,float,computed,120,0,no-st,XOR,encode,6,BenchmarkALPMatrix/float/computed/n=120/buckets=0/time=no-st/XOR/encode,2604.5,368.605,1.0,99.455,21.59,7.108,120.0,0.10317,21.494999999999997,2208.0,9.0,2579.0,2640.0,46.07410251487809,0.02159,8,1.1254924029262803,
simd,BenchmarkALPMatrix,float,computed,120,0,no-st,XOR2,decode,6,BenchmarkALPMatrix/float/computed/n=120/buckets=0/time=no-st/XOR2/decode,925.55,1037.225,1.0,99.8,7.6955,7.117,120.0,0.04245,7.6555,0.0,0.0,923.3,927.1,129.6526389714224,0.0076955,8,1.1240691302515105,
simd,BenchmarkALPMatrix,float,computed,120,0,no-st,XOR2,encode,6,BenchmarkALPMatrix/float/computed/n=120/buckets=0/time=no-st/XOR2/encode,2106.5,455.815,1.0,99.31,17.435000000000002,7.117,120.0,0.08674,17.36,2224.0,9.0,2102.0,2116.0,56.96653216235462,0.017435000000000003,8,1.1240691302515105,
simd,BenchmarkALPMatrix,float,computed,120,0,regular,ALP,decode,6,BenchmarkALPMatrix/float/computed/n=120/buckets=0/time=regular/ALP/decode,549.9000000000001,1745.71,1.0,100.0,4.5835,6.808,120.0,0.021685,4.561999999999999,0.0,0.0,548.9,551.5,218.22149481723946,0.0045835,8,1.1750881316098707,
simd,BenchmarkALPMatrix,float,computed,120,0,regular,ALP,encode,6,BenchmarkALPMatrix/float/computed/n=120/buckets=0/time=regular/ALP/encode,4333.5,221.525,1.0,99.36,35.88,6.808,120.0,0.2519,35.625,4552.0,7.0,4323.0,4362.0,27.69124264451367,0.03588,8,1.1750881316098707,
simd,BenchmarkALPMatrix,float,computed,120,0,regular,XOR2,decode,6,BenchmarkALPMatrix/float/computed/n=120/buckets=0/time=regular/XOR2/decode,892.7,1075.365,1.0,100.0,7.4399999999999995,7.142,120.0,0.032424999999999995,7.406,0.0,0.0,890.8,896.7,134.42365856390725,0.0074399999999999996,8,1.1201344161299356,
simd,BenchmarkALPMatrix,float,computed,120,0,regular,XOR2,encode,6,BenchmarkALPMatrix/float/computed/n=120/buckets=0/time=regular/XOR2/encode,1977.0,485.605,1.0,99.225,16.335,7.142,120.0,0.085135,16.255000000000003,2224.0,9.0,1971.0,1982.0,60.69802731411229,0.016335000000000002,8,1.1201344161299356,
simd,BenchmarkALPMatrix,float,computed,32,0,no-st,ALP,decode,6,BenchmarkALPMatrix/float/computed/n=32/buckets=0/time=no-st/ALP/decode,202.8,1262.155,1.0,100.0,6.3385,8.031,32.0,0.027915,6.3100000000000005,0.0,0.0,202.5,203.5,157.79092702169623,0.0063384999999999995,8,0.9961399576640517,
simd,BenchmarkALPMatrix,float,computed,32,0,no-st,ALP,encode,6,BenchmarkALPMatrix/float/computed/n=32/buckets=0/time=no-st/ALP/encode,2671.0,95.845,1.0,99.005,82.655,8.031,32.0,0.5687,82.14,3848.0,7.0,2643.0,2711.0,11.980531636091351,0.082655,8,0.9961399576640517,
simd,BenchmarkALPMatrix,float,computed,32,0,no-st,XOR,decode,6,BenchmarkALPMatrix/float/computed/n=32/buckets=0/time=no-st/XOR/decode,297.4,860.86,1.0,100.0,9.2935,7.406,32.0,0.03318,9.26,0.0,0.0,296.9,298.3,107.59919300605246,0.0092935,8,1.080205238995409,
simd,BenchmarkALPMatrix,float,computed,32,0,no-st,XOR,encode,6,BenchmarkALPMatrix/float/computed/n=32/buckets=0/time=no-st/XOR/encode,713.1500000000001,358.95500000000004,1.0,99.27000000000001,22.125,7.406,32.0,0.1224,21.994999999999997,800.0,7.0,707.3,714.0,44.8713454392484,0.022125,8,1.080205238995409,
simd,BenchmarkALPMatrix,float,computed,32,0,no-st,XOR2,decode,6,BenchmarkALPMatrix/float/computed/n=32/buckets=0/time=no-st/XOR2/decode,259.15,987.9449999999999,1.0,100.0,8.0975,7.438,32.0,0.041514999999999996,8.057500000000001,0.0,0.0,258.7,260.0,123.48060968551033,0.0080975,8,1.0755579456843238,
simd,BenchmarkALPMatrix,float,computed,32,0,no-st,XOR2,encode,6,BenchmarkALPMatrix/float/computed/n=32/buckets=0/time=no-st/XOR2/encode,591.25,432.96000000000004,1.0,99.055,18.3,7.438,32.0,0.11545,18.185000000000002,816.0,7.0,588.6,592.4,54.12262156448203,0.0183,8,1.0755579456843238,
simd,BenchmarkALPMatrix,float,computed,32,0,regular,ALP,decode,6,BenchmarkALPMatrix/float/computed/n=32/buckets=0/time=regular/ALP/decode,222.45,1150.69,1.0,100.0,6.9535,8.281,32.0,0.02758,6.909000000000001,0.0,0.0,213.6,224.9,143.85255113508654,0.0069535,8,0.9660669001328341,
simd,BenchmarkALPMatrix,float,computed,32,0,regular,ALP,encode,6,BenchmarkALPMatrix/float/computed/n=32/buckets=0/time=regular/ALP/encode,2577.5,99.32,1.0,98.985,79.675,8.281,32.0,0.5156000000000001,79.185,3848.0,7.0,2572.0,2586.0,12.41513094083414,0.079675,8,0.9660669001328341,
simd,BenchmarkALPMatrix,float,computed,32,0,regular,XOR2,decode,6,BenchmarkALPMatrix/float/computed/n=32/buckets=0/time=regular/XOR2/decode,287.25,891.255,1.0,100.0,8.977,7.531,32.0,0.03055,8.9465,0.0,0.0,272.0,296.8,111.4012184508268,0.008977,8,1.062275926171823,
simd,BenchmarkALPMatrix,float,computed,32,0,regular,XOR2,encode,6,BenchmarkALPMatrix/float/computed/n=32/buckets=0/time=regular/XOR2/encode,591.5999999999999,432.745,1.0,99.03999999999999,18.31,7.531,32.0,0.1139,18.2,816.0,7.0,590.2,596.8,54.09060175794457,0.01831,8,1.062275926171823,
simd,BenchmarkALPMatrix,float,constant,1024,0,no-st,ALP,decode,6,BenchmarkALPMatrix/float/constant/n=1024/buckets=0/time=no-st/ALP/decode,2221.0,3687.7799999999997,1.0,100.0,2.17,0.292,1024.0,0.0055915,2.1645000000000003,0.0,0.0,2221.0,2231.0,461.05357946870777,0.00217,8,27.397260273972606,
simd,BenchmarkALPMatrix,float,constant,1024,0,no-st,ALP,encode,6,BenchmarkALPMatrix/float/constant/n=1024/buckets=0/time=no-st/ALP/encode,5497.0,1490.25,1.0,99.43,5.3375,0.292,1024.0,0.02635,5.3115,4888.0,13.0,5462.0,5523.0,186.2834273239949,0.0053375,8,27.397260273972606,
simd,BenchmarkALPMatrix,float,constant,1024,0,no-st,XOR,decode,6,BenchmarkALPMatrix/float/constant/n=1024/buckets=0/time=no-st/XOR/decode,2236.0,3663.58,1.0,99.99,2.1835,0.2676,1024.0,0.004058,2.1785,0.0,0.0,2224.0,2242.0,457.9606440071556,0.0021835,8,29.895366218236173,
simd,BenchmarkALPMatrix,float,constant,1024,0,no-st,XOR,encode,6,BenchmarkALPMatrix/float/constant/n=1024/buckets=0/time=no-st/XOR/encode,4581.0,1788.1950000000002,1.0,99.87,4.468,0.2676,1024.0,0.01107,4.457,1312.0,8.0,4566.0,4599.0,223.5319799170487,0.004468,8,29.895366218236173,
simd,BenchmarkALPMatrix,float,constant,1024,0,no-st,XOR2,decode,6,BenchmarkALPMatrix/float/constant/n=1024/buckets=0/time=no-st/XOR2/decode,13524.5,605.72,1.0,100.0,13.21,2.776,1024.0,0.033420000000000005,13.175,0.0,0.0,13511.0,13559.0,75.71444415690044,0.013210000000000001,8,2.8818443804034586,
simd,BenchmarkALPMatrix,float,constant,1024,0,no-st,XOR2,encode,6,BenchmarkALPMatrix/float/constant/n=1024/buckets=0/time=no-st/XOR2/encode,8316.5,984.9949999999999,1.0,99.295,8.063500000000001,2.776,1024.0,0.040295,8.027000000000001,8752.0,12.0,8284.0,8355.0,123.12872001442915,0.008063500000000001,8,2.8818443804034586,
simd,BenchmarkALPMatrix,float,constant,1024,0,regular,ALP,decode,6,BenchmarkALPMatrix/float/constant/n=1024/buckets=0/time=regular/ALP/decode,2205.5,3714.05,1.0,100.0,2.154,0.3545,1024.0,0.0082165,2.1465,0.0,0.0,2201.0,2227.0,464.2938109272274,0.002154,8,22.566995768688294,
simd,BenchmarkALPMatrix,float,constant,1024,0,regular,ALP,encode,6,BenchmarkALPMatrix/float/constant/n=1024/buckets=0/time=regular/ALP/encode,5476.0,1495.98,1.0,99.43,5.317,0.3545,1024.0,0.028220000000000002,5.286,4952.0,13.0,5430.0,5505.0,186.99780861943023,0.0053170000000000005,8,22.566995768688294,
simd,BenchmarkALPMatrix,float,constant,1024,0,regular,XOR2,decode,6,BenchmarkALPMatrix/float/constant/n=1024/buckets=0/time=regular/XOR2/decode,13411.0,610.855,1.0,100.0,13.1,2.775,1024.0,0.051165,13.06,0.0,0.0,13392.0,13483.0,76.35523078070241,0.013099999999999999,8,2.882882882882883,
simd,BenchmarkALPMatrix,float,constant,1024,0,regular,XOR2,encode,6,BenchmarkALPMatrix/float/constant/n=1024/buckets=0/time=regular/XOR2/encode,8464.0,967.855,1.0,99.33500000000001,8.211,2.775,1024.0,0.056440000000000004,8.1515,8752.0,12.0,8420.0,8509.0,120.98298676748583,0.008211,8,2.882882882882883,
simd,BenchmarkALPMatrix,float,constant,120,0,no-st,ALP,decode,6,BenchmarkALPMatrix/float/constant/n=120/buckets=0/time=no-st/ALP/decode,272.35,3524.4700000000003,1.0,100.0,2.27,0.3333,120.0,0.009735,2.26,0.0,0.0,272.0,275.4,440.6095098219203,0.00227,8,24.002400240024002,
simd,BenchmarkALPMatrix,float,constant,120,0,no-st,ALP,encode,6,BenchmarkALPMatrix/float/constant/n=120/buckets=0/time=no-st/ALP/encode,1043.5,920.085,1.0,97.145,8.467500000000001,0.3333,120.0,0.12145,8.332,4552.0,7.0,1033.0,1067.0,114.99760421657882,0.008467500000000001,8,24.002400240024002,
simd,BenchmarkALPMatrix,float,constant,120,0,no-st,XOR,decode,6,BenchmarkALPMatrix/float/constant/n=120/buckets=0/time=no-st/XOR/decode,320.0,3000.005,1.0,100.0,2.6665,0.4,120.0,0.010185,2.6565,0.0,0.0,318.8,322.3,375.0,0.0026665,8,20.0,
simd,BenchmarkALPMatrix,float,constant,120,0,no-st,XOR,encode,6,BenchmarkALPMatrix/float/constant/n=120/buckets=0/time=no-st/XOR/encode,684.45,1402.5149999999999,1.0,99.5,5.6775,0.4,120.0,0.02998,5.648,544.0,6.0,682.3,691.1,175.32325224632916,0.0056775,8,20.0,
simd,BenchmarkALPMatrix,float,constant,120,0,no-st,XOR2,decode,6,BenchmarkALPMatrix/float/constant/n=120/buckets=0/time=no-st/XOR2/decode,419.75,2287.14,1.0,100.0,3.498,0.2833,120.0,0.01304,3.4735,0.0,0.0,409.8,423.1,285.8844550327576,0.0034980000000000002,8,28.238616307800918,
simd,BenchmarkALPMatrix,float,constant,120,0,no-st,XOR2,encode,6,BenchmarkALPMatrix/float/constant/n=120/buckets=0/time=no-st/XOR2/encode,589.95,1627.175,1.0,99.39,4.886,0.2833,120.0,0.02802,4.858499999999999,560.0,6.0,586.8,590.7,203.40706839562674,0.004886,8,28.238616307800918,
simd,BenchmarkALPMatrix,float,constant,120,0,regular,ALP,decode,6,BenchmarkALPMatrix/float/constant/n=120/buckets=0/time=regular/ALP/decode,270.85,3543.9449999999997,1.0,100.0,2.2575000000000003,0.4,120.0,0.008446,2.2495000000000003,0.0,0.0,270.3,271.5,443.0496584825549,0.0022575000000000004,8,20.0,
simd,BenchmarkALPMatrix,float,constant,120,0,regular,ALP,encode,6,BenchmarkALPMatrix/float/constant/n=120/buckets=0/time=regular/ALP/encode,1025.0,936.8900000000001,1.0,96.91,8.2665,0.4,120.0,0.094705,8.1765,4552.0,7.0,1021.0,1029.0,117.07317073170732,0.008266500000000001,8,20.0,
simd,BenchmarkALPMatrix,float,constant,120,0,regular,XOR2,decode,6,BenchmarkALPMatrix/float/constant/n=120/buckets=0/time=regular/XOR2/decode,370.4,2591.555,1.0,99.995,3.0869999999999997,0.3083,120.0,0.00761,3.0789999999999997,0.0,0.0,368.0,374.4,323.97408207343415,0.003087,8,25.948751216347713,
simd,BenchmarkALPMatrix,float,constant,120,0,regular,XOR2,encode,6,BenchmarkALPMatrix/float/constant/n=120/buckets=0/time=regular/XOR2/encode,602.9,1592.345,1.0,99.39500000000001,4.9895,0.3083,120.0,0.020909999999999998,4.9670000000000005,560.0,6.0,598.0,605.5,199.03798308177144,0.0049895,8,25.948751216347713,
simd,BenchmarkALPMatrix,float,constant,32,0,no-st,ALP,decode,6,BenchmarkALPMatrix/float/constant/n=32/buckets=0/time=no-st/ALP/decode,86.08500000000001,2973.705,1.0,100.0,2.6905,1.25,32.0,0.0097365,2.6814999999999998,0.0,0.0,85.93,90.33,371.72562002671776,0.0026905,8,6.4,
simd,BenchmarkALPMatrix,float,constant,32,0,no-st,ALP,encode,6,BenchmarkALPMatrix/float/constant/n=32/buckets=0/time=no-st/ALP/encode,500.85,511.15,1.0,96.315,15.085,1.25,32.0,0.48905,14.575,3848.0,7.0,498.5,507.2,63.89138464610163,0.015085000000000001,8,6.4,
simd,BenchmarkALPMatrix,float,constant,32,0,no-st,XOR,decode,6,BenchmarkALPMatrix/float/constant/n=32/buckets=0/time=no-st/XOR/decode,126.94999999999999,2016.5300000000002,1.0,100.0,3.9675000000000002,0.8125,32.0,0.014960000000000001,3.955,0.0,0.0,125.5,128.1,252.06774320598663,0.0039675000000000005,8,9.846153846153847,
simd,BenchmarkALPMatrix,float,constant,32,0,no-st,XOR,encode,6,BenchmarkALPMatrix/float/constant/n=32/buckets=0/time=no-st/XOR/encode,284.45000000000005,899.905,1.0,98.64,8.773499999999999,0.8125,32.0,0.064455,8.709,544.0,6.0,283.4,286.3,112.4978027772895,0.008773499999999998,8,9.846153846153847,
simd,BenchmarkALPMatrix,float,constant,32,0,no-st,XOR2,decode,6,BenchmarkALPMatrix/float/constant/n=32/buckets=0/time=no-st/XOR2/decode,142.3,1798.9,1.0,100.0,4.4475,0.7188,32.0,0.01678,4.431,0.0,0.0,141.3,143.2,224.87702037947994,0.0044475,8,11.129660545353367,
simd,BenchmarkALPMatrix,float,constant,32,0,no-st,XOR2,encode,6,BenchmarkALPMatrix/float/constant/n=32/buckets=0/time=no-st/XOR2/encode,253.65,1009.135,1.0,98.47,7.8025,0.7188,32.0,0.06111,7.742000000000001,560.0,6.0,251.0,255.7,126.15809185886063,0.0078025,8,11.129660545353367,
simd,BenchmarkALPMatrix,float,constant,32,0,regular,ALP,decode,6,BenchmarkALPMatrix/float/constant/n=32/buckets=0/time=regular/ALP/decode,86.03999999999999,2975.3999999999996,1.0,100.0,2.689,1.5,32.0,0.01523,2.674,0.0,0.0,85.88,87.01,371.92003719200375,0.002689,8,5.333333333333333,
simd,BenchmarkALPMatrix,float,constant,32,0,regular,ALP,encode,6,BenchmarkALPMatrix/float/constant/n=32/buckets=0/time=regular/ALP/encode,493.35,518.925,1.0,95.14,14.705,1.5,32.0,0.3655,14.335,3848.0,7.0,490.1,504.9,64.86267355832572,0.014705,8,5.333333333333333,
simd,BenchmarkALPMatrix,float,constant,32,0,regular,XOR2,decode,6,BenchmarkALPMatrix/float/constant/n=32/buckets=0/time=regular/XOR2/decode,159.05,1609.22,1.0,99.995,4.971500000000001,0.8125,32.0,0.025079999999999998,4.9505,0.0,0.0,154.8,162.2,201.19459289531594,0.004971500000000001,8,9.846153846153847,
simd,BenchmarkALPMatrix,float,constant,32,0,regular,XOR2,encode,6,BenchmarkALPMatrix/float/constant/n=32/buckets=0/time=regular/XOR2/encode,261.0,980.74,1.0,98.535,8.038499999999999,0.8125,32.0,0.08489,7.9595,560.0,6.0,260.2,263.4,122.60536398467433,0.008038499999999999,8,9.846153846153847,
simd,BenchmarkALPMatrix,float,counter,1024,0,no-st,ALP,decode,6,BenchmarkALPMatrix/float/counter/n=1024/buckets=0/time=no-st/ALP/decode,2987.5,2741.875,1.0,100.0,2.9175,1.706,1024.0,0.011470000000000001,2.907,0.0,0.0,2980.0,3003.0,342.7615062761506,0.0029175,8,4.6893317702227435,
simd,BenchmarkALPMatrix,float,counter,1024,0,no-st,ALP,encode,6,BenchmarkALPMatrix/float/counter/n=1024/buckets=0/time=no-st/ALP/encode,13303.5,615.775,1.0,99.5,12.925,1.706,1024.0,0.07730000000000001,12.855,10680.0,16.0,13150.0,13365.0,76.97222535423009,0.012925,8,4.6893317702227435,
simd,BenchmarkALPMatrix,float,counter,1024,0,no-st,XOR,decode,6,BenchmarkALPMatrix/float/counter/n=1024/buckets=0/time=no-st/XOR/decode,5301.5,1545.1399999999999,1.0,100.0,5.176,2.055,1024.0,0.02152,5.154,0.0,0.0,5271.0,5495.0,193.15288126002076,0.005176,8,3.89294403892944,
simd,BenchmarkALPMatrix,float,counter,1024,0,no-st,XOR,encode,6,BenchmarkALPMatrix/float/counter/n=1024/buckets=0/time=no-st/XOR/encode,13094.0,625.63,1.0,99.57499999999999,12.73,2.055,1024.0,0.064485,12.655000000000001,8736.0,12.0,13041.0,13214.0,78.20375744615855,0.01273,8,3.89294403892944,
simd,BenchmarkALPMatrix,float,counter,1024,0,no-st,XOR2,decode,6,BenchmarkALPMatrix/float/counter/n=1024/buckets=0/time=no-st/XOR2/decode,15765.0,519.625,1.0,100.0,15.395,4.688,1024.0,0.067305,15.33,0.0,0.0,15724.0,15983.0,64.95401205201395,0.015394999999999999,8,1.7064846416382253,
simd,BenchmarkALPMatrix,float,counter,1024,0,no-st,XOR2,encode,6,BenchmarkALPMatrix/float/counter/n=1024/buckets=0/time=no-st/XOR2/encode,14698.0,557.35,1.0,99.16499999999999,14.235,4.688,1024.0,0.1022,14.12,18224.0,14.0,14635.0,14722.0,69.6693427677235,0.014235,8,1.7064846416382253,
simd,BenchmarkALPMatrix,float,counter,1024,0,regular,ALP,decode,6,BenchmarkALPMatrix/float/counter/n=1024/buckets=0/time=regular/ALP/decode,5159.0,1587.9,1.0,100.1,5.0425,1.769,1024.0,0.009087999999999999,5.0329999999999995,0.0,0.0,4745.0,5288.0,198.488079085094,0.0050425,8,4.522328999434709,
simd,BenchmarkALPMatrix,float,counter,1024,0,regular,ALP,encode,6,BenchmarkALPMatrix/float/counter/n=1024/buckets=0/time=regular/ALP/encode,22879.5,358.08500000000004,1.0,99.77,22.29,1.769,1024.0,0.079845,22.21,10936.0,16.0,22611.0,25446.0,44.75622281955462,0.02229,8,4.522328999434709,
simd,BenchmarkALPMatrix,float,counter,1024,0,regular,XOR2,decode,6,BenchmarkALPMatrix/float/counter/n=1024/buckets=0/time=regular/XOR2/decode,34315.0,238.735,1.0,100.1,33.545,4.688,1024.0,0.07012499999999999,33.47,0.0,0.0,29785.0,34526.0,29.841177327699256,0.033545,8,1.7064846416382253,
simd,BenchmarkALPMatrix,float,counter,1024,0,regular,XOR2,encode,6,BenchmarkALPMatrix/float/counter/n=1024/buckets=0/time=regular/XOR2/encode,31481.5,260.22,1.0,99.67,30.665,4.688,1024.0,0.129,30.53,18224.0,14.0,30254.0,34556.0,32.527039689976654,0.030664999999999998,8,1.7064846416382253,
simd,BenchmarkALPMatrix,float,counter,120,0,no-st,ALP,decode,6,BenchmarkALPMatrix/float/counter/n=120/buckets=0/time=no-st/ALP/decode,479.75,2001.13,1.0,100.0,3.9985,1.775,120.0,0.053849999999999995,3.9415,0.0,0.0,464.1,484.6,250.13027618551328,0.0039985,8,4.507042253521127,
simd,BenchmarkALPMatrix,float,counter,120,0,no-st,ALP,encode,6,BenchmarkALPMatrix/float/counter/n=120/buckets=0/time=no-st/ALP/encode,2398.0,400.295,1.0,98.69,19.73,1.775,120.0,0.32895,19.384999999999998,4552.0,7.0,2386.0,2404.0,50.04170141784821,0.01973,8,4.507042253521127,
simd,BenchmarkALPMatrix,float,counter,120,0,no-st,XOR,decode,6,BenchmarkALPMatrix/float/counter/n=120/buckets=0/time=no-st/XOR/decode,753.3,1274.385,1.0,100.0,6.2775,1.967,120.0,0.09103,6.191000000000001,0.0,0.0,656.4,817.7,159.29908403026684,0.0062775,8,4.067107269954245,
simd,BenchmarkALPMatrix,float,counter,120,0,no-st,XOR,encode,6,BenchmarkALPMatrix/float/counter/n=120/buckets=0/time=no-st/XOR/encode,1471.5,652.56,1.0,99.67,12.215,1.967,120.0,0.1645,12.055,800.0,7.0,1459.0,1476.0,81.54943934760449,0.012215,8,4.067107269954245,
simd,BenchmarkALPMatrix,float,counter,120,0,no-st,XOR2,decode,6,BenchmarkALPMatrix/float/counter/n=120/buckets=0/time=no-st/XOR2/decode,722.65,1328.455,1.0,100.0,6.023,1.975,120.0,0.01763,6.005,0.0,0.0,711.2,775.7,166.05549020964506,0.006023,8,4.0506329113924044,
simd,BenchmarkALPMatrix,float,counter,120,0,no-st,XOR2,encode,6,BenchmarkALPMatrix/float/counter/n=120/buckets=0/time=no-st/XOR2/encode,1213.0,791.385,1.0,99.59,10.059999999999999,1.975,120.0,0.1446,9.9585,816.0,7.0,1207.0,1250.0,98.9282769991756,0.01006,8,4.0506329113924044,
simd,BenchmarkALPMatrix,float,counter,120,0,regular,ALP,decode,6,BenchmarkALPMatrix/float/counter/n=120/buckets=0/time=regular/ALP/decode,368.1,2608.0299999999997,1.0,100.0,3.0675,1.842,120.0,0.01184,3.055,0.0,0.0,367.7,370.0,325.99837000814995,0.0030675,8,4.3431053203040175,
simd,BenchmarkALPMatrix,float,counter,120,0,regular,ALP,encode,6,BenchmarkALPMatrix/float/counter/n=120/buckets=0/time=regular/ALP/encode,2343.0,409.765,1.0,98.725,19.265,1.842,120.0,0.14429999999999998,19.11,4552.0,7.0,2332.0,2348.0,51.21638924455826,0.019265,8,4.3431053203040175,
simd,BenchmarkALPMatrix,float,counter,120,0,regular,XOR2,decode,6,BenchmarkALPMatrix/float/counter/n=120/buckets=0/time=regular/XOR2/decode,728.7,1317.47,1.0,100.0,6.0725,2.0,120.0,0.017814999999999998,6.0565,0.0,0.0,722.8,733.9,164.67682173734045,0.0060725,8,4.0,
simd,BenchmarkALPMatrix,float,counter,120,0,regular,XOR2,encode,6,BenchmarkALPMatrix/float/counter/n=120/buckets=0/time=regular/XOR2/encode,1197.5,801.625,1.0,99.595,9.939,2.0,120.0,0.034525,9.901499999999999,816.0,7.0,1192.0,1199.0,100.20876826722338,0.009939,8,4.0,
simd,BenchmarkALPMatrix,float,counter,32,0,no-st,ALP,decode,6,BenchmarkALPMatrix/float/counter/n=32/buckets=0/time=no-st/ALP/decode,137.5,1861.58,1.0,100.0,4.297499999999999,2.906,32.0,0.0172,4.279999999999999,0.0,0.0,136.7,138.1,232.72727272727272,0.004297499999999999,8,2.7529249827942186,
simd,BenchmarkALPMatrix,float,counter,32,0,no-st,ALP,encode,6,BenchmarkALPMatrix/float/counter/n=32/buckets=0/time=no-st/ALP/encode,1681.5,152.26,1.0,98.45,51.730000000000004,2.906,32.0,0.4155,51.269999999999996,3848.0,7.0,1676.0,1686.0,19.03062741599762,0.051730000000000005,8,2.7529249827942186,
simd,BenchmarkALPMatrix,float,counter,32,0,no-st,XOR,decode,6,BenchmarkALPMatrix/float/counter/n=32/buckets=0/time=no-st/XOR/decode,195.14999999999998,1312.01,1.0,100.0,6.0985,2.219,32.0,0.029885000000000002,6.068,0.0,0.0,195.0,198.9,163.97642838841918,0.0060985,8,3.605227579990987,
simd,BenchmarkALPMatrix,float,counter,32,0,no-st,XOR,encode,6,BenchmarkALPMatrix/float/counter/n=32/buckets=0/time=no-st/XOR/encode,483.6,529.385,1.0,99.22,14.99,2.219,32.0,0.101755,14.905000000000001,544.0,6.0,482.1,489.0,66.17038875103391,0.01499,8,3.605227579990987,
simd,BenchmarkALPMatrix,float,counter,32,0,no-st,XOR2,decode,6,BenchmarkALPMatrix/float/counter/n=32/buckets=0/time=no-st/XOR2/decode,208.14999999999998,1230.085,1.0,100.0,6.503500000000001,2.25,32.0,0.025845,6.4765,0.0,0.0,206.0,209.3,153.7352870526063,0.006503500000000001,8,3.5555555555555554,
simd,BenchmarkALPMatrix,float,counter,32,0,no-st,XOR2,encode,6,BenchmarkALPMatrix/float/counter/n=32/buckets=0/time=no-st/XOR2/encode,406.45,629.825,1.0,99.055,12.58,2.25,32.0,0.08785499999999999,12.495000000000001,560.0,6.0,405.4,407.4,78.73047115266331,0.012580000000000001,8,3.5555555555555554,
simd,BenchmarkALPMatrix,float,counter,32,0,regular,ALP,decode,6,BenchmarkALPMatrix/float/counter/n=32/buckets=0/time=regular/ALP/decode,134.45,1904.53,1.0,100.0,4.2010000000000005,3.156,32.0,0.01738,4.183,0.0,0.0,134.1,134.8,238.00669393826703,0.004201000000000001,8,2.5348542458808616,
simd,BenchmarkALPMatrix,float,counter,32,0,regular,ALP,encode,6,BenchmarkALPMatrix/float/counter/n=32/buckets=0/time=regular/ALP/encode,1669.5,153.38,1.0,98.475,51.355000000000004,3.156,32.0,0.45199999999999996,50.835,3848.0,7.0,1661.0,1676.0,19.16741539383049,0.051355000000000005,8,2.5348542458808616,
simd,BenchmarkALPMatrix,float,counter,32,0,regular,XOR2,decode,6,BenchmarkALPMatrix/float/counter/n=32/buckets=0/time=regular/XOR2/decode,228.35,1121.095,1.0,100.0,7.1370000000000005,2.344,32.0,0.03025,7.1080000000000005,0.0,0.0,226.1,229.7,140.13575651412307,0.007137,8,3.4129692832764507,
simd,BenchmarkALPMatrix,float,counter,32,0,regular,XOR2,encode,6,BenchmarkALPMatrix/float/counter/n=32/buckets=0/time=regular/XOR2/encode,408.9,626.06,1.0,99.055,12.66,2.344,32.0,0.07347,12.585,560.0,6.0,405.9,410.5,78.25874296894106,0.01266,8,3.4129692832764507,
simd,BenchmarkALPMatrix,float,decimal2,1024,0,no-st,ALP,decode,6,BenchmarkALPMatrix/float/decimal2/n=1024/buckets=0/time=no-st/ALP/decode,3209.5,2552.08,1.0,100.0,3.135,1.206,1024.0,0.01261,3.123,0.0,0.0,3205.0,3241.0,319.05281196448044,0.0031349999999999998,8,6.633499170812604,
simd,BenchmarkALPMatrix,float,decimal2,1024,0,no-st,ALP,encode,6,BenchmarkALPMatrix/float/decimal2/n=1024/buckets=0/time=no-st/ALP/encode,13829.0,592.37,1.0,99.66,13.46,1.206,1024.0,0.068635,13.39,8120.0,15.0,13768.0,14033.0,74.047291922771,0.013460000000000001,8,6.633499170812604,
simd,BenchmarkALPMatrix,float,decimal2,1024,0,no-st,XOR,decode,6,BenchmarkALPMatrix/float/decimal2/n=1024/buckets=0/time=no-st/XOR/decode,8740.5,937.2349999999999,1.0,100.0,8.536000000000001,5.676,1024.0,0.036449999999999996,8.498,0.0,0.0,8726.0,8763.0,117.15576912075969,0.008536000000000002,8,1.409443269908386,
simd,BenchmarkALPMatrix,float,decimal2,1024,0,no-st,XOR,encode,6,BenchmarkALPMatrix/float/decimal2/n=1024/buckets=0/time=no-st/XOR/encode,17615.0,465.05999999999995,1.0,98.945,17.02,5.676,1024.0,0.12179999999999999,16.905,25120.0,15.0,17503.0,17649.0,58.132273630428614,0.01702,8,1.409443269908386,
simd,BenchmarkALPMatrix,float,decimal2,1024,0,no-st,XOR2,decode,6,BenchmarkALPMatrix/float/decimal2/n=1024/buckets=0/time=no-st/XOR2/decode,18506.5,442.65999999999997,1.0,100.0,18.075000000000003,8.31,1024.0,0.07577500000000001,17.985,0.0,0.0,18450.0,18558.0,55.33191040985599,0.018075000000000004,8,0.9626955475330926,
simd,BenchmarkALPMatrix,float,decimal2,1024,0,no-st,XOR2,encode,6,BenchmarkALPMatrix/float/decimal2/n=1024/buckets=0/time=no-st/XOR2/encode,20079.5,407.975,1.0,98.72,19.36,8.31,1024.0,0.15594999999999998,19.21,34608.0,16.0,19975.0,20183.0,50.99728578898877,0.01936,8,0.9626955475330926,
simd,BenchmarkALPMatrix,float,decimal2,1024,0,regular,ALP,decode,6,BenchmarkALPMatrix/float/decimal2/n=1024/buckets=0/time=regular/ALP/decode,3177.0,2578.25,1.0,100.0,3.1029999999999998,1.269,1024.0,0.01162,3.091,0.0,0.0,3169.0,3209.0,322.31665092854894,0.003103,8,6.304176516942475,
simd,BenchmarkALPMatrix,float,decimal2,1024,0,regular,ALP,encode,6,BenchmarkALPMatrix/float/decimal2/n=1024/buckets=0/time=regular/ALP/encode,13747.0,595.915,1.0,99.64500000000001,13.379999999999999,1.269,1024.0,0.065345,13.274999999999999,8248.0,15.0,13669.0,13806.0,74.48897941369026,0.01338,8,6.304176516942475,
simd,BenchmarkALPMatrix,float,decimal2,1024,0,regular,XOR2,decode,6,BenchmarkALPMatrix/float/decimal2/n=1024/buckets=0/time=regular/XOR2/decode,18590.0,440.66499999999996,1.0,100.0,18.155,8.309,1024.0,0.05593,18.1,0.0,0.0,18564.0,18667.0,55.08337816030124,0.018155,8,0.9628114093152005,
simd,BenchmarkALPMatrix,float,decimal2,1024,0,regular,XOR2,encode,6,BenchmarkALPMatrix/float/decimal2/n=1024/buckets=0/time=regular/XOR2/encode,20039.0,408.80499999999995,1.0,98.665,19.295,8.309,1024.0,0.1401,19.17,34608.0,16.0,19977.0,20069.0,51.10035430909726,0.019295000000000003,8,0.9628114093152005,
simd,BenchmarkALPMatrix,float,decimal2,120,0,changing-st,ALP,decode,6,BenchmarkALPMatrix/float/decimal2/n=120/buckets=0/time=changing-st/ALP/decode,595.35,1612.62,1.0,100.0,4.961,2.467,120.0,0.01719,4.942500000000001,0.0,0.0,592.7,596.1,201.56210632401107,0.004961,8,3.2428050263477908,
simd,BenchmarkALPMatrix,float,decimal2,120,0,changing-st,ALP,encode,6,BenchmarkALPMatrix/float/decimal2/n=120/buckets=0/time=changing-st/ALP/encode,2479.5,387.175,1.0,98.815,20.42,2.467,120.0,0.1899,20.225,4552.0,7.0,2467.0,2610.0,48.39685420447671,0.02042,8,3.2428050263477908,
simd,BenchmarkALPMatrix,float,decimal2,120,0,changing-st,XOR2,decode,6,BenchmarkALPMatrix/float/decimal2/n=120/buckets=0/time=changing-st/XOR2/decode,2024.0,474.325,1.0,100.0,16.865000000000002,8.242,120.0,0.051395,16.814999999999998,0.0,0.0,2020.0,2030.0,59.28853754940712,0.016865,8,0.9706381946129579,
simd,BenchmarkALPMatrix,float,decimal2,120,0,changing-st,XOR2,encode,6,BenchmarkALPMatrix/float/decimal2/n=120/buckets=0/time=changing-st/XOR2/encode,2351.5,408.265,1.0,98.86,19.380000000000003,8.242,120.0,0.11095,19.285,3632.0,10.0,2322.0,2371.0,51.03125664469488,0.01938,8,0.9706381946129579,
simd,BenchmarkALPMatrix,float,decimal2,120,0,jitter,ALP,decode,6,BenchmarkALPMatrix/float/decimal2/n=120/buckets=0/time=jitter/ALP/decode,688.3,1394.69,1.0,99.995,5.7364999999999995,3.275,120.0,0.032865,5.71,0.0,0.0,685.3,696.1,174.34258317594075,0.005736499999999999,8,2.4427480916030535,
simd,BenchmarkALPMatrix,float,decimal2,120,0,jitter,ALP,encode,6,BenchmarkALPMatrix/float/decimal2/n=120/buckets=0/time=jitter/ALP/encode,2649.5,362.325,1.0,98.755,21.81,3.275,120.0,0.18485000000000001,21.605,4552.0,7.0,2627.0,2702.0,45.29156444612191,0.02181,8,2.4427480916030535,
simd,BenchmarkALPMatrix,float,decimal2,120,0,jitter,XOR2,decode,6,BenchmarkALPMatrix/float/decimal2/n=120/buckets=0/time=jitter/XOR2/decode,1220.0,787.105,1.0,99.45,10.105,7.667,120.0,0.14565,9.919,0.0,0.0,1169.0,1240.0,98.36065573770492,0.010105000000000001,8,1.0434328942219904,
simd,BenchmarkALPMatrix,float,decimal2,120,0,jitter,XOR2,encode,6,BenchmarkALPMatrix/float/decimal2/n=120/buckets=0/time=jitter/XOR2/encode,2307.5,416.07500000000005,1.0,97.845,18.77,7.667,120.0,0.39305,18.295,3632.0,10.0,2151.0,2335.0,52.00433369447454,0.01877,8,1.0434328942219904,
simd,BenchmarkALPMatrix,float,decimal2,120,0,no-st-jitter,ALP,decode,6,BenchmarkALPMatrix/float/decimal2/n=120/buckets=0/time=no-st-jitter/ALP/decode,690.45,1390.44,1.0,100.1,5.7555,3.208,120.0,0.0174,5.7325,0.0,0.0,686.5,705.1,173.79969585053226,0.005755499999999999,8,2.4937655860349124,
simd,BenchmarkALPMatrix,float,decimal2,120,0,no-st-jitter,ALP,encode,6,BenchmarkALPMatrix/float/decimal2/n=120/buckets=0/time=no-st-jitter/ALP/encode,2666.0,360.055,1.0,98.945,21.990000000000002,3.208,120.0,0.132,21.87,4552.0,7.0,2650.0,2688.0,45.0112528132033,0.021990000000000003,8,2.4937655860349124,
simd,BenchmarkALPMatrix,float,decimal2,120,0,no-st-jitter,XOR,decode,6,BenchmarkALPMatrix/float/decimal2/n=120/buckets=0/time=no-st-jitter/XOR/decode,1548.5,620.115,1.0,100.1,12.91,7.617,120.0,0.035335000000000005,12.88,0.0,0.0,1546.0,1552.0,77.4943493703584,0.01291,8,1.0502822633582776,
simd,BenchmarkALPMatrix,float,decimal2,120,0,no-st-jitter,XOR,encode,6,BenchmarkALPMatrix/float/decimal2/n=120/buckets=0/time=no-st-jitter/XOR/encode,2459.5,390.39,1.0,99.07,20.28,7.617,120.0,0.11365,20.19,3616.0,10.0,2443.0,2479.0,48.79040455377109,0.02028,8,1.0502822633582776,
simd,BenchmarkALPMatrix,float,decimal2,120,0,no-st-jitter,XOR2,decode,6,BenchmarkALPMatrix/float/decimal2/n=120/buckets=0/time=no-st-jitter/XOR2/decode,1172.5,818.8299999999999,1.0,100.1,9.777000000000001,7.642,120.0,0.030765,9.7465,0.0,0.0,1172.0,1181.0,102.34541577825159,0.009777000000000001,8,1.0468463752944255,
simd,BenchmarkALPMatrix,float,decimal2,120,0,no-st-jitter,XOR2,encode,6,BenchmarkALPMatrix/float/decimal2/n=120/buckets=0/time=no-st-jitter/XOR2/encode,2148.0,446.90999999999997,1.0,98.945,17.715,7.642,120.0,0.10516500000000001,17.61,3632.0,10.0,2134.0,2159.0,55.865921787709496,0.017715,8,1.0468463752944255,
simd,BenchmarkALPMatrix,float,decimal2,120,0,no-st,ALP,decode,6,BenchmarkALPMatrix/float/decimal2/n=120/buckets=0/time=no-st/ALP/decode,373.54999999999995,2569.9750000000004,1.0,100.0,3.113,1.308,120.0,0.007724,3.1055,0.0,0.0,372.9,379.5,321.24213626020617,0.003113,8,6.116207951070336,
simd,BenchmarkALPMatrix,float,decimal2,120,0,no-st,ALP,decode-cold,6,BenchmarkALPMatrix/float/decimal2/n=120/buckets=0/time=no-st/ALP/decode-cold,506.65,1894.8899999999999,1.0,98.005,4.142,1.308,120.0,0.037825,4.1005,1552.0,4.0,502.7,509.9,236.84989637817034,0.004142000000000001,8,6.116207951070336,
simd,BenchmarkALPMatrix,float,decimal2,120,0,no-st,ALP,encode,6,BenchmarkALPMatrix/float/decimal2/n=120/buckets=0/time=no-st/ALP/encode,2355.5,407.59000000000003,1.0,98.715,19.384999999999998,1.308,120.0,0.12355,19.259999999999998,4552.0,7.0,2350.0,2366.0,50.94459774994693,0.019385,8,6.116207951070336,
simd,BenchmarkALPMatrix,float,decimal2,120,0,no-st,XOR,decode,6,BenchmarkALPMatrix/float/decimal2/n=120/buckets=0/time=no-st/XOR/decode,1006.5,953.86,1.0,100.0,8.387,5.767,120.0,0.01918,8.367,0.0,0.0,1005.0,1010.0,119.22503725782414,0.008387,8,1.387203051846714,
simd,BenchmarkALPMatrix,float,decimal2,120,0,no-st,XOR,decode-cold,6,BenchmarkALPMatrix/float/decimal2/n=120/buckets=0/time=no-st/XOR/decode-cold,1041.0,922.425,1.0,99.945,8.669,5.767,120.0,0.026145,8.6435,128.0,2.0,1035.0,1044.0,115.27377521613833,0.008669,8,1.387203051846714,
simd,BenchmarkALPMatrix,float,decimal2,120,0,no-st,XOR,encode,6,BenchmarkALPMatrix/float/decimal2/n=120/buckets=0/time=no-st/XOR/encode,2116.0,453.755,1.0,99.3,17.509999999999998,5.767,120.0,0.07552,17.439999999999998,2208.0,9.0,2084.0,2135.0,56.71077504725898,0.017509999999999998,8,1.387203051846714,
simd,BenchmarkALPMatrix,float,decimal2,120,0,no-st,XOR2,decode,6,BenchmarkALPMatrix/float/decimal2/n=120/buckets=0/time=no-st/XOR2/decode,855.4,1122.305,1.0,100.0,7.128,5.775,120.0,0.017865,7.112,0.0,0.0,852.4,858.8,140.2852466682254,0.007128,8,1.3852813852813852,
simd,BenchmarkALPMatrix,float,decimal2,120,0,no-st,XOR2,decode-cold,6,BenchmarkALPMatrix/float/decimal2/n=120/buckets=0/time=no-st/XOR2/decode-cold,895.55,1071.97,1.0,99.93,7.458500000000001,5.775,120.0,0.024345,7.437,144.0,2.0,892.0,910.4,133.99586846072248,0.007458500000000001,8,1.3852813852813852,
simd,BenchmarkALPMatrix,float,decimal2,120,0,no-st,XOR2,encode,6,BenchmarkALPMatrix/float/decimal2/n=120/buckets=0/time=no-st/XOR2/encode,1772.0,541.835,1.0,99.155,14.64,5.775,120.0,0.079635,14.56,2224.0,9.0,1768.0,1813.0,67.72009029345372,0.01464,8,1.3852813852813852,
simd,BenchmarkALPMatrix,float,decimal2,120,0,regular,ALP,decode,6,BenchmarkALPMatrix/float/decimal2/n=120/buckets=0/time=regular/ALP/decode,380.45000000000005,2523.205,1.0,100.0,3.1710000000000003,1.375,120.0,0.0098495,3.162,0.0,0.0,379.7,383.7,315.41595479037977,0.003171,8,5.818181818181818,
simd,BenchmarkALPMatrix,float,decimal2,120,0,regular,ALP,decode-cold,6,BenchmarkALPMatrix/float/decimal2/n=120/buckets=0/time=regular/ALP/decode-cold,514.95,1864.33,1.0,97.975,4.2044999999999995,1.375,120.0,0.03831,4.168,1552.0,4.0,513.6,519.2,233.0323332362365,0.004204499999999999,8,5.818181818181818,
simd,BenchmarkALPMatrix,float,decimal2,120,0,regular,ALP,encode,6,BenchmarkALPMatrix/float/decimal2/n=120/buckets=0/time=regular/ALP/encode,2462.0,389.945,1.0,98.645,20.235,1.375,120.0,0.17625000000000002,20.045,4552.0,7.0,2408.0,2499.0,48.7408610885459,0.020235,8,5.818181818181818,
simd,BenchmarkALPMatrix,float,decimal2,120,0,regular,XOR2,decode,6,BenchmarkALPMatrix/float/decimal2/n=120/buckets=0/time=regular/XOR2/decode,897.0,1070.275,1.0,99.88,7.463,5.8,120.0,0.051555000000000004,7.4075,0.0,0.0,888.4,908.3,133.77926421404683,0.007463,8,1.3793103448275863,
simd,BenchmarkALPMatrix,float,decimal2,120,0,regular,XOR2,decode-cold,6,BenchmarkALPMatrix/float/decimal2/n=120/buckets=0/time=regular/XOR2/decode-cold,940.35,1020.915,1.0,99.905,7.83,5.8,120.0,0.059095,7.7715,144.0,2.0,935.6,970.3,127.61205933960758,0.00783,8,1.3793103448275863,
simd,BenchmarkALPMatrix,float,decimal2,120,0,regular,XOR2,encode,6,BenchmarkALPMatrix/float/decimal2/n=120/buckets=0/time=regular/XOR2/encode,1864.0,515.0550000000001,1.0,99.14500000000001,15.364999999999998,5.8,120.0,0.19590000000000002,15.175,2224.0,9.0,1828.0,1914.0,64.37768240343348,0.015364999999999998,8,1.3793103448275863,
simd,BenchmarkALPMatrix,float,decimal2,32,0,no-st,ALP,decode,6,BenchmarkALPMatrix/float/decimal2/n=32/buckets=0/time=no-st/ALP/decode,143.75,1781.0149999999999,1.0,99.99,4.491,2.406,32.0,0.011385,4.4785,0.0,0.0,143.0,144.0,222.6086956521739,0.004490999999999999,8,3.3250207813798833,
simd,BenchmarkALPMatrix,float,decimal2,32,0,no-st,ALP,encode,6,BenchmarkALPMatrix/float/decimal2/n=32/buckets=0/time=no-st/ALP/encode,1650.5,155.115,1.0,98.42500000000001,50.705,2.406,32.0,0.41915,50.325,3848.0,7.0,1637.0,1674.0,19.38806422296274,0.050705,8,3.3250207813798833,
simd,BenchmarkALPMatrix,float,decimal2,32,0,no-st,XOR,decode,6,BenchmarkALPMatrix/float/decimal2/n=32/buckets=0/time=no-st/XOR/decode,265.45000000000005,964.375,1.0,99.995,8.2955,6.031,32.0,0.017005,8.2775,0.0,0.0,263.8,266.8,120.55000941796946,0.0082955,8,1.326479854087216,
simd,BenchmarkALPMatrix,float,decimal2,32,0,no-st,XOR,encode,6,BenchmarkALPMatrix/float/decimal2/n=32/buckets=0/time=no-st/XOR/encode,666.1,384.34000000000003,1.0,99.13499999999999,20.625,6.031,32.0,0.08674,20.520000000000003,800.0,7.0,661.8,668.8,48.04083470950307,0.020625,8,1.326479854087216,
simd,BenchmarkALPMatrix,float,decimal2,32,0,no-st,XOR2,decode,6,BenchmarkALPMatrix/float/decimal2/n=32/buckets=0/time=no-st/XOR2/decode,239.60000000000002,1068.375,1.0,100.0,7.4885,6.094,32.0,0.015555,7.472,0.0,0.0,238.6,240.3,133.55592654424038,0.0074885,8,1.3127666557269444,
simd,BenchmarkALPMatrix,float,decimal2,32,0,no-st,XOR2,encode,6,BenchmarkALPMatrix/float/decimal2/n=32/buckets=0/time=no-st/XOR2/encode,544.0,470.6,1.0,98.945,16.8,6.094,32.0,0.08593,16.71,816.0,7.0,541.4,544.3,58.8235294117647,0.016800000000000002,8,1.3127666557269444,
simd,BenchmarkALPMatrix,float,decimal2,32,0,regular,ALP,decode,6,BenchmarkALPMatrix/float/decimal2/n=32/buckets=0/time=regular/ALP/decode,144.14999999999998,1775.76,1.0,100.0,4.505,2.656,32.0,0.012209999999999999,4.4935,0.0,0.0,143.6,145.3,221.99098161637187,0.004505,8,3.012048192771084,
simd,BenchmarkALPMatrix,float,decimal2,32,0,regular,ALP,encode,6,BenchmarkALPMatrix/float/decimal2/n=32/buckets=0/time=regular/ALP/encode,1653.5,154.82,1.0,98.5,50.95,2.656,32.0,0.4875,50.44,3848.0,7.0,1650.0,1670.0,19.352887813728454,0.05095,8,3.012048192771084,
simd,BenchmarkALPMatrix,float,decimal2,32,0,regular,XOR2,decode,6,BenchmarkALPMatrix/float/decimal2/n=32/buckets=0/time=regular/XOR2/decode,247.75,1033.355,1.0,100.0,7.7425,6.188,32.0,0.021495,7.718,0.0,0.0,246.2,248.3,129.1624621594349,0.007742499999999999,8,1.292824822236587,
simd,BenchmarkALPMatrix,float,decimal2,32,0,regular,XOR2,encode,6,BenchmarkALPMatrix/float/decimal2/n=32/buckets=0/time=regular/XOR2/encode,550.35,465.185,1.0,98.945,17.015,6.188,32.0,0.091635,16.925,816.0,7.0,549.4,559.1,58.14481693467793,0.017015,8,1.292824822236587,
simd,BenchmarkALPMatrix,float,decimal6,1024,0,no-st,ALP,decode,6,BenchmarkALPMatrix/float/decimal6/n=1024/buckets=0/time=no-st/ALP/decode,3156.5,2595.495,1.0,100.0,3.0825,1.294,1024.0,0.010794999999999999,3.0730000000000004,0.0,0.0,3152.0,3220.0,324.4099477269127,0.0030825,8,6.182380216383307,
simd,BenchmarkALPMatrix,float,decimal6,1024,0,no-st,ALP,encode,6,BenchmarkALPMatrix/float/decimal6/n=1024/buckets=0/time=no-st/ALP/encode,17926.5,456.97,1.0,99.76,17.465,1.294,1024.0,0.08121500000000001,17.384999999999998,8248.0,15.0,17850.0,18062.0,57.12213761749366,0.017465,8,6.182380216383307,
simd,BenchmarkALPMatrix,float,decimal6,1024,0,no-st,XOR,decode,6,BenchmarkALPMatrix/float/decimal6/n=1024/buckets=0/time=no-st/XOR/decode,9188.0,891.5899999999999,1.0,100.0,8.973500000000001,5.64,1024.0,0.03049,8.943000000000001,0.0,0.0,9171.0,9218.0,111.44971702220288,0.0089735,8,1.4184397163120568,
simd,BenchmarkALPMatrix,float,decimal6,1024,0,no-st,XOR,encode,6,BenchmarkALPMatrix/float/decimal6/n=1024/buckets=0/time=no-st/XOR/encode,20968.0,390.69,1.0,99.17,20.295,5.64,1024.0,0.1244,20.175,25120.0,15.0,20820.0,21069.0,48.836322014498286,0.020295,8,1.4184397163120568,
simd,BenchmarkALPMatrix,float,decimal6,1024,0,no-st,XOR2,decode,6,BenchmarkALPMatrix/float/decimal6/n=1024/buckets=0/time=no-st/XOR2/decode,18513.0,442.5,1.0,100.0,18.08,8.273,1024.0,0.068845,18.01,0.0,0.0,18472.0,18675.0,55.31248311996975,0.01808,8,0.9670010878762239,
simd,BenchmarkALPMatrix,float,decimal6,1024,0,no-st,XOR2,encode,6,BenchmarkALPMatrix/float/decimal6/n=1024/buckets=0/time=no-st/XOR2/encode,20373.5,402.09,1.0,98.72999999999999,19.65,8.273,1024.0,0.13745,19.495,34608.0,16.0,20187.0,20464.0,50.26136893513633,0.019649999999999997,8,0.9670010878762239,
simd,BenchmarkALPMatrix,float,decimal6,1024,0,regular,ALP,decode,6,BenchmarkALPMatrix/float/decimal6/n=1024/buckets=0/time=regular/ALP/decode,3248.0,2521.985,1.0,100.0,3.1719999999999997,1.356,1024.0,0.010955,3.162,0.0,0.0,3240.0,3264.0,315.27093596059115,0.003172,8,5.899705014749262,
simd,BenchmarkALPMatrix,float,decimal6,1024,0,regular,ALP,encode,6,BenchmarkALPMatrix/float/decimal6/n=1024/buckets=0/time=regular/ALP/encode,18298.5,447.695,1.0,99.75,17.825,1.356,1024.0,0.1061,17.71,8376.0,15.0,18206.0,18674.0,55.960871109653795,0.017825,8,5.899705014749262,
simd,BenchmarkALPMatrix,float,decimal6,1024,0,regular,XOR2,decode,6,BenchmarkALPMatrix/float/decimal6/n=1024/buckets=0/time=regular/XOR2/decode,19204.0,426.575,1.0,100.0,18.755000000000003,8.272,1024.0,0.088305,18.68,0.0,0.0,19194.0,19232.0,53.322224536554884,0.018755,8,0.9671179883945841,
simd,BenchmarkALPMatrix,float,decimal6,1024,0,regular,XOR2,encode,6,BenchmarkALPMatrix/float/decimal6/n=1024/buckets=0/time=regular/XOR2/encode,20364.5,402.27,1.0,98.76,19.645,8.272,1024.0,0.1376,19.515,34608.0,16.0,20256.0,20727.0,50.28358172309657,0.019645,8,0.9671179883945841,
simd,BenchmarkALPMatrix,float,decimal6,120,0,no-st,ALP,decode,6,BenchmarkALPMatrix/float/decimal6/n=120/buckets=0/time=no-st/ALP/decode,382.25,2511.355,1.0,100.0,3.186,1.392,120.0,0.010365,3.1755,0.0,0.0,381.1,383.2,313.93067364290386,0.003186,8,5.74712643678161,
simd,BenchmarkALPMatrix,float,decimal6,120,0,no-st,ALP,encode,6,BenchmarkALPMatrix/float/decimal6/n=120/buckets=0/time=no-st/ALP/encode,6619.0,145.04500000000002,1.0,99.59,54.93,1.392,120.0,0.2404,54.69,4552.0,7.0,6602.0,6650.0,18.129626831847713,0.05493,8,5.74712643678161,
simd,BenchmarkALPMatrix,float,decimal6,120,0,no-st,XOR,decode,6,BenchmarkALPMatrix/float/decimal6/n=120/buckets=0/time=no-st/XOR/decode,1078.0,890.615,1.0,100.0,8.983,5.733,120.0,0.02901,8.953,0.0,0.0,1076.0,1083.0,111.31725417439704,0.008983000000000001,8,1.3954299668585384,
simd,BenchmarkALPMatrix,float,decimal6,120,0,no-st,XOR,encode,6,BenchmarkALPMatrix/float/decimal6/n=120/buckets=0/time=no-st/XOR/encode,2631.5,364.775,1.0,99.475,21.81,5.733,120.0,0.10830000000000001,21.7,2208.0,9.0,2626.0,2637.0,45.60136804104123,0.02181,8,1.3954299668585384,
simd,BenchmarkALPMatrix,float,decimal6,120,0,no-st,XOR2,decode,6,BenchmarkALPMatrix/float/decimal6/n=120/buckets=0/time=no-st/XOR2/decode,912.3,1052.2849999999999,1.0,100.0,7.603,5.742,120.0,0.0292,7.5755,0.0,0.0,904.0,925.6,131.53567905294312,0.0076029999999999995,8,1.3932427725531173,
simd,BenchmarkALPMatrix,float,decimal6,120,0,no-st,XOR2,encode,6,BenchmarkALPMatrix/float/decimal6/n=120/buckets=0/time=no-st/XOR2/encode,1831.0,524.315,1.0,99.18,15.125,5.742,120.0,0.09406,15.03,2224.0,9.0,1828.0,1837.0,65.53795740032768,0.015125,8,1.3932427725531173,
simd,BenchmarkALPMatrix,float,decimal6,120,0,regular,ALP,decode,6,BenchmarkALPMatrix/float/decimal6/n=120/buckets=0/time=regular/ALP/decode,386.85,2481.76,1.0,100.0,3.223,1.458,120.0,0.02035,3.199,0.0,0.0,383.3,395.7,310.19775106630476,0.0032229999999999997,8,5.486968449931413,
simd,BenchmarkALPMatrix,float,decimal6,120,0,regular,ALP,encode,6,BenchmarkALPMatrix/float/decimal6/n=120/buckets=0/time=regular/ALP/encode,6698.0,143.32999999999998,1.0,99.57499999999999,55.56999999999999,1.458,120.0,0.37785,55.175,4552.0,7.0,6634.0,6804.0,17.915795759928336,0.055569999999999994,8,5.486968449931413,
simd,BenchmarkALPMatrix,float,decimal6,120,0,regular,XOR2,decode,6,BenchmarkALPMatrix/float/decimal6/n=120/buckets=0/time=regular/XOR2/decode,921.3,1042.01,1.0,99.995,7.6775,5.767,120.0,0.03554,7.651,0.0,0.0,919.0,928.3,130.25073266037123,0.0076775,8,1.387203051846714,
simd,BenchmarkALPMatrix,float,decimal6,120,0,regular,XOR2,encode,6,BenchmarkALPMatrix/float/decimal6/n=120/buckets=0/time=regular/XOR2/encode,1834.0,523.4449999999999,1.0,99.16499999999999,15.15,5.767,120.0,0.090635,15.065000000000001,2224.0,9.0,1822.0,1840.0,65.43075245365321,0.01515,8,1.387203051846714,
simd,BenchmarkALPMatrix,float,decimal6,32,0,no-st,ALP,decode,6,BenchmarkALPMatrix/float/decimal6/n=32/buckets=0/time=no-st/ALP/decode,140.7,1819.445,1.0,100.0,4.397,2.406,32.0,0.01121,4.3855,0.0,0.0,140.3,141.4,227.43425728500358,0.004397,8,3.3250207813798833,
simd,BenchmarkALPMatrix,float,decimal6,32,0,no-st,ALP,encode,6,BenchmarkALPMatrix/float/decimal6/n=32/buckets=0/time=no-st/ALP/encode,5876.5,43.565,1.0,99.62,182.85,2.406,32.0,0.8647,181.95,3848.0,7.0,5829.0,6065.0,5.445418191100145,0.18284999999999998,8,3.3250207813798833,
simd,BenchmarkALPMatrix,float,decimal6,32,0,no-st,XOR,decode,6,BenchmarkALPMatrix/float/decimal6/n=32/buckets=0/time=no-st/XOR/decode,298.5,857.59,1.0,100.0,9.328,6.062,32.0,0.022600000000000002,9.3065,0.0,0.0,297.8,304.5,107.20268006700168,0.009328,8,1.319696469811943,
simd,BenchmarkALPMatrix,float,decimal6,32,0,no-st,XOR,encode,6,BenchmarkALPMatrix/float/decimal6/n=32/buckets=0/time=no-st/XOR/encode,712.35,359.395,1.0,99.235,22.085,6.062,32.0,0.08473,22.01,800.0,7.0,709.2,714.2,44.921737909735384,0.022085,8,1.319696469811943,
simd,BenchmarkALPMatrix,float,decimal6,32,0,no-st,XOR2,decode,6,BenchmarkALPMatrix/float/decimal6/n=32/buckets=0/time=no-st/XOR2/decode,249.7,1025.355,1.0,100.0,7.803,6.125,32.0,0.020245,7.781,0.0,0.0,249.1,250.3,128.15378454144974,0.007803,8,1.3061224489795917,
simd,BenchmarkALPMatrix,float,decimal6,32,0,no-st,XOR2,encode,6,BenchmarkALPMatrix/float/decimal6/n=32/buckets=0/time=no-st/XOR2/encode,550.4000000000001,465.12,1.0,98.975,17.02,6.125,32.0,0.084275,16.94,816.0,7.0,548.8,554.9,58.13953488372092,0.01702,8,1.3061224489795917,
simd,BenchmarkALPMatrix,float,decimal6,32,0,regular,ALP,decode,6,BenchmarkALPMatrix/float/decimal6/n=32/buckets=0/time=regular/ALP/decode,144.25,1774.9299999999998,1.0,99.99,4.506,2.656,32.0,0.018355,4.4855,0.0,0.0,142.9,145.1,221.8370883882149,0.0045060000000000005,8,3.012048192771084,
simd,BenchmarkALPMatrix,float,decimal6,32,0,regular,ALP,encode,6,BenchmarkALPMatrix/float/decimal6/n=32/buckets=0/time=regular/ALP/encode,6012.0,42.58,1.0,99.59,187.14999999999998,2.656,32.0,1.7045,185.15,3848.0,7.0,5939.0,6252.0,5.322687957418497,0.18714999999999998,8,3.012048192771084,
simd,BenchmarkALPMatrix,float,decimal6,32,0,regular,XOR2,decode,6,BenchmarkALPMatrix/float/decimal6/n=32/buckets=0/time=regular/XOR2/decode,260.5,982.72,1.0,100.0,8.1425,6.219,32.0,0.041749999999999995,8.088999999999999,0.0,0.0,257.5,264.3,122.84069097888676,0.0081425,8,1.2863804470172053,
simd,BenchmarkALPMatrix,float,decimal6,32,0,regular,XOR2,encode,6,BenchmarkALPMatrix/float/decimal6/n=32/buckets=0/time=regular/XOR2/encode,579.05,442.125,1.0,98.96000000000001,17.91,6.219,32.0,0.15115,17.775,816.0,7.0,567.6,612.4,55.26293066229169,0.01791,8,1.2863804470172053,
simd,BenchmarkALPMatrix,float,noisy-decimal,1024,0,no-st,ALP,decode,6,BenchmarkALPMatrix/float/noisy-decimal/n=1024/buckets=0/time=no-st/ALP/decode,3302.0,2480.9,1.0,99.975,3.223,2.081,1024.0,0.04219,3.1805,0.0,0.0,3257.0,3337.0,310.1150817686251,0.0032229999999999997,8,3.8443056222969725,
simd,BenchmarkALPMatrix,float,noisy-decimal,1024,0,no-st,ALP,encode,6,BenchmarkALPMatrix/float/noisy-decimal/n=1024/buckets=0/time=no-st/ALP/encode,14275.0,573.87,1.0,99.385,13.86,2.081,1024.0,0.08587,13.75,14264.0,17.0,14110.0,14414.0,71.7338003502627,0.013859999999999999,8,3.8443056222969725,
simd,BenchmarkALPMatrix,float,noisy-decimal,1024,0,no-st,XOR,decode,6,BenchmarkALPMatrix/float/noisy-decimal/n=1024/buckets=0/time=no-st/XOR/decode,8429.0,971.8599999999999,1.0,100.0,8.231,7.014,1024.0,0.029249999999999998,8.2085,0.0,0.0,8421.0,8494.0,121.48534820263376,0.008231,8,1.140575990875392,
simd,BenchmarkALPMatrix,float,noisy-decimal,1024,0,no-st,XOR,encode,6,BenchmarkALPMatrix/float/noisy-decimal/n=1024/buckets=0/time=no-st/XOR/encode,21422.0,382.41499999999996,1.0,98.87,20.68,7.014,1024.0,0.15639999999999998,20.54,34592.0,16.0,21242.0,21806.0,47.80132573989357,0.02068,8,1.140575990875392,
simd,BenchmarkALPMatrix,float,noisy-decimal,1024,0,no-st,XOR2,decode,6,BenchmarkALPMatrix/float/noisy-decimal/n=1024/buckets=0/time=no-st/XOR2/decode,17210.5,475.99,1.0,100.0,16.805,9.647,1024.0,0.05862,16.755000000000003,0.0,0.0,17171.0,17250.0,59.498561924406616,0.016805,8,0.8292733492277392,
simd,BenchmarkALPMatrix,float,noisy-decimal,1024,0,no-st,XOR2,encode,6,BenchmarkALPMatrix/float/noisy-decimal/n=1024/buckets=0/time=no-st/XOR2/encode,20837.0,393.155,1.0,98.42500000000001,20.025,9.647,1024.0,0.1585,19.869999999999997,46896.0,17.0,20740.0,20855.0,49.14335077026443,0.020024999999999998,8,0.8292733492277392,
simd,BenchmarkALPMatrix,float,noisy-decimal,1024,0,regular,ALP,decode,6,BenchmarkALPMatrix/float/noisy-decimal/n=1024/buckets=0/time=regular/ALP/decode,3263.5,2510.145,1.0,100.0,3.1870000000000003,2.144,1024.0,0.01376,3.1745,0.0,0.0,3250.0,3289.0,313.7735559981615,0.003187,8,3.731343283582089,
simd,BenchmarkALPMatrix,float,noisy-decimal,1024,0,regular,ALP,encode,6,BenchmarkALPMatrix/float/noisy-decimal/n=1024/buckets=0/time=regular/ALP/encode,14533.5,563.66,1.0,99.35,14.105,2.144,1024.0,0.10205,13.985,14264.0,17.0,14425.0,14616.0,70.45790759280284,0.014105000000000001,8,3.731343283582089,
simd,BenchmarkALPMatrix,float,noisy-decimal,1024,0,regular,XOR2,decode,6,BenchmarkALPMatrix/float/noisy-decimal/n=1024/buckets=0/time=regular/XOR2/decode,13113.5,624.71,1.0,100.0,12.805,9.646,1024.0,0.041965,12.74,0.0,0.0,12934.0,13183.0,78.08746711404278,0.012805,8,0.8293593199253576,
simd,BenchmarkALPMatrix,float,noisy-decimal,1024,0,regular,XOR2,encode,6,BenchmarkALPMatrix/float/noisy-decimal/n=1024/buckets=0/time=regular/XOR2/encode,20926.0,391.475,1.0,98.4,20.105,9.646,1024.0,0.1712,19.94,46896.0,17.0,20801.0,20973.0,48.93434005543343,0.020105,8,0.8293593199253576,
simd,BenchmarkALPMatrix,float,noisy-decimal,120,0,no-st,ALP,decode,6,BenchmarkALPMatrix/float/noisy-decimal/n=120/buckets=0/time=no-st/ALP/decode,388.1,2473.54,1.0,100.0,3.2344999999999997,2.175,120.0,0.009383,3.225,0.0,0.0,387.2,391.9,309.1986601391394,0.0032344999999999995,8,3.6781609195402303,
simd,BenchmarkALPMatrix,float,noisy-decimal,120,0,no-st,ALP,encode,6,BenchmarkALPMatrix/float/noisy-decimal/n=120/buckets=0/time=no-st/ALP/encode,2392.0,401.32000000000005,1.0,98.74,19.685000000000002,2.175,120.0,0.15005000000000002,19.549999999999997,4552.0,7.0,2387.0,2405.0,50.16722408026756,0.019685,8,3.6781609195402303,
simd,BenchmarkALPMatrix,float,noisy-decimal,120,0,no-st,XOR,decode,6,BenchmarkALPMatrix/float/noisy-decimal/n=120/buckets=0/time=no-st/XOR/decode,1026.5,935.23,1.0,100.0,8.555499999999999,7.117,120.0,0.024059999999999998,8.5325,0.0,0.0,1024.0,1032.0,116.90209449585971,0.008555499999999999,8,1.1240691302515105,
simd,BenchmarkALPMatrix,float,noisy-decimal,120,0,no-st,XOR,encode,6,BenchmarkALPMatrix/float/noisy-decimal/n=120/buckets=0/time=no-st/XOR/encode,2423.5,396.16499999999996,1.0,99.41499999999999,20.075,7.117,120.0,0.2393,19.875,2208.0,9.0,2412.0,2468.0,49.51516401898081,0.020075,8,1.1240691302515105,
simd,BenchmarkALPMatrix,float,noisy-decimal,120,0,no-st,XOR2,decode,6,BenchmarkALPMatrix/float/noisy-decimal/n=120/buckets=0/time=no-st/XOR2/decode,901.15,1065.295,1.0,100.0,7.509499999999999,7.125,120.0,0.02298,7.487500000000001,0.0,0.0,897.3,910.6,133.16318038062477,0.007509499999999999,8,1.1228070175438596,
simd,BenchmarkALPMatrix,float,noisy-decimal,120,0,no-st,XOR2,encode,6,BenchmarkALPMatrix/float/noisy-decimal/n=120/buckets=0/time=no-st/XOR2/encode,1947.0,493.145,1.0,99.23,16.1,7.125,120.0,0.08817,15.995000000000001,2224.0,9.0,1939.0,1972.0,61.633281972265024,0.0161,8,1.1228070175438596,
simd,BenchmarkALPMatrix,float,noisy-decimal,120,0,regular,ALP,decode,6,BenchmarkALPMatrix/float/noisy-decimal/n=120/buckets=0/time=regular/ALP/decode,397.95000000000005,2412.5,1.0,100.0,3.316,2.242,120.0,0.009604000000000001,3.3064999999999998,0.0,0.0,396.9,399.2,301.5454202789295,0.003316,8,3.568242640499554,
simd,BenchmarkALPMatrix,float,noisy-decimal,120,0,regular,ALP,encode,6,BenchmarkALPMatrix/float/noisy-decimal/n=120/buckets=0/time=regular/ALP/encode,2432.5,394.625,1.0,98.755,20.02,2.242,120.0,0.1723,19.845,4552.0,7.0,2416.0,2468.0,49.33196300102775,0.02002,8,3.568242640499554,
simd,BenchmarkALPMatrix,float,noisy-decimal,120,0,regular,XOR2,decode,6,BenchmarkALPMatrix/float/noisy-decimal/n=120/buckets=0/time=regular/XOR2/decode,916.6500000000001,1047.2800000000002,1.0,100.0,7.6385000000000005,7.15,120.0,0.033174999999999996,7.612,0.0,0.0,915.1,928.0,130.91147111765667,0.0076385,8,1.1188811188811187,
simd,BenchmarkALPMatrix,float,noisy-decimal,120,0,regular,XOR2,encode,6,BenchmarkALPMatrix/float/noisy-decimal/n=120/buckets=0/time=regular/XOR2/encode,1959.5,489.98,1.0,99.22,16.205,7.15,120.0,0.097225,16.105,2224.0,9.0,1956.0,1971.0,61.24011227353917,0.016204999999999997,8,1.1188811188811187,
simd,BenchmarkALPMatrix,float,noisy-decimal,32,0,no-st,ALP,decode,6,BenchmarkALPMatrix/float/noisy-decimal/n=32/buckets=0/time=no-st/ALP/decode,149.64999999999998,1710.4450000000002,1.0,99.75,4.6655,3.406,32.0,0.056605,4.6035,0.0,0.0,145.6,152.8,213.8322753090545,0.0046654999999999995,8,2.3487962419260127,
simd,BenchmarkALPMatrix,float,noisy-decimal,32,0,no-st,ALP,encode,6,BenchmarkALPMatrix/float/noisy-decimal/n=32/buckets=0/time=no-st/ALP/encode,1713.5,149.415,1.0,98.42500000000001,52.715,3.406,32.0,0.6507499999999999,52.085,3848.0,7.0,1704.0,1806.0,18.675226145316604,0.052715000000000005,8,2.3487962419260127,
simd,BenchmarkALPMatrix,float,noisy-decimal,32,0,no-st,XOR,decode,6,BenchmarkALPMatrix/float/noisy-decimal/n=32/buckets=0/time=no-st/XOR/decode,294.65,868.86,1.0,100.0,9.2075,7.438,32.0,0.089315,9.118500000000001,0.0,0.0,291.3,301.1,108.60342779568981,0.0092075,8,1.0755579456843238,
simd,BenchmarkALPMatrix,float,noisy-decimal,32,0,no-st,XOR,encode,6,BenchmarkALPMatrix/float/noisy-decimal/n=32/buckets=0/time=no-st/XOR/encode,718.4,356.35,1.0,99.21000000000001,22.270000000000003,7.438,32.0,0.29835,21.975,800.0,7.0,702.5,728.0,44.543429844098,0.02227,8,1.0755579456843238,
simd,BenchmarkALPMatrix,float,noisy-decimal,32,0,no-st,XOR2,decode,6,BenchmarkALPMatrix/float/noisy-decimal/n=32/buckets=0/time=no-st/XOR2/decode,260.65,982.145,1.0,100.0,8.1435,7.469,32.0,0.037065,8.1065,0.0,0.0,259.6,262.5,122.7699980817188,0.0081435,8,1.0710938545990092,
simd,BenchmarkALPMatrix,float,noisy-decimal,32,0,no-st,XOR2,encode,6,BenchmarkALPMatrix/float/noisy-decimal/n=32/buckets=0/time=no-st/XOR2/encode,582.8,439.245,1.0,98.98,18.03,7.469,32.0,0.076955,17.950000000000003,816.0,7.0,571.7,593.1,54.90734385724091,0.01803,8,1.0710938545990092,
simd,BenchmarkALPMatrix,float,noisy-decimal,32,0,regular,ALP,decode,6,BenchmarkALPMatrix/float/noisy-decimal/n=32/buckets=0/time=regular/ALP/decode,139.95,1829.245,1.0,100.0,4.3735,3.656,32.0,0.016415,4.355499999999999,0.0,0.0,139.8,140.0,228.65309038942482,0.0043735,8,2.1881838074398248,
simd,BenchmarkALPMatrix,float,noisy-decimal,32,0,regular,ALP,encode,6,BenchmarkALPMatrix/float/noisy-decimal/n=32/buckets=0/time=regular/ALP/encode,1658.5,154.36,1.0,98.5,51.045,3.656,32.0,0.49105,50.55500000000001,3848.0,7.0,1645.0,1666.0,19.29454326198372,0.051045,8,2.1881838074398248,
simd,BenchmarkALPMatrix,float,noisy-decimal,32,0,regular,XOR2,decode,6,BenchmarkALPMatrix/float/noisy-decimal/n=32/buckets=0/time=regular/XOR2/decode,264.54999999999995,967.6700000000001,1.0,100.0,8.268,7.562,32.0,0.02858,8.239,0.0,0.0,264.0,265.2,120.96012096012097,0.008268000000000001,8,1.057921184871727,
simd,BenchmarkALPMatrix,float,noisy-decimal,32,0,regular,XOR2,encode,6,BenchmarkALPMatrix/float/noisy-decimal/n=32/buckets=0/time=regular/XOR2/encode,603.0999999999999,424.46000000000004,1.0,99.06,18.67,7.562,32.0,0.1041,18.57,816.0,7.0,601.0,611.2,53.05919416348865,0.018670000000000003,8,1.057921184871727,
simd,BenchmarkALPMatrix,float,outliers20,1024,0,no-st,ALP,decode,6,BenchmarkALPMatrix/float/outliers20/n=1024/buckets=0/time=no-st/ALP/decode,3316.5,2469.8900000000003,1.0,100.0,3.24,3.208,1024.0,0.01649,3.223,0.0,0.0,3307.0,3426.0,308.7592341323685,0.0032400000000000003,8,2.4937655860349124,
simd,BenchmarkALPMatrix,float,outliers20,1024,0,no-st,ALP,encode,6,BenchmarkALPMatrix/float/outliers20/n=1024/buckets=0/time=no-st/ALP/encode,57394.5,142.735,1.0,99.82499999999999,55.95,3.208,1024.0,0.26145,55.715,19512.0,18.0,57354.0,57711.0,17.84143079911838,0.05595,8,2.4937655860349124,
simd,BenchmarkALPMatrix,float,outliers20,1024,0,no-st,XOR,decode,6,BenchmarkALPMatrix/float/outliers20/n=1024/buckets=0/time=no-st/XOR/decode,9289.5,881.8399999999999,1.0,100.0,9.0725,7.383,1024.0,0.034575,9.0365,0.0,0.0,9283.0,9291.0,110.23198234565908,0.009072499999999999,8,1.083570364350535,
simd,BenchmarkALPMatrix,float,outliers20,1024,0,no-st,XOR,encode,6,BenchmarkALPMatrix/float/outliers20/n=1024/buckets=0/time=no-st/XOR/encode,16878.5,485.355,1.0,98.50999999999999,16.235,7.383,1024.0,0.108485,16.12,34592.0,16.0,16840.0,16919.0,60.668898302574284,0.016235,8,1.083570364350535,
simd,BenchmarkALPMatrix,float,outliers20,1024,0,no-st,XOR2,decode,6,BenchmarkALPMatrix/float/outliers20/n=1024/buckets=0/time=no-st/XOR2/decode,18565.5,441.25,1.0,100.0,18.13,10.02,1024.0,0.082045,18.03,0.0,0.0,18527.0,18681.0,55.15606905281302,0.01813,8,0.7984031936127745,
simd,BenchmarkALPMatrix,float,outliers20,1024,0,no-st,XOR2,encode,6,BenchmarkALPMatrix/float/outliers20/n=1024/buckets=0/time=no-st/XOR2/encode,21613.0,379.03,1.0,98.475,20.785,10.02,1024.0,0.1903,20.61,46896.0,17.0,21579.0,21713.0,47.37889233331791,0.020785,8,0.7984031936127745,
simd,BenchmarkALPMatrix,float,outliers20,1024,0,regular,ALP,decode,6,BenchmarkALPMatrix/float/outliers20/n=1024/buckets=0/time=regular/ALP/decode,3300.5,2482.24,1.0,100.0,3.223,3.271,1024.0,0.0084765,3.2145,0.0,0.0,3290.0,3314.0,310.25602181487653,0.0032229999999999997,8,2.4457352491592785,
simd,BenchmarkALPMatrix,float,outliers20,1024,0,regular,ALP,encode,6,BenchmarkALPMatrix/float/outliers20/n=1024/buckets=0/time=regular/ALP/encode,57166.0,143.3,1.0,99.83,55.730000000000004,3.271,1024.0,0.17809999999999998,55.56,19512.0,18.0,57080.0,57379.0,17.912745338138055,0.05573,8,2.4457352491592785,
simd,BenchmarkALPMatrix,float,outliers20,1024,0,regular,XOR2,decode,6,BenchmarkALPMatrix/float/outliers20/n=1024/buckets=0/time=regular/XOR2/decode,18511.5,442.525,1.0,99.995,18.08,10.02,1024.0,0.04822,18.025,0.0,0.0,18464.0,18630.0,55.31696512978419,0.01808,8,0.7984031936127745,
simd,BenchmarkALPMatrix,float,outliers20,1024,0,regular,XOR2,encode,6,BenchmarkALPMatrix/float/outliers20/n=1024/buckets=0/time=regular/XOR2/encode,21745.5,376.725,1.0,98.32,20.86,10.02,1024.0,0.15234999999999999,20.729999999999997,46896.0,17.0,21636.0,21760.0,47.0902025706468,0.02086,8,0.7984031936127745,
simd,BenchmarkALPMatrix,float,outliers20,120,0,no-st,ALP,decode,6,BenchmarkALPMatrix/float/outliers20/n=120/buckets=0/time=no-st/ALP/decode,565.2,1698.53,1.0,100.0,4.710000000000001,7.242,120.0,0.029085,4.6795,0.0,0.0,562.8,567.3,212.31422505307853,0.004710000000000001,8,1.1046672190002762,
simd,BenchmarkALPMatrix,float,outliers20,120,0,no-st,ALP,encode,6,BenchmarkALPMatrix/float/outliers20/n=120/buckets=0/time=no-st/ALP/encode,4633.5,207.17000000000002,1.0,99.36500000000001,38.370000000000005,7.242,120.0,0.23885,38.125,4552.0,7.0,4628.0,4648.0,25.89834898025251,0.03837,8,1.1046672190002762,
simd,BenchmarkALPMatrix,float,outliers20,120,0,no-st,XOR,decode,6,BenchmarkALPMatrix/float/outliers20/n=120/buckets=0/time=no-st/XOR/decode,1119.0,857.69,1.0,99.875,9.314,7.442,120.0,0.05950999999999999,9.2455,0.0,0.0,1108.0,1133.0,107.23860589812332,0.009314,8,1.0749798441279226,
simd,BenchmarkALPMatrix,float,outliers20,120,0,no-st,XOR,encode,6,BenchmarkALPMatrix/float/outliers20/n=120/buckets=0/time=no-st/XOR/encode,2054.5,467.33500000000004,1.0,99.22999999999999,16.985,7.442,120.0,0.15355000000000002,16.845,2208.0,9.0,2036.0,2088.0,58.40837186663422,0.016985,8,1.0749798441279226,
simd,BenchmarkALPMatrix,float,outliers20,120,0,no-st,XOR2,decode,6,BenchmarkALPMatrix/float/outliers20/n=120/buckets=0/time=no-st/XOR2/decode,951.95,1008.4649999999999,1.0,100.0,7.9335,7.45,120.0,0.050710000000000005,7.883,0.0,0.0,947.5,967.6,126.05704081096695,0.0079335,8,1.0738255033557047,
simd,BenchmarkALPMatrix,float,outliers20,120,0,no-st,XOR2,encode,6,BenchmarkALPMatrix/float/outliers20/n=120/buckets=0/time=no-st/XOR2/encode,1968.0,487.86,1.0,99.195,16.259999999999998,7.45,120.0,0.1403,16.125,2224.0,9.0,1958.0,1996.0,60.97560975609756,0.016259999999999997,8,1.0738255033557047,
simd,BenchmarkALPMatrix,float,outliers20,120,0,regular,ALP,decode,6,BenchmarkALPMatrix/float/outliers20/n=120/buckets=0/time=regular/ALP/decode,576.75,1664.53,1.0,99.66,4.7915,7.308,120.0,0.04856,4.7325,0.0,0.0,569.2,586.7,208.06241872561768,0.0047915,8,1.0946907498631637,
simd,BenchmarkALPMatrix,float,outliers20,120,0,regular,ALP,encode,6,BenchmarkALPMatrix/float/outliers20/n=120/buckets=0/time=regular/ALP/encode,4894.0,196.26,1.0,98.44,40.144999999999996,7.308,120.0,0.62625,39.545,4552.0,7.0,4663.0,5673.0,24.51982018798529,0.04014499999999999,8,1.0946907498631637,
simd,BenchmarkALPMatrix,float,outliers20,120,0,regular,XOR2,decode,6,BenchmarkALPMatrix/float/outliers20/n=120/buckets=0/time=regular/XOR2/decode,967.55,992.185,1.0,99.97,8.062000000000001,7.475,120.0,0.07553499999999999,7.9925,0.0,0.0,960.5,978.2,124.02459821197871,0.008062000000000001,8,1.0702341137123745,
simd,BenchmarkALPMatrix,float,outliers20,120,0,regular,XOR2,encode,6,BenchmarkALPMatrix/float/outliers20/n=120/buckets=0/time=regular/XOR2/encode,2119.5,452.835,1.0,98.8,17.465,7.475,120.0,0.2781,17.18,3632.0,10.0,2107.0,2139.0,56.617126680820945,0.017465,8,1.0702341137123745,
simd,BenchmarkALPMatrix,float,outliers20,32,0,no-st,ALP,decode,6,BenchmarkALPMatrix/float/outliers20/n=32/buckets=0/time=no-st/ALP/decode,149.2,1715.32,1.0,100.0,4.664,4.594,32.0,0.016035,4.6465,0.0,0.0,148.8,149.5,214.47721179624668,0.004664,8,1.7414018284719197,
simd,BenchmarkALPMatrix,float,outliers20,32,0,no-st,ALP,encode,6,BenchmarkALPMatrix/float/outliers20/n=32/buckets=0/time=no-st/ALP/encode,5873.0,43.59,1.0,99.61500000000001,182.8,4.594,32.0,0.8040499999999999,182.05,3848.0,7.0,5856.0,5900.0,5.448663374765878,0.18280000000000002,8,1.7414018284719197,
simd,BenchmarkALPMatrix,float,outliers20,32,0,no-st,XOR,decode,6,BenchmarkALPMatrix/float/outliers20/n=32/buckets=0/time=no-st/XOR/decode,289.1,885.54,1.0,100.0,9.034,7.625,32.0,0.027514999999999998,9.0045,0.0,0.0,288.2,289.8,110.68834313386371,0.009034,8,1.0491803278688525,
simd,BenchmarkALPMatrix,float,outliers20,32,0,no-st,XOR,encode,6,BenchmarkALPMatrix/float/outliers20/n=32/buckets=0/time=no-st/XOR/encode,664.05,385.52,1.0,99.14500000000001,20.57,7.625,32.0,0.11465,20.455,800.0,7.0,660.5,666.4,48.18914238385664,0.02057,8,1.0491803278688525,
simd,BenchmarkALPMatrix,float,outliers20,32,0,no-st,XOR2,decode,6,BenchmarkALPMatrix/float/outliers20/n=32/buckets=0/time=no-st/XOR2/decode,256.9,996.64,1.0,99.995,8.027,7.656,32.0,0.02697,7.999499999999999,0.0,0.0,256.6,257.2,124.56208641494746,0.008027,8,1.044932079414838,
simd,BenchmarkALPMatrix,float,outliers20,32,0,no-st,XOR2,encode,6,BenchmarkALPMatrix/float/outliers20/n=32/buckets=0/time=no-st/XOR2/encode,593.25,431.525,1.0,99.04,18.365000000000002,7.656,32.0,0.10189999999999999,18.265,816.0,7.0,592.1,596.7,53.9401601348504,0.018365000000000003,8,1.044932079414838,
simd,BenchmarkALPMatrix,float,outliers20,32,0,regular,ALP,decode,6,BenchmarkALPMatrix/float/outliers20/n=32/buckets=0/time=regular/ALP/decode,145.05,1765.02,1.0,100.0,4.533,4.844,32.0,0.016259999999999997,4.5155,0.0,0.0,143.8,146.3,220.61358152361254,0.004533000000000001,8,1.6515276630883566,
simd,BenchmarkALPMatrix,float,outliers20,32,0,regular,ALP,encode,6,BenchmarkALPMatrix/float/outliers20/n=32/buckets=0/time=regular/ALP/encode,5893.0,43.44,1.0,99.55,183.4,4.844,32.0,0.9978,182.3,3848.0,7.0,5875.0,6446.0,5.43017138978449,0.1834,8,1.6515276630883566,
simd,BenchmarkALPMatrix,float,outliers20,32,0,regular,XOR2,decode,6,BenchmarkALPMatrix/float/outliers20/n=32/buckets=0/time=regular/XOR2/decode,257.0,996.0899999999999,1.0,100.0,8.031500000000001,7.75,32.0,0.02625,8.008,0.0,0.0,255.3,259.4,124.5136186770428,0.0080315,8,1.032258064516129,
simd,BenchmarkALPMatrix,float,outliers20,32,0,regular,XOR2,encode,6,BenchmarkALPMatrix/float/outliers20/n=32/buckets=0/time=regular/XOR2/encode,605.9,422.485,1.0,99.11,18.77,7.75,32.0,0.15675,18.615000000000002,816.0,7.0,604.8,607.3,52.81399570886285,0.01877,8,1.032258064516129,
simd,BenchmarkALPMatrix,float,random-bits,1024,0,no-st,ALP,decode,6,BenchmarkALPMatrix/float/random-bits/n=1024/buckets=0/time=no-st/ALP/decode,2570.5,3187.135,1.0,100.0,2.5105,8.229,1024.0,0.009616,2.501,0.0,0.0,2564.0,2654.0,398.36607663878624,0.0025105,8,0.9721715882853325,
simd,BenchmarkALPMatrix,float,random-bits,1024,0,no-st,ALP,encode,6,BenchmarkALPMatrix/float/random-bits/n=1024/buckets=0/time=no-st/ALP/encode,63227.5,129.565,1.0,99.54,61.455,8.229,1024.0,0.3137,61.15,47288.0,21.0,62918.0,63454.0,16.195484559724804,0.061454999999999996,8,0.9721715882853325,
simd,BenchmarkALPMatrix,float,random-bits,1024,0,no-st,XOR,decode,6,BenchmarkALPMatrix/float/random-bits/n=1024/buckets=0/time=no-st/XOR/decode,9294.5,881.405,1.0,99.995,9.0765,8.388,1024.0,0.029705000000000002,9.049,0.0,0.0,9277.0,9318.0,110.17268276937975,0.0090765,8,0.9537434430138293,
simd,BenchmarkALPMatrix,float,random-bits,1024,0,no-st,XOR,encode,6,BenchmarkALPMatrix/float/random-bits/n=1024/buckets=0/time=no-st/XOR/encode,18351.5,446.4,1.0,98.59,17.665,8.388,1024.0,0.137,17.534999999999997,34592.0,16.0,18278.0,18435.0,55.79925346701904,0.017665,8,0.9537434430138293,
simd,BenchmarkALPMatrix,float,random-bits,1024,0,no-st,XOR2,decode,6,BenchmarkALPMatrix/float/random-bits/n=1024/buckets=0/time=no-st/XOR2/decode,19753.5,414.70500000000004,1.0,100.0,19.29,11.02,1024.0,0.080715,19.21,0.0,0.0,19719.0,19784.0,51.838914622725085,0.019289999999999998,8,0.7259528130671506,
simd,BenchmarkALPMatrix,float,random-bits,1024,0,no-st,XOR2,encode,6,BenchmarkALPMatrix/float/random-bits/n=1024/buckets=0/time=no-st/XOR2/encode,23191.5,353.235,1.0,98.535,22.325000000000003,11.02,1024.0,0.19055,22.130000000000003,46896.0,17.0,23139.0,23310.0,44.15410818618891,0.022325000000000005,8,0.7259528130671506,
simd,BenchmarkALPMatrix,float,random-bits,1024,0,regular,ALP,decode,6,BenchmarkALPMatrix/float/random-bits/n=1024/buckets=0/time=regular/ALP/decode,2542.5,3222.5150000000003,1.0,100.0,2.4825,8.292,1024.0,0.01085,2.472,0.0,0.0,2539.0,2554.0,402.75319567354967,0.0024825,8,0.964785335262904,
simd,BenchmarkALPMatrix,float,random-bits,1024,0,regular,ALP,encode,6,BenchmarkALPMatrix/float/random-bits/n=1024/buckets=0/time=regular/ALP/encode,61563.5,133.065,1.0,99.52,59.84,8.292,1024.0,0.33715,59.504999999999995,47288.0,21.0,61171.0,62202.0,16.633232353586134,0.059840000000000004,8,0.964785335262904,
simd,BenchmarkALPMatrix,float,random-bits,1024,0,regular,XOR2,decode,6,BenchmarkALPMatrix/float/random-bits/n=1024/buckets=0/time=regular/XOR2/decode,19506.0,419.975,1.0,100.0,19.05,11.02,1024.0,0.06456,18.985,0.0,0.0,19460.0,19535.0,52.49666769199221,0.01905,8,0.7259528130671506,
simd,BenchmarkALPMatrix,float,random-bits,1024,0,regular,XOR2,encode,6,BenchmarkALPMatrix/float/random-bits/n=1024/buckets=0/time=regular/XOR2/encode,23218.5,352.82,1.0,98.525,22.335,11.02,1024.0,0.17575000000000002,22.17,46896.0,17.0,23172.0,23276.0,44.10276288304585,0.022335,8,0.7259528130671506,
simd,BenchmarkALPMatrix,float,random-bits,120,0,no-st,ALP,decode,6,BenchmarkALPMatrix/float/random-bits/n=120/buckets=0/time=no-st/ALP/decode,307.2,3125.065,1.0,100.0,2.56,8.267,120.0,0.008150000000000001,2.551,0.0,0.0,305.7,307.8,390.625,0.00256,8,0.9677029152050322,
simd,BenchmarkALPMatrix,float,random-bits,120,0,no-st,ALP,decode-cold,6,BenchmarkALPMatrix/float/random-bits/n=120/buckets=0/time=no-st/ALP/decode-cold,417.85,2297.4399999999996,1.0,97.84,3.4059999999999997,8.267,120.0,0.03363,3.374,1296.0,3.0,415.9,418.4,287.1843963144669,0.0034059999999999997,8,0.9677029152050322,
simd,BenchmarkALPMatrix,float,random-bits,120,0,no-st,ALP,encode,6,BenchmarkALPMatrix/float/random-bits/n=120/buckets=0/time=no-st/ALP/encode,7246.0,132.485,1.0,99.625,60.16,8.267,120.0,0.22785,59.945,4552.0,7.0,7231.0,7267.0,16.56086116478057,0.06016,8,0.9677029152050322,
simd,BenchmarkALPMatrix,float,random-bits,120,0,no-st,XOR,decode,6,BenchmarkALPMatrix/float/random-bits/n=120/buckets=0/time=no-st/XOR/decode,1112.0,863.0350000000001,1.0,100.0,9.2685,8.483,120.0,0.02597,9.246,0.0,0.0,1110.0,1119.0,107.9136690647482,0.009268499999999999,8,0.9430625957797948,
simd,BenchmarkALPMatrix,float,random-bits,120,0,no-st,XOR,decode-cold,6,BenchmarkALPMatrix/float/random-bits/n=120/buckets=0/time=no-st/XOR/decode-cold,1143.5,839.5450000000001,1.0,99.95,9.524000000000001,8.483,120.0,0.03758,9.489,128.0,2.0,1141.0,1147.0,104.940970703979,0.009524000000000001,8,0.9430625957797948,
simd,BenchmarkALPMatrix,float,random-bits,120,0,no-st,XOR,encode,6,BenchmarkALPMatrix/float/random-bits/n=120/buckets=0/time=no-st/XOR/encode,2276.0,421.81,1.0,98.66499999999999,18.735,8.483,120.0,0.1151,18.62,3616.0,10.0,2271.0,2291.0,52.72407732864675,0.018734999999999998,8,0.9430625957797948,
simd,BenchmarkALPMatrix,float,random-bits,120,0,no-st,XOR2,decode,6,BenchmarkALPMatrix/float/random-bits/n=120/buckets=0/time=no-st/XOR2/decode,938.45,1022.9449999999999,1.0,99.995,7.82,8.492,120.0,0.02176,7.795999999999999,0.0,0.0,937.3,939.2,127.87042463636847,0.00782,8,0.9420631182289212,
simd,BenchmarkALPMatrix,float,random-bits,120,0,no-st,XOR2,decode-cold,6,BenchmarkALPMatrix/float/random-bits/n=120/buckets=0/time=no-st/XOR2/decode-cold,975.15,984.435,1.0,99.92500000000001,8.119,8.492,120.0,0.028175,8.0885,144.0,2.0,972.3,978.5,123.05799107829564,0.008119,8,0.9420631182289212,
simd,BenchmarkALPMatrix,float,random-bits,120,0,no-st,XOR2,encode,6,BenchmarkALPMatrix/float/random-bits/n=120/buckets=0/time=no-st/XOR2/encode,2254.5,425.88,1.0,98.75,18.535,8.492,120.0,0.1173,18.41,3632.0,10.0,2246.0,2258.0,53.22687957418496,0.018535,8,0.9420631182289212,
simd,BenchmarkALPMatrix,float,random-bits,120,0,regular,ALP,decode,6,BenchmarkALPMatrix/float/random-bits/n=120/buckets=0/time=regular/ALP/decode,303.15,3166.4049999999997,1.0,99.995,2.5265,8.333,120.0,0.006066,2.5205,0.0,0.0,303.0,303.4,395.8436417615042,0.0025265,8,0.9600384015360615,
simd,BenchmarkALPMatrix,float,random-bits,120,0,regular,ALP,decode-cold,6,BenchmarkALPMatrix/float/random-bits/n=120/buckets=0/time=regular/ALP/decode-cold,409.54999999999995,2344.09,1.0,97.805,3.3355,8.333,120.0,0.030625,3.306,1296.0,3.0,408.1,410.9,293.0045171529728,0.0033355,8,0.9600384015360615,
simd,BenchmarkALPMatrix,float,random-bits,120,0,regular,ALP,encode,6,BenchmarkALPMatrix/float/random-bits/n=120/buckets=0/time=regular/ALP/encode,7061.5,135.95,1.0,99.62,58.615,8.333,120.0,0.22060000000000002,58.365,4552.0,7.0,7001.0,7102.0,16.993556609785458,0.058615,8,0.9600384015360615,
simd,BenchmarkALPMatrix,float,random-bits,120,0,regular,XOR2,decode,6,BenchmarkALPMatrix/float/random-bits/n=120/buckets=0/time=regular/XOR2/decode,946.2,1014.585,1.0,99.99,7.8845,8.517,120.0,0.017134999999999997,7.8715,0.0,0.0,945.7,947.7,126.82308180088775,0.007884500000000001,8,0.9392978748385582,
simd,BenchmarkALPMatrix,float,random-bits,120,0,regular,XOR2,decode-cold,6,BenchmarkALPMatrix/float/random-bits/n=120/buckets=0/time=regular/XOR2/decode-cold,981.2,978.4200000000001,1.0,99.95,8.1725,8.517,120.0,0.026615,8.145,144.0,2.0,978.6,983.5,122.29922543823889,0.0081725,8,0.9392978748385582,
simd,BenchmarkALPMatrix,float,random-bits,120,0,regular,XOR2,encode,6,BenchmarkALPMatrix/float/random-bits/n=120/buckets=0/time=regular/XOR2/encode,2246.0,427.42999999999995,1.0,98.84,18.490000000000002,8.517,120.0,0.10255,18.39,3632.0,10.0,2228.0,2253.0,53.42831700801425,0.018490000000000003,8,0.9392978748385582,
simd,BenchmarkALPMatrix,float,random-bits,32,0,no-st,ALP,decode,6,BenchmarkALPMatrix/float/random-bits/n=32/buckets=0/time=no-st/ALP/decode,92.42,2769.89,1.0,100.0,2.8884999999999996,9.0,32.0,0.010125,2.8785,0.0,0.0,92.28,93.41,346.24540142826226,0.0028884999999999996,8,0.8888888888888888,
simd,BenchmarkALPMatrix,float,random-bits,32,0,no-st,ALP,encode,6,BenchmarkALPMatrix/float/random-bits/n=32/buckets=0/time=no-st/ALP/encode,3088.0,82.91499999999999,1.0,99.195,95.64,9.0,32.0,0.5965499999999999,95.05000000000001,3848.0,7.0,3082.0,3112.0,10.362694300518134,0.09564,8,0.8888888888888888,
simd,BenchmarkALPMatrix,float,random-bits,32,0,no-st,XOR,decode,6,BenchmarkALPMatrix/float/random-bits/n=32/buckets=0/time=no-st/XOR/decode,313.45,816.76,1.0,100.0,9.7945,8.781,32.0,0.026709999999999998,9.768,0.0,0.0,312.5,314.4,102.08964747168608,0.0097945,8,0.9110579660630908,
simd,BenchmarkALPMatrix,float,random-bits,32,0,no-st,XOR,encode,6,BenchmarkALPMatrix/float/random-bits/n=32/buckets=0/time=no-st/XOR/encode,715.55,357.765,1.0,98.675,22.085,8.781,32.0,0.1358,21.945,1312.0,8.0,714.5,718.0,44.7208441059325,0.022085,8,0.9110579660630908,
simd,BenchmarkALPMatrix,float,random-bits,32,0,no-st,XOR2,decode,6,BenchmarkALPMatrix/float/random-bits/n=32/buckets=0/time=no-st/XOR2/decode,260.1,984.2950000000001,1.0,100.0,8.129000000000001,8.812,32.0,0.028470000000000002,8.1,0.0,0.0,259.4,260.8,123.02960399846212,0.008129,8,0.9078529278256923,
simd,BenchmarkALPMatrix,float,random-bits,32,0,no-st,XOR2,encode,6,BenchmarkALPMatrix/float/random-bits/n=32/buckets=0/time=no-st/XOR2/encode,698.5,366.505,1.0,98.715,21.545,8.812,32.0,0.14915,21.405,1328.0,8.0,697.3,701.4,45.81245526127416,0.021545,8,0.9078529278256923,
simd,BenchmarkALPMatrix,float,random-bits,32,0,regular,ALP,decode,6,BenchmarkALPMatrix/float/random-bits/n=32/buckets=0/time=regular/ALP/decode,130.64999999999998,1959.915,1.0,100.0,4.0825,9.25,32.0,0.01137,4.0705,0.0,0.0,115.9,138.0,244.92920015308079,0.004082499999999999,8,0.8648648648648649,
simd,BenchmarkALPMatrix,float,random-bits,32,0,regular,ALP,encode,6,BenchmarkALPMatrix/float/random-bits/n=32/buckets=0/time=regular/ALP/encode,3084.5,83.005,1.0,99.19,95.61500000000001,9.25,32.0,0.5419,95.0,3848.0,7.0,3058.0,3089.0,10.37445290970984,0.095615,8,0.8648648648648649,
simd,BenchmarkALPMatrix,float,random-bits,32,0,regular,XOR2,decode,6,BenchmarkALPMatrix/float/random-bits/n=32/buckets=0/time=regular/XOR2/decode,298.45000000000005,857.655,1.0,100.0,9.328,8.906,32.0,0.02456,9.3025,0.0,0.0,267.5,302.9,107.22063997319482,0.009328,8,0.8982708286548394,
simd,BenchmarkALPMatrix,float,random-bits,32,0,regular,XOR2,encode,6,BenchmarkALPMatrix/float/random-bits/n=32/buckets=0/time=regular/XOR2/encode,695.1,368.28499999999997,1.0,98.67500000000001,21.435000000000002,8.906,32.0,0.12225,21.314999999999998,1328.0,8.0,693.9,705.3,46.036541504819446,0.021435000000000003,8,0.8982708286548394,
simd,BenchmarkALPMatrix,float,random-finite,1024,0,no-st,ALP,decode,6,BenchmarkALPMatrix/float/random-finite/n=1024/buckets=0/time=no-st/ALP/decode,4610.0,1776.955,1.0,100.0,4.502,7.401,1024.0,0.011635,4.4895,0.0,0.0,4594.0,4615.0,222.12581344902387,0.004502,8,1.080935008782597,
simd,BenchmarkALPMatrix,float,random-finite,1024,0,no-st,ALP,encode,6,BenchmarkALPMatrix/float/random-finite/n=1024/buckets=0/time=no-st/ALP/encode,49115.5,166.79500000000002,1.0,99.375,47.665,7.401,1024.0,0.22365000000000002,47.445,46008.0,21.0,48713.0,49519.0,20.848815547026906,0.047665,8,1.080935008782597,
simd,BenchmarkALPMatrix,float,random-finite,1024,0,no-st,XOR,decode,6,BenchmarkALPMatrix/float/random-finite/n=1024/buckets=0/time=no-st/XOR/decode,9288.0,881.98,1.0,100.0,9.0715,8.386,1024.0,0.0278,9.0435,0.0,0.0,9246.0,9573.0,110.24978466838932,0.0090715,8,0.9539709038874316,
simd,BenchmarkALPMatrix,float,random-finite,1024,0,no-st,XOR,encode,6,BenchmarkALPMatrix/float/random-finite/n=1024/buckets=0/time=no-st/XOR/encode,18271.5,448.355,1.0,98.71000000000001,17.615000000000002,8.386,1024.0,0.14765,17.465,34592.0,16.0,18230.0,18333.0,56.04356511506992,0.017615000000000002,8,0.9539709038874316,
simd,BenchmarkALPMatrix,float,random-finite,1024,0,no-st,XOR2,decode,6,BenchmarkALPMatrix/float/random-finite/n=1024/buckets=0/time=no-st/XOR2/decode,19689.5,416.055,1.0,99.995,19.23,11.02,1024.0,0.06118,19.155,0.0,0.0,19627.0,19710.0,52.00741511973387,0.01923,8,0.7259528130671506,
simd,BenchmarkALPMatrix,float,random-finite,1024,0,no-st,XOR2,encode,6,BenchmarkALPMatrix/float/random-finite/n=1024/buckets=0/time=no-st/XOR2/encode,23316.5,351.34000000000003,1.0,98.515,22.44,11.02,1024.0,0.19145,22.25,46896.0,17.0,23133.0,23698.0,43.91739755109043,0.02244,8,0.7259528130671506,
simd,BenchmarkALPMatrix,float,random-finite,1024,0,regular,ALP,decode,6,BenchmarkALPMatrix/float/random-finite/n=1024/buckets=0/time=regular/ALP/decode,4522.0,1811.4450000000002,1.0,100.0,4.4165,7.464,1024.0,0.01069,4.406000000000001,0.0,0.0,4520.0,4531.0,226.4484741264927,0.0044165,8,1.0718113612004287,
simd,BenchmarkALPMatrix,float,random-finite,1024,0,regular,ALP,encode,6,BenchmarkALPMatrix/float/random-finite/n=1024/buckets=0/time=regular/ALP/encode,47370.0,172.94,1.0,99.35499999999999,45.955,7.464,1024.0,0.22755,45.69,46008.0,21.0,47194.0,47688.0,21.617057209204138,0.045954999999999996,8,1.0718113612004287,
simd,BenchmarkALPMatrix,float,random-finite,1024,0,regular,XOR2,decode,6,BenchmarkALPMatrix/float/random-finite/n=1024/buckets=0/time=regular/XOR2/decode,19115.5,428.555,1.0,100.0,18.665,11.02,1024.0,0.04196999999999999,18.625,0.0,0.0,19088.0,19138.0,53.569093144306976,0.018664999999999998,8,0.7259528130671506,
simd,BenchmarkALPMatrix,float,random-finite,1024,0,regular,XOR2,encode,6,BenchmarkALPMatrix/float/random-finite/n=1024/buckets=0/time=regular/XOR2/encode,22765.5,359.845,1.0,98.54,21.93,11.02,1024.0,0.13035,21.78,46896.0,17.0,22544.0,22818.0,44.98034306296809,0.021929999999999998,8,0.7259528130671506,
simd,BenchmarkALPMatrix,float,random-finite,120,0,no-st,ALP,decode,6,BenchmarkALPMatrix/float/random-finite/n=120/buckets=0/time=no-st/ALP/decode,548.4,1750.4450000000002,1.0,100.0,4.5705,7.475,120.0,0.01937,4.5485,0.0,0.0,546.7,555.0,218.81838074398252,0.0045705,8,1.0702341137123745,
simd,BenchmarkALPMatrix,float,random-finite,120,0,no-st,ALP,encode,6,BenchmarkALPMatrix/float/random-finite/n=120/buckets=0/time=no-st/ALP/encode,5594.5,171.57999999999998,1.0,99.5,46.39,7.475,120.0,0.26649999999999996,46.15,4552.0,7.0,5575.0,5698.0,21.44963803735812,0.04639,8,1.0702341137123745,
simd,BenchmarkALPMatrix,float,random-finite,120,0,no-st,XOR,decode,6,BenchmarkALPMatrix/float/random-finite/n=120/buckets=0/time=no-st/XOR/decode,1095.5,876.405,1.0,100.0,9.1285,8.467,120.0,0.03405,9.0945,0.0,0.0,1092.0,1098.0,109.53902327704245,0.009128500000000001,8,0.9448446911538915,
simd,BenchmarkALPMatrix,float,random-finite,120,0,no-st,XOR,encode,6,BenchmarkALPMatrix/float/random-finite/n=120/buckets=0/time=no-st/XOR/encode,2234.5,429.61,1.0,98.83500000000001,18.395,8.467,120.0,0.13240000000000002,18.28,3616.0,10.0,2224.0,2243.0,53.70328932647125,0.018394999999999998,8,0.9448446911538915,
simd,BenchmarkALPMatrix,float,random-finite,120,0,no-st,XOR2,decode,6,BenchmarkALPMatrix/float/random-finite/n=120/buckets=0/time=no-st/XOR2/decode,940.8,1020.38,1.0,100.0,7.8395,8.475,120.0,0.15000000000000002,7.689500000000001,0.0,0.0,931.3,944.5,127.55102040816327,0.007839500000000001,8,0.943952802359882,
simd,BenchmarkALPMatrix,float,random-finite,120,0,no-st,XOR2,encode,6,BenchmarkALPMatrix/float/random-finite/n=120/buckets=0/time=no-st/XOR2/encode,2219.0,432.63,1.0,98.805,18.259999999999998,8.475,120.0,0.14085,18.12,3632.0,10.0,2207.0,2227.0,54.078413699864804,0.01826,8,0.943952802359882,
simd,BenchmarkALPMatrix,float,random-finite,120,0,regular,ALP,decode,6,BenchmarkALPMatrix/float/random-finite/n=120/buckets=0/time=regular/ALP/decode,537.9000000000001,1784.655,1.0,100.0,4.4830000000000005,7.542,120.0,0.02361,4.4585,0.0,0.0,535.0,544.2,223.08979364194084,0.004483000000000001,8,1.0607265977194378,
simd,BenchmarkALPMatrix,float,random-finite,120,0,regular,ALP,encode,6,BenchmarkALPMatrix/float/random-finite/n=120/buckets=0/time=regular/ALP/encode,5505.5,174.37,1.0,99.455,45.625,7.542,120.0,0.24655,45.375,4552.0,7.0,5478.0,5520.0,21.79638543274907,0.045625,8,1.0607265977194378,
simd,BenchmarkALPMatrix,float,random-finite,120,0,regular,XOR2,decode,6,BenchmarkALPMatrix/float/random-finite/n=120/buckets=0/time=regular/XOR2/decode,932.6,1029.365,1.0,100.0,7.7725,8.5,120.0,0.02283,7.7495,0.0,0.0,927.5,949.5,128.67252841518336,0.0077725,8,0.9411764705882353,
simd,BenchmarkALPMatrix,float,random-finite,120,0,regular,XOR2,encode,6,BenchmarkALPMatrix/float/random-finite/n=120/buckets=0/time=regular/XOR2/encode,2184.0,439.645,1.0,98.795,17.965,8.5,120.0,0.14415,17.845,3632.0,10.0,2173.0,2192.0,54.94505494505494,0.017965,8,0.9411764705882353,
simd,BenchmarkALPMatrix,float,random-finite,32,0,no-st,ALP,decode,6,BenchmarkALPMatrix/float/random-finite/n=32/buckets=0/time=no-st/ALP/decode,198.2,1291.795,1.0,100.0,6.193,8.781,32.0,0.02795,6.164,0.0,0.0,197.5,199.2,161.45307769929366,0.006193,8,0.9110579660630908,
simd,BenchmarkALPMatrix,float,random-finite,32,0,no-st,ALP,encode,6,BenchmarkALPMatrix/float/random-finite/n=32/buckets=0/time=no-st/ALP/encode,3126.0,81.89,1.0,99.185,96.9,8.781,32.0,1.0819,95.825,3848.0,7.0,3090.0,3195.0,10.236724248240563,0.0969,8,0.9110579660630908,
simd,BenchmarkALPMatrix,float,random-finite,32,0,no-st,XOR,decode,6,BenchmarkALPMatrix/float/random-finite/n=32/buckets=0/time=no-st/XOR/decode,299.29999999999995,855.285,1.0,100.0,9.354,8.719,32.0,0.04294,9.308499999999999,0.0,0.0,299.0,302.8,106.91613765452725,0.009354,8,0.9175364147264595,
simd,BenchmarkALPMatrix,float,random-finite,32,0,no-st,XOR,encode,6,BenchmarkALPMatrix/float/random-finite/n=32/buckets=0/time=no-st/XOR/encode,686.5,372.91999999999996,1.0,98.695,21.175,8.719,32.0,0.15875,21.0,1312.0,8.0,675.8,692.8,46.613255644573925,0.021175,8,0.9175364147264595,
simd,BenchmarkALPMatrix,float,random-finite,32,0,no-st,XOR2,decode,6,BenchmarkALPMatrix/float/random-finite/n=32/buckets=0/time=no-st/XOR2/decode,256.2,999.0799999999999,1.0,100.0,8.0075,8.75,32.0,0.13495000000000001,7.8675,0.0,0.0,252.3,258.5,124.90241998438721,0.0080075,8,0.9142857142857143,
simd,BenchmarkALPMatrix,float,random-finite,32,0,no-st,XOR2,encode,6,BenchmarkALPMatrix/float/random-finite/n=32/buckets=0/time=no-st/XOR2/encode,684.75,373.86,1.0,98.655,21.11,8.75,32.0,0.17754999999999999,20.924999999999997,1328.0,8.0,678.6,687.3,46.732384081781674,0.02111,8,0.9142857142857143,
simd,BenchmarkALPMatrix,float,random-finite,32,0,regular,ALP,decode,6,BenchmarkALPMatrix/float/random-finite/n=32/buckets=0/time=regular/ALP/decode,208.2,1229.375,1.0,100.05,6.5105,9.031,32.0,0.01586,6.495,0.0,0.0,207.5,209.9,153.6983669548511,0.006510500000000001,8,0.8858376702469272,
simd,BenchmarkALPMatrix,float,random-finite,32,0,regular,ALP,encode,6,BenchmarkALPMatrix/float/random-finite/n=32/buckets=0/time=regular/ALP/encode,3424.5,74.765,1.0,99.07499999999999,106.05,9.031,32.0,0.64335,105.4,3848.0,7.0,3396.0,3463.0,9.344429843772813,0.10604999999999999,8,0.8858376702469272,
simd,BenchmarkALPMatrix,float,random-finite,32,0,regular,XOR2,decode,6,BenchmarkALPMatrix/float/random-finite/n=32/buckets=0/time=regular/XOR2/decode,283.54999999999995,902.81,1.0,100.0,8.864,8.844,32.0,0.032235,8.836,0.0,0.0,282.7,286.1,112.85487568330102,0.008864,8,0.9045680687471733,
simd,BenchmarkALPMatrix,float,random-finite,32,0,regular,XOR2,encode,6,BenchmarkALPMatrix/float/random-finite/n=32/buckets=0/time=regular/XOR2/encode,751.05,340.855,1.0,98.435,23.085,8.844,32.0,0.16144999999999998,22.94,1328.0,8.0,743.5,776.8,42.60701684308635,0.023085,8,0.9045680687471733,
simd,BenchmarkALPMatrix,float,stale5,1024,0,no-st,ALP,decode,6,BenchmarkALPMatrix/float/stale5/n=1024/buckets=0/time=no-st/ALP/decode,3242.5,2526.45,1.0,100.0,3.167,1.714,1024.0,0.013170000000000001,3.1545,0.0,0.0,3210.0,3406.0,315.8057054741712,0.0031669999999999997,8,4.667444574095683,
simd,BenchmarkALPMatrix,float,stale5,1024,0,no-st,ALP,encode,6,BenchmarkALPMatrix/float/stale5/n=1024/buckets=0/time=no-st/ALP/encode,18540.0,441.855,1.0,99.67500000000001,18.045,1.714,1024.0,0.11224999999999999,17.935000000000002,10936.0,16.0,18454.0,18597.0,55.2319309600863,0.018045000000000002,8,4.667444574095683,
simd,BenchmarkALPMatrix,float,stale5,1024,0,no-st,XOR,decode,6,BenchmarkALPMatrix/float/stale5/n=1024/buckets=0/time=no-st/XOR/decode,8993.5,910.92,1.0,100.0,8.782499999999999,8.075,1024.0,0.041190000000000004,8.743500000000001,0.0,0.0,8978.0,9006.0,113.86001000722744,0.008782499999999999,8,0.9907120743034057,
simd,BenchmarkALPMatrix,float,stale5,1024,0,no-st,XOR,encode,6,BenchmarkALPMatrix/float/stale5/n=1024/buckets=0/time=no-st/XOR/encode,22702.0,360.855,1.0,98.89,21.93,8.075,1024.0,0.28845,21.64,34592.0,16.0,22532.0,22726.0,45.1061580477491,0.021929999999999998,8,0.9907120743034057,
simd,BenchmarkALPMatrix,float,stale5,1024,0,no-st,XOR2,decode,6,BenchmarkALPMatrix/float/stale5/n=1024/buckets=0/time=no-st/XOR2/decode,18875.5,434.0,1.0,100.0,18.435000000000002,8.07,1024.0,0.08199000000000001,18.35,0.0,0.0,18842.0,18903.0,54.25021853725729,0.018435000000000003,8,0.9913258983890954,
simd,BenchmarkALPMatrix,float,stale5,1024,0,no-st,XOR2,encode,6,BenchmarkALPMatrix/float/stale5/n=1024/buckets=0/time=no-st/XOR2/encode,19921.5,411.21500000000003,1.0,98.72999999999999,19.21,8.07,1024.0,0.16570000000000001,19.035,34608.0,16.0,19821.0,20056.0,51.40175187611375,0.01921,8,0.9913258983890954,
simd,BenchmarkALPMatrix,float,stale5,1024,0,regular,ALP,decode,6,BenchmarkALPMatrix/float/stale5/n=1024/buckets=0/time=regular/ALP/decode,3251.5,2519.255,1.0,100.0,3.1755,1.776,1024.0,0.009521499999999999,3.1665,0.0,0.0,3229.0,3257.0,314.9315700445948,0.0031755,8,4.504504504504505,
simd,BenchmarkALPMatrix,float,stale5,1024,0,regular,ALP,encode,6,BenchmarkALPMatrix/float/stale5/n=1024/buckets=0/time=regular/ALP/encode,18571.5,441.105,1.0,99.65,18.07,1.776,1024.0,0.083265,17.994999999999997,10936.0,16.0,18496.0,18640.0,55.138249468271276,0.01807,8,4.504504504504505,
simd,BenchmarkALPMatrix,float,stale5,1024,0,regular,XOR2,decode,6,BenchmarkALPMatrix/float/stale5/n=1024/buckets=0/time=regular/XOR2/decode,19119.5,428.47,1.0,99.995,18.675,8.069,1024.0,0.06781999999999999,18.605,0.0,0.0,19089.0,19223.0,53.557885927979285,0.018675,8,0.991448754492502,
simd,BenchmarkALPMatrix,float,stale5,1024,0,regular,XOR2,encode,6,BenchmarkALPMatrix/float/stale5/n=1024/buckets=0/time=regular/XOR2/encode,19995.0,409.7,1.0,98.64500000000001,19.259999999999998,8.069,1024.0,0.1345,19.130000000000003,34608.0,16.0,19905.0,20022.0,51.2128032008002,0.01926,8,0.991448754492502,
simd,BenchmarkALPMatrix,float,stale5,120,0,no-st,ALP,decode,6,BenchmarkALPMatrix/float/stale5/n=120/buckets=0/time=no-st/ALP/decode,403.95,2377.67,1.0,98.5,3.3150000000000004,1.808,120.0,0.04438,3.271,0.0,0.0,385.0,428.0,297.06646862235425,0.0033150000000000002,8,4.424778761061947,
simd,BenchmarkALPMatrix,float,stale5,120,0,no-st,ALP,encode,6,BenchmarkALPMatrix/float/stale5/n=120/buckets=0/time=no-st/ALP/encode,2631.0,364.905,1.0,98.02,21.48,1.808,120.0,0.34040000000000004,21.14,4552.0,7.0,2531.0,2822.0,45.61003420752566,0.02148,8,4.424778761061947,
simd,BenchmarkALPMatrix,float,stale5,120,0,no-st,XOR,decode,6,BenchmarkALPMatrix/float/stale5/n=120/buckets=0/time=no-st/XOR/decode,1157.0,830.0699999999999,1.0,98.735,9.494,7.7,120.0,0.26780000000000004,9.211,0.0,0.0,1131.0,1160.0,103.71650821089024,0.009493999999999999,8,1.0389610389610389,
simd,BenchmarkALPMatrix,float,stale5,120,0,no-st,XOR,encode,6,BenchmarkALPMatrix/float/stale5/n=120/buckets=0/time=no-st/XOR/encode,2680.5,358.14,1.0,99.035,22.13,7.7,120.0,0.14485,21.965,3616.0,10.0,2667.0,2693.0,44.76776720761052,0.02213,8,1.0389610389610389,
simd,BenchmarkALPMatrix,float,stale5,120,0,no-st,XOR2,decode,6,BenchmarkALPMatrix/float/stale5/n=120/buckets=0/time=no-st/XOR2/decode,871.35,1101.78,1.0,99.935,7.2565,5.7,120.0,0.061380000000000004,7.197,0.0,0.0,864.5,889.9,137.71733516956448,0.0072565,8,1.4035087719298245,
simd,BenchmarkALPMatrix,float,stale5,120,0,no-st,XOR2,encode,6,BenchmarkALPMatrix/float/stale5/n=120/buckets=0/time=no-st/XOR2/encode,1897.0,506.065,1.0,98.66499999999999,15.6,5.7,120.0,0.21615,15.39,2224.0,9.0,1836.0,2047.0,63.257775434897205,0.0156,8,1.4035087719298245,
simd,BenchmarkALPMatrix,float,stale5,120,0,regular,ALP,decode,6,BenchmarkALPMatrix/float/stale5/n=120/buckets=0/time=regular/ALP/decode,386.29999999999995,2485.2349999999997,1.0,100.0,3.219,1.875,120.0,0.01196,3.2075,0.0,0.0,385.5,386.5,310.63939943049445,0.003219,8,4.266666666666667,
simd,BenchmarkALPMatrix,float,stale5,120,0,regular,ALP,encode,6,BenchmarkALPMatrix/float/stale5/n=120/buckets=0/time=regular/ALP/encode,2440.5,393.39,1.0,98.775,20.104999999999997,1.875,120.0,0.1684,19.945,4552.0,7.0,2412.0,2478.0,49.170251997541484,0.020104999999999998,8,4.266666666666667,
simd,BenchmarkALPMatrix,float,stale5,120,0,regular,XOR2,decode,6,BenchmarkALPMatrix/float/stale5/n=120/buckets=0/time=regular/XOR2/decode,879.95,1091.0149999999999,1.0,100.0,7.333500000000001,5.725,120.0,0.024489999999999998,7.310499999999999,0.0,0.0,877.1,931.4,136.37138473776918,0.007333500000000001,8,1.3973799126637556,
simd,BenchmarkALPMatrix,float,stale5,120,0,regular,XOR2,encode,6,BenchmarkALPMatrix/float/stale5/n=120/buckets=0/time=regular/XOR2/encode,1805.5,531.665,1.0,99.15,14.92,5.725,120.0,0.09667,14.825,2224.0,9.0,1799.0,1810.0,66.46358349487677,0.01492,8,1.3973799126637556,
simd,BenchmarkALPMatrix,float,stale5,32,0,no-st,ALP,decode,6,BenchmarkALPMatrix/float/stale5/n=32/buckets=0/time=no-st/ALP/decode,398.6,642.665,1.0,100.1,12.475,3.031,32.0,0.035144999999999996,12.435,0.0,0.0,388.2,448.1,80.28098344204716,0.012475,8,2.639392939623886,
simd,BenchmarkALPMatrix,float,stale5,32,0,no-st,ALP,encode,6,BenchmarkALPMatrix/float/stale5/n=32/buckets=0/time=no-st/ALP/encode,3769.0,67.945,1.0,98.77,116.6,3.031,32.0,1.5335,115.6,3848.0,7.0,3302.0,4180.0,8.490315733616344,0.1166,8,2.639392939623886,
simd,BenchmarkALPMatrix,float,stale5,32,0,no-st,XOR,decode,6,BenchmarkALPMatrix/float/stale5/n=32/buckets=0/time=no-st/XOR/decode,343.65,745.17,1.0,99.995,10.74,7.094,32.0,0.023239999999999997,10.715,0.0,0.0,312.8,403.1,93.1179979630438,0.01074,8,1.127713560755568,
simd,BenchmarkALPMatrix,float,stale5,32,0,no-st,XOR,encode,6,BenchmarkALPMatrix/float/stale5/n=32/buckets=0/time=no-st/XOR/encode,680.6500000000001,376.125,1.0,99.17500000000001,21.095,7.094,32.0,0.10565,20.990000000000002,800.0,7.0,673.8,705.1,47.013883787556004,0.021095,8,1.127713560755568,
simd,BenchmarkALPMatrix,float,stale5,32,0,no-st,XOR2,decode,6,BenchmarkALPMatrix/float/stale5/n=32/buckets=0/time=no-st/XOR2/decode,420.6,608.77,1.0,99.925,13.129999999999999,6.438,32.0,0.052035,13.08,0.0,0.0,397.8,471.4,76.08178792201616,0.01313,8,1.2426219322771048,
simd,BenchmarkALPMatrix,float,stale5,32,0,no-st,XOR2,encode,6,BenchmarkALPMatrix/float/stale5/n=32/buckets=0/time=no-st/XOR2/encode,834.5,306.76,1.0,99.37,25.91,6.438,32.0,0.11629999999999999,25.8,816.0,7.0,799.1,888.8,38.34631515877771,0.02591,8,1.2426219322771048,
simd,BenchmarkALPMatrix,float,stale5,32,0,regular,ALP,decode,6,BenchmarkALPMatrix/float/stale5/n=32/buckets=0/time=regular/ALP/decode,144.5,1771.9650000000001,1.0,100.0,4.515,3.281,32.0,0.01549,4.497999999999999,0.0,0.0,144.2,144.7,221.45328719723184,0.004515,8,2.4382810118866196,
simd,BenchmarkALPMatrix,float,stale5,32,0,regular,ALP,encode,6,BenchmarkALPMatrix/float/stale5/n=32/buckets=0/time=regular/ALP/encode,1633.5,156.72,1.0,98.42,50.275,3.281,32.0,0.46495,49.795,3848.0,7.0,1626.0,1641.0,19.589837771655954,0.050275,8,2.4382810118866196,
simd,BenchmarkALPMatrix,float,stale5,32,0,regular,XOR2,decode,6,BenchmarkALPMatrix/float/stale5/n=32/buckets=0/time=regular/XOR2/decode,245.39999999999998,1043.045,1.0,100.0,7.670999999999999,6.531,32.0,0.026795,7.6415,0.0,0.0,244.0,246.8,130.39934800326,0.007670999999999999,8,1.224927269943347,
simd,BenchmarkALPMatrix,float,stale5,32,0,regular,XOR2,encode,6,BenchmarkALPMatrix/float/stale5/n=32/buckets=0/time=regular/XOR2/encode,563.45,454.34000000000003,1.0,99.015,17.44,6.531,32.0,0.10131499999999999,17.325,816.0,7.0,561.7,564.3,56.79297186973112,0.01744,8,1.224927269943347,
simd,BenchmarkALPMatrix,integer-histogram,bursty,1024,8,regular,ALPv3,decode,6,BenchmarkALPMatrix/integer-histogram/bursty/n=1024/buckets=8/time=regular/ALPv3/decode,36818.0,2447.485,1.0,100.0,35.96,19.51,1024.0,0.1253,35.83,0.0,0.0,36679.0,36929.0,27.81248302460753,0.03596,88.0,4.51050743208611,
simd,BenchmarkALPMatrix,integer-histogram,bursty,1024,8,regular,ALPv3,decode-float,6,BenchmarkALPMatrix/integer-histogram/bursty/n=1024/buckets=8/time=regular/ALPv3/decode-float,35739.5,2521.37,1.0,100.0,34.900000000000006,19.51,1024.0,0.12,34.769999999999996,0.0,0.0,35627.0,36311.0,28.651771849074553,0.03490000000000001,88.0,4.51050743208611,
simd,BenchmarkALPMatrix,integer-histogram,bursty,1024,8,regular,ALPv3,encode,6,BenchmarkALPMatrix/integer-histogram/bursty/n=1024/buckets=8/time=regular/ALPv3/encode,437166.5,206.13,1.0,99.785,426.1,19.51,1024.0,1.832,424.5,139072.0,59.0,434413.0,443238.0,2.342356973830337,0.42610000000000003,88.0,4.51050743208611,
simd,BenchmarkALPMatrix,integer-histogram,bursty,1024,8,regular,ALPv4,decode,6,BenchmarkALPMatrix/integer-histogram/bursty/n=1024/buckets=8/time=regular/ALPv4/decode,35275.5,2554.53,1.0,100.0,34.455,16.02,1024.0,0.111,34.345,0.0,0.0,35189.0,35360.0,29.02864594406883,0.034455,88.0,5.493133583021224,
simd,BenchmarkALPMatrix,integer-histogram,bursty,1024,8,regular,ALPv4,decode-float,6,BenchmarkALPMatrix/integer-histogram/bursty/n=1024/buckets=8/time=regular/ALPv4/decode-float,34129.5,2640.3199999999997,1.0,100.0,33.33,16.02,1024.0,0.12495,33.21,0.0,0.0,33963.0,34550.0,30.003369519037783,0.03333,88.0,5.493133583021224,
simd,BenchmarkALPMatrix,integer-histogram,bursty,1024,8,regular,ALPv4,encode,6,BenchmarkALPMatrix/integer-histogram/bursty/n=1024/buckets=8/time=regular/ALPv4/encode,504638.0,178.565,1.0,99.82,491.95,16.02,1024.0,1.796,490.0,137024.0,59.0,500734.0,508966.0,2.0291773508931152,0.49195,88.0,5.493133583021224,
simd,BenchmarkALPMatrix,integer-histogram,bursty,1024,8,regular,legacy,decode,6,BenchmarkALPMatrix/integer-histogram/bursty/n=1024/buckets=8/time=regular/legacy/decode,88196.5,1021.7249999999999,1.0,100.0,86.13,16.43,1024.0,0.30874999999999997,85.825,16.0,2.0,87938.0,88389.0,11.610438055931924,0.08613,88.0,5.356055995130858,
simd,BenchmarkALPMatrix,integer-histogram,bursty,1024,8,regular,legacy,decode-float,6,BenchmarkALPMatrix/integer-histogram/bursty/n=1024/buckets=8/time=regular/legacy/decode-float,89879.5,1002.59,1.0,100.0,87.775,16.43,1024.0,0.2787,87.495,16.0,2.0,89812.0,90117.0,11.393031781440706,0.087775,88.0,5.356055995130858,
simd,BenchmarkALPMatrix,integer-histogram,bursty,1024,8,regular,legacy,encode,6,BenchmarkALPMatrix/integer-histogram/bursty/n=1024/buckets=8/time=regular/legacy/encode,217985.0,413.385,1.0,99.755,212.35,16.43,1024.0,1.05755,211.25,85408.0,25.0,215891.0,219766.0,4.697570933779847,0.21234999999999998,88.0,5.356055995130858,
simd,BenchmarkALPMatrix,integer-histogram,bursty,120,128,regular,ALPv3,decode,6,BenchmarkALPMatrix/integer-histogram/bursty/n=120/buckets=128/time=regular/ALPv3/decode,29558.0,4254.73,1.0,100.0,246.4,131.3,120.0,0.8293,245.64999999999998,0.0,0.0,29471.0,29654.0,4.059814601799851,0.2464,1048.0,7.981721249047981,
simd,BenchmarkALPMatrix,integer-histogram,bursty,120,128,regular,ALPv3,decode-float,6,BenchmarkALPMatrix/integer-histogram/bursty/n=120/buckets=128/time=regular/ALPv3/decode-float,30866.0,4074.3950000000004,1.0,99.985,257.25,131.3,120.0,1.4355,255.9,0.0,0.0,30774.0,31623.0,3.887772954059483,0.25725,1048.0,7.981721249047981,
simd,BenchmarkALPMatrix,integer-histogram,bursty,120,128,regular,ALPv3,encode,6,BenchmarkALPMatrix/integer-histogram/bursty/n=120/buckets=128/time=regular/ALPv3/encode,461070.0,272.76,1.0,99.805,3836.5,131.3,120.0,15.684999999999999,3821.0,103632.0,53.0,447512.0,470239.0,0.2602641681306526,3.8365,1048.0,7.981721249047981,
simd,BenchmarkALPMatrix,integer-histogram,bursty,120,128,regular,ALPv4,decode,6,BenchmarkALPMatrix/integer-histogram/bursty/n=120/buckets=128/time=regular/ALPv4/decode,29605.0,4247.885,1.0,100.0,246.64999999999998,94.5,120.0,0.7946,245.8,0.0,0.0,29399.0,29804.0,4.053369363283229,0.24664999999999998,1048.0,11.08994708994709,
simd,BenchmarkALPMatrix,integer-histogram,bursty,120,128,regular,ALPv4,decode-float,6,BenchmarkALPMatrix/integer-histogram/bursty/n=120/buckets=128/time=regular/ALPv4/decode-float,30936.0,4065.1800000000003,1.0,100.0,257.8,94.5,120.0,0.8973500000000001,257.0,0.0,0.0,30895.0,31200.0,3.878975950349108,0.25780000000000003,1048.0,11.08994708994709,
simd,BenchmarkALPMatrix,integer-histogram,bursty,120,128,regular,ALPv4,encode,6,BenchmarkALPMatrix/integer-histogram/bursty/n=120/buckets=128/time=regular/ALPv4/encode,596703.5,210.97,1.0,99.255,4937.5,94.5,120.0,44.985,4892.5,83152.0,52.0,574866.0,629092.0,0.2011049038592869,4.9375,1048.0,11.08994708994709,
simd,BenchmarkALPMatrix,integer-histogram,bursty,120,128,regular,legacy,decode,6,BenchmarkALPMatrix/integer-histogram/bursty/n=120/buckets=128/time=regular/legacy/decode,99709.5,1261.2649999999999,1.0,100.0,831.1,94.92,120.0,2.6305,828.6500000000001,16.0,2.0,98950.0,102053.0,1.2034961563341506,0.8311000000000001,1048.0,11.04087652760219,
simd,BenchmarkALPMatrix,integer-histogram,bursty,120,128,regular,legacy,decode-float,6,BenchmarkALPMatrix/integer-histogram/bursty/n=120/buckets=128/time=regular/legacy/decode-float,105855.5,1188.045,1.0,99.935,881.5,94.92,120.0,3.127,878.4000000000001,16.0,2.0,104929.0,107022.0,1.1336208321721593,0.8815,1048.0,11.04087652760219,
simd,BenchmarkALPMatrix,integer-histogram,bursty,120,128,regular,legacy,encode,6,BenchmarkALPMatrix/integer-histogram/bursty/n=120/buckets=128/time=regular/legacy/encode,242656.5,518.285,1.0,99.84,2019.0,94.92,120.0,4.096,2014.5,49184.0,23.0,230018.0,251667.0,0.49452621298007676,2.019,1048.0,11.04087652760219,
simd,BenchmarkALPMatrix,integer-histogram,bursty,120,8,regular,ALPv3,decode,6,BenchmarkALPMatrix/integer-histogram/bursty/n=120/buckets=8/time=regular/ALPv3/decode,4399.0,2400.485,1.0,100.0,36.66,20.36,120.0,0.14535,36.535,0.0,0.0,4396.0,4424.0,27.278927028870196,0.03666,88.0,4.322200392927309,
simd,BenchmarkALPMatrix,integer-histogram,bursty,120,8,regular,ALPv3,decode-float,6,BenchmarkALPMatrix/integer-histogram/bursty/n=120/buckets=8/time=regular/ALPv3/decode-float,4362.0,2420.9849999999997,1.0,100.0,36.35,20.36,120.0,0.16425,36.19,0.0,0.0,4356.0,4375.0,27.51031636863824,0.03635,88.0,4.322200392927309,
simd,BenchmarkALPMatrix,integer-histogram,bursty,120,8,regular,ALPv3,encode,6,BenchmarkALPMatrix/integer-histogram/bursty/n=120/buckets=8/time=regular/ALPv3/encode,49215.5,214.57,1.0,99.85,409.5,20.36,120.0,1.5805,407.95000000000005,15552.0,47.0,48994.0,49485.0,2.4382562404120653,0.4095,88.0,4.322200392927309,
simd,BenchmarkALPMatrix,integer-histogram,bursty,120,8,regular,ALPv4,decode,6,BenchmarkALPMatrix/integer-histogram/bursty/n=120/buckets=8/time=regular/ALPv4/decode,4186.0,2522.895,1.0,100.0,34.88,16.27,120.0,0.15015,34.73,0.0,0.0,4179.0,4203.0,28.66698518872432,0.03488,88.0,5.408727719729564,
simd,BenchmarkALPMatrix,integer-histogram,bursty,120,8,regular,ALPv4,decode-float,6,BenchmarkALPMatrix/integer-histogram/bursty/n=120/buckets=8/time=regular/ALPv4/decode-float,4128.5,2557.9849999999997,1.0,100.0,34.405,16.27,120.0,0.14655,34.260000000000005,0.0,0.0,4123.0,4133.0,29.066246820879254,0.034405,88.0,5.408727719729564,
simd,BenchmarkALPMatrix,integer-histogram,bursty,120,8,regular,ALPv4,encode,6,BenchmarkALPMatrix/integer-histogram/bursty/n=120/buckets=8/time=regular/ALPv4/encode,57602.5,183.33,1.0,99.91499999999999,479.25,16.27,120.0,2.118,477.15,12224.0,46.0,56649.0,58029.0,2.0832429148040448,0.47925,88.0,5.408727719729564,
simd,BenchmarkALPMatrix,integer-histogram,bursty,120,8,regular,legacy,decode,6,BenchmarkALPMatrix/integer-histogram/bursty/n=120/buckets=8/time=regular/legacy/decode,8464.0,1247.675,1.0,100.0,70.535,14.06,120.0,0.25,70.325,16.0,2.0,8458.0,8474.0,14.177693761814744,0.070535,88.0,6.258890469416785,
simd,BenchmarkALPMatrix,integer-histogram,bursty,120,8,regular,legacy,decode-float,6,BenchmarkALPMatrix/integer-histogram/bursty/n=120/buckets=8/time=regular/legacy/decode-float,8798.5,1200.2150000000001,1.0,100.0,73.32499999999999,14.06,120.0,0.26105,73.05,16.0,2.0,8784.0,8802.0,13.638688412797636,0.07332499999999999,88.0,6.258890469416785,
simd,BenchmarkALPMatrix,integer-histogram,bursty,120,8,regular,legacy,encode,6,BenchmarkALPMatrix/integer-histogram/bursty/n=120/buckets=8/time=regular/legacy/encode,23154.5,456.065,1.0,99.88,192.7,14.06,120.0,0.7441500000000001,192.05,6048.0,17.0,23003.0,23181.0,5.182577900624069,0.19269999999999998,88.0,6.258890469416785,
simd,BenchmarkALPMatrix,integer-histogram,bursty,32,8,regular,ALPv3,decode,6,BenchmarkALPMatrix/integer-histogram/bursty/n=32/buckets=8/time=regular/ALPv3/decode,1344.5,2094.5699999999997,1.0,100.0,42.015,18.16,32.0,0.17955,41.83,0.0,0.0,1274.0,1395.0,23.800669393826702,0.042015000000000004,88.0,4.845814977973569,
simd,BenchmarkALPMatrix,integer-histogram,bursty,32,8,regular,ALPv3,decode-float,6,BenchmarkALPMatrix/integer-histogram/bursty/n=32/buckets=8/time=regular/ALPv3/decode-float,1363.0,2065.4700000000003,1.0,100.0,42.61,18.16,32.0,0.18764999999999998,42.405,0.0,0.0,1345.0,1369.0,23.47762289068232,0.04261,88.0,4.845814977973569,
simd,BenchmarkALPMatrix,integer-histogram,bursty,32,8,regular,ALPv3,encode,6,BenchmarkALPMatrix/integer-histogram/bursty/n=32/buckets=8/time=regular/ALPv3/encode,17985.5,156.57,1.0,99.89,561.55,18.16,32.0,2.567,558.85,4544.0,42.0,17680.0,18119.0,1.7792110311083928,0.56155,88.0,4.845814977973569,
simd,BenchmarkALPMatrix,integer-histogram,bursty,32,8,regular,ALPv4,decode,6,BenchmarkALPMatrix/integer-histogram/bursty/n=32/buckets=8/time=regular/ALPv4/decode,1330.5,2116.44,1.0,100.0,41.59,16.12,32.0,0.1861,41.394999999999996,0.0,0.0,1288.0,1388.0,24.0511086057873,0.04159,88.0,5.459057071960298,
simd,BenchmarkALPMatrix,integer-histogram,bursty,32,8,regular,ALPv4,decode-float,6,BenchmarkALPMatrix/integer-histogram/bursty/n=32/buckets=8/time=regular/ALPv4/decode-float,1294.0,2176.1800000000003,1.0,100.0,40.44,16.12,32.0,0.201,40.230000000000004,0.0,0.0,1260.0,1314.0,24.72952086553323,0.04044,88.0,5.459057071960298,
simd,BenchmarkALPMatrix,integer-histogram,bursty,32,8,regular,ALPv4,encode,6,BenchmarkALPMatrix/integer-histogram/bursty/n=32/buckets=8/time=regular/ALPv4/encode,20176.0,139.57,1.0,99.89,629.9,16.12,32.0,3.2475,626.85,5376.0,43.0,20111.0,20645.0,1.5860428231562251,0.6299,88.0,5.459057071960298,
simd,BenchmarkALPMatrix,integer-histogram,bursty,32,8,regular,legacy,decode,6,BenchmarkALPMatrix/integer-histogram/bursty/n=32/buckets=8/time=regular/legacy/decode,2099.0,1341.84,1.0,100.0,65.59,14.16,32.0,0.28025,65.30000000000001,16.0,2.0,2080.0,2129.0,15.245354930919486,0.06559000000000001,88.0,6.214689265536723,
simd,BenchmarkALPMatrix,integer-histogram,bursty,32,8,regular,legacy,decode-float,6,BenchmarkALPMatrix/integer-histogram/bursty/n=32/buckets=8/time=regular/legacy/decode-float,2205.0,1277.205,1.0,100.0,68.905,14.16,32.0,0.3065,68.585,16.0,2.0,2193.0,2207.0,14.512471655328799,0.06890500000000001,88.0,6.214689265536723,
simd,BenchmarkALPMatrix,integer-histogram,bursty,32,8,regular,legacy,encode,6,BenchmarkALPMatrix/integer-histogram/bursty/n=32/buckets=8/time=regular/legacy/encode,6341.5,444.055,1.0,99.89,197.95,14.16,32.0,0.7870999999999999,197.14999999999998,1696.0,14.0,6294.0,6366.0,5.046124733895766,0.19795,88.0,6.214689265536723,
simd,BenchmarkALPMatrix,integer-histogram,gauge,120,128,regular,ALPv3,decode,6,BenchmarkALPMatrix/integer-histogram/gauge/n=120/buckets=128/time=regular/ALPv3/decode,31135.0,4039.15,1.0,99.995,259.4,298.4,120.0,0.6354500000000001,258.8,0.0,0.0,31060.0,31320.0,3.854183394893207,0.25939999999999996,1048.0,3.512064343163539,
simd,BenchmarkALPMatrix,integer-histogram,gauge,120,128,regular,ALPv3,decode-float,6,BenchmarkALPMatrix/integer-histogram/gauge/n=120/buckets=128/time=regular/ALPv3/decode-float,32246.0,3900.035,1.0,99.99,268.7,298.4,120.0,0.6437999999999999,268.1,0.0,0.0,31999.0,32497.0,3.7213918005333997,0.2687,1048.0,3.512064343163539,
simd,BenchmarkALPMatrix,integer-histogram,gauge,120,128,regular,ALPv3,encode,6,BenchmarkALPMatrix/integer-histogram/gauge/n=120/buckets=128/time=regular/ALPv3/encode,667587.0,188.38,1.0,99.68,5545.5,298.4,120.0,18.805,5527.0,315712.0,295.0,664082.0,670754.0,0.1797518525675305,5.5455,1048.0,3.512064343163539,
simd,BenchmarkALPMatrix,integer-histogram,gauge,120,128,regular,ALPv4,decode,6,BenchmarkALPMatrix/integer-histogram/gauge/n=120/buckets=128/time=regular/ALPv4/decode,28456.5,4419.4400000000005,1.0,99.995,237.1,273.0,120.0,0.60375,236.55,0.0,0.0,28434.0,28624.0,4.216962732591851,0.2371,1048.0,3.838827838827839,
simd,BenchmarkALPMatrix,integer-histogram,gauge,120,128,regular,ALPv4,decode-float,6,BenchmarkALPMatrix/integer-histogram/gauge/n=120/buckets=128/time=regular/ALPv4/decode-float,30075.0,4181.57,1.0,99.995,250.64999999999998,273.0,120.0,2.242,248.0,0.0,0.0,29769.0,30309.0,3.9900249376558605,0.25065,1048.0,3.838827838827839,
simd,BenchmarkALPMatrix,integer-histogram,gauge,120,128,regular,ALPv4,encode,6,BenchmarkALPMatrix/integer-histogram/gauge/n=120/buckets=128/time=regular/ALPv4/encode,771981.0,162.905,1.0,99.74,6416.5,273.0,120.0,18.494999999999997,6399.0,307520.0,295.0,769644.0,776352.0,0.1554442402079844,6.4165,1048.0,3.838827838827839,
simd,BenchmarkALPMatrix,integer-histogram,gauge,120,128,regular,legacy,decode,6,BenchmarkALPMatrix/integer-histogram/gauge/n=120/buckets=128/time=regular/legacy/decode,198822.0,632.525,1.0,99.995,1657.0,375.4,120.0,3.721,1653.0,16.0,2.0,198588.0,199278.0,0.603554938588285,1.657,1048.0,2.7916888652104426,
simd,BenchmarkALPMatrix,integer-histogram,gauge,120,128,regular,legacy,decode-float,6,BenchmarkALPMatrix/integer-histogram/gauge/n=120/buckets=128/time=regular/legacy/decode-float,202967.5,619.605,1.0,99.995,1691.0,375.4,120.0,4.18,1687.0,16.0,2.0,202920.0,203328.0,0.591227659600675,1.691,1048.0,2.7916888652104426,
simd,BenchmarkALPMatrix,integer-histogram,gauge,120,128,regular,legacy,encode,6,BenchmarkALPMatrix/integer-histogram/gauge/n=120/buckets=128/time=regular/legacy/encode,370387.5,339.535,1.0,99.57,3072.5,375.4,120.0,10.705,3063.0,216208.0,266.0,368217.0,373604.0,0.3239850156930242,3.0725,1048.0,2.7916888652104426,
simd,BenchmarkALPMatrix,integer-histogram,gauge,120,8,regular,ALPv3,decode,6,BenchmarkALPMatrix/integer-histogram/gauge/n=120/buckets=8/time=regular/ALPv3/decode,4609.5,2290.84,1.0,100.0,38.41,26.14,120.0,0.13855,38.265,0.0,0.0,4591.0,4648.0,26.033192320208265,0.03841,88.0,3.366488140780413,
simd,BenchmarkALPMatrix,integer-histogram,gauge,120,8,regular,ALPv3,decode-float,6,BenchmarkALPMatrix/integer-histogram/gauge/n=120/buckets=8/time=regular/ALPv3/decode-float,4478.5,2357.79,1.0,100.0,37.32,26.14,120.0,0.1199,37.2,0.0,0.0,4455.0,4496.0,26.794685720665402,0.03732,88.0,3.366488140780413,
simd,BenchmarkALPMatrix,integer-histogram,gauge,120,8,regular,ALPv3,encode,6,BenchmarkALPMatrix/integer-histogram/gauge/n=120/buckets=8/time=regular/ALPv3/encode,65318.5,161.67000000000002,1.0,99.8,543.2,26.14,120.0,2.36,540.9000000000001,24752.0,286.0,64687.0,65653.0,1.837151802322466,0.5432,88.0,3.366488140780413,
simd,BenchmarkALPMatrix,integer-histogram,gauge,120,8,regular,ALPv4,decode,6,BenchmarkALPMatrix/integer-histogram/gauge/n=120/buckets=8/time=regular/ALPv4/decode,4197.0,2515.95,1.0,100.0,34.975,24.93,120.0,0.1195,34.855,0.0,0.0,4187.0,4244.0,28.591851322373124,0.034975,88.0,3.5298836742880066,
simd,BenchmarkALPMatrix,integer-histogram,gauge,120,8,regular,ALPv4,decode-float,6,BenchmarkALPMatrix/integer-histogram/gauge/n=120/buckets=8/time=regular/ALPv4/decode-float,4066.5,2596.935,1.0,99.995,33.885000000000005,24.93,120.0,0.10955,33.77,0.0,0.0,4057.0,4086.0,29.50940612320177,0.033885000000000005,88.0,3.5298836742880066,
simd,BenchmarkALPMatrix,integer-histogram,gauge,120,8,regular,ALPv4,encode,6,BenchmarkALPMatrix/integer-histogram/gauge/n=120/buckets=8/time=regular/ALPv4/encode,73238.5,144.19,1.0,99.82,609.2,24.93,120.0,2.1995,607.0999999999999,24624.0,286.0,72265.0,73518.0,1.6384824921318706,0.6092000000000001,88.0,3.5298836742880066,
simd,BenchmarkALPMatrix,integer-histogram,gauge,120,8,regular,legacy,decode,6,BenchmarkALPMatrix/integer-histogram/gauge/n=120/buckets=8/time=regular/legacy/decode,15203.0,694.605,1.0,100.0,126.69999999999999,33.39,120.0,0.4581,126.1,16.0,2.0,15182.0,15226.0,7.893178977833323,0.12669999999999998,88.0,2.635519616651692,
simd,BenchmarkALPMatrix,integer-histogram,gauge,120,8,regular,legacy,decode-float,6,BenchmarkALPMatrix/integer-histogram/gauge/n=120/buckets=8/time=regular/legacy/decode-float,15570.0,678.225,1.0,100.0,129.75,33.39,120.0,0.49620000000000003,129.25,16.0,2.0,15559.0,15587.0,7.707129094412331,0.12975,88.0,2.635519616651692,
simd,BenchmarkALPMatrix,integer-histogram,gauge,120,8,regular,legacy,encode,6,BenchmarkALPMatrix/integer-histogram/gauge/n=120/buckets=8/time=regular/legacy/encode,32205.0,327.9,1.0,99.745,267.54999999999995,33.39,120.0,1.24,266.5,15120.0,257.0,31825.0,32345.0,3.7261294829995344,0.26754999999999995,88.0,2.635519616651692,
simd,BenchmarkALPMatrix,integer-histogram,layout,120,128,regular,ALPv3,decode,6,BenchmarkALPMatrix/integer-histogram/layout/n=120/buckets=128/time=regular/ALPv3/decode,27463.5,4614.12,2.0,99.88499999999999,229.0,26.03,120.0,0.9276500000000001,228.2,0.0,0.0,26872.0,27806.0,4.3694357966027635,0.229,1056.0,40.56857472147522,
simd,BenchmarkALPMatrix,integer-histogram,layout,120,128,regular,ALPv3,decode-float,6,BenchmarkALPMatrix/integer-histogram/layout/n=120/buckets=128/time=regular/ALPv3/decode-float,28579.0,4434.09,2.0,100.0,238.14999999999998,26.03,120.0,0.7917000000000001,237.3,0.0,0.0,28415.0,28647.0,4.19888729486686,0.23814999999999997,1056.0,40.56857472147522,
simd,BenchmarkALPMatrix,integer-histogram,layout,120,128,regular,ALPv3,encode,6,BenchmarkALPMatrix/integer-histogram/layout/n=120/buckets=128/time=regular/ALPv3/encode,255650.5,495.915,2.0,98.985,2101.5,26.03,120.0,49.215,2049.0,40968.0,89.0,232026.0,273167.0,0.46939082849437025,2.1015,1056.0,40.56857472147522,
simd,BenchmarkALPMatrix,integer-histogram,layout,120,128,regular,ALPv4,decode,6,BenchmarkALPMatrix/integer-histogram/layout/n=120/buckets=128/time=regular/ALPv4/decode,25808.0,4910.475,2.0,100.0,215.10000000000002,23.62,120.0,0.39959999999999996,214.5,0.0,0.0,25413.0,26846.0,4.6497210167389955,0.2151,1056.0,44.70787468247248,
simd,BenchmarkALPMatrix,integer-histogram,layout,120,128,regular,ALPv4,decode-float,6,BenchmarkALPMatrix/integer-histogram/layout/n=120/buckets=128/time=regular/ALPv4/decode-float,26597.5,4764.29,2.0,100.0,221.7,23.62,120.0,0.89125,220.4,0.0,0.0,26510.0,26924.0,4.511702227652975,0.22169999999999998,1056.0,44.70787468247248,
simd,BenchmarkALPMatrix,integer-histogram,layout,120,128,regular,ALPv4,encode,6,BenchmarkALPMatrix/integer-histogram/layout/n=120/buckets=128/time=regular/ALPv4/encode,290233.5,436.615,2.0,99.96000000000001,2418.0,23.62,120.0,8.939499999999999,2410.0,40584.0,89.0,287679.0,299517.0,0.4134601967036886,2.418,1056.0,44.70787468247248,
simd,BenchmarkALPMatrix,integer-histogram,layout,120,128,regular,legacy,decode,6,BenchmarkALPMatrix/integer-histogram/layout/n=120/buckets=128/time=regular/legacy/decode,44066.0,2875.6949999999997,2.0,99.99,367.15,27.71,120.0,0.7848999999999999,366.45000000000005,32.0,4.0,44030.0,45876.0,2.723187945354695,0.36715,1056.0,38.10898592565861,
simd,BenchmarkALPMatrix,integer-histogram,layout,120,128,regular,legacy,decode-float,6,BenchmarkALPMatrix/integer-histogram/layout/n=120/buckets=128/time=regular/legacy/decode-float,54205.5,2339.57,2.0,98.61500000000001,439.55,27.71,120.0,7.0345,432.0,32.0,4.0,48335.0,95666.0,2.213797492874339,0.43955,1056.0,38.10898592565861,
simd,BenchmarkALPMatrix,integer-histogram,layout,120,128,regular,legacy,encode,6,BenchmarkALPMatrix/integer-histogram/layout/n=120/buckets=128/time=regular/legacy/encode,121835.5,1040.085,2.0,99.93,1014.5,27.71,120.0,2.3565,1012.5,15912.0,33.0,121241.0,122812.0,0.984934604446159,1.0145,1056.0,38.10898592565861,
simd,BenchmarkALPMatrix,integer-histogram,layout,120,8,regular,ALPv3,decode,6,BenchmarkALPMatrix/integer-histogram/layout/n=120/buckets=8/time=regular/ALPv3/decode,4477.5,2573.025,2.0,100.0,37.275,7.567,120.0,0.21339999999999998,37.06,0.0,0.0,4454.0,4566.0,26.80067001675042,0.037274999999999996,96.0,12.68666578564821,
simd,BenchmarkALPMatrix,integer-histogram,layout,120,8,regular,ALPv3,decode-float,6,BenchmarkALPMatrix/integer-histogram/layout/n=120/buckets=8/time=regular/ALPv3/decode-float,4496.5,2562.02,2.0,99.995,37.480000000000004,7.567,120.0,0.3258,37.15,0.0,0.0,4339.0,4532.0,26.687423551651285,0.037480000000000006,96.0,12.68666578564821,
simd,BenchmarkALPMatrix,integer-histogram,layout,120,8,regular,ALPv3,encode,6,BenchmarkALPMatrix/integer-histogram/layout/n=120/buckets=8/time=regular/ALPv3/encode,46976.0,245.235,2.0,99.875,390.95,7.567,120.0,2.4385000000000003,388.6,10744.0,85.0,46550.0,47284.0,2.5544959128065394,0.39094999999999996,96.0,12.68666578564821,
simd,BenchmarkALPMatrix,integer-histogram,layout,120,8,regular,ALPv4,decode,6,BenchmarkALPMatrix/integer-histogram/layout/n=120/buckets=8/time=regular/ALPv4/decode,4479.0,2571.7799999999997,2.0,100.0,37.315,7.208,120.0,0.1843,37.115,0.0,0.0,4392.0,4506.0,26.79169457468185,0.037315,96.0,13.318534961154272,
simd,BenchmarkALPMatrix,integer-histogram,layout,120,8,regular,ALPv4,decode-float,6,BenchmarkALPMatrix/integer-histogram/layout/n=120/buckets=8/time=regular/ALPv4/decode-float,4402.5,2616.7200000000003,2.0,100.0,36.69,7.208,120.0,0.19955,36.525,0.0,0.0,4338.0,4614.0,27.2572402044293,0.03669,96.0,13.318534961154272,
simd,BenchmarkALPMatrix,integer-histogram,layout,120,8,regular,ALPv4,encode,6,BenchmarkALPMatrix/integer-histogram/layout/n=120/buckets=8/time=regular/ALPv4/encode,50697.5,227.22500000000002,2.0,99.91,422.1,7.208,120.0,2.004,420.75,10712.0,85.0,50368.0,51687.0,2.3669806203461707,0.42210000000000003,96.0,13.318534961154272,
simd,BenchmarkALPMatrix,integer-histogram,layout,120,8,regular,legacy,decode,6,BenchmarkALPMatrix/integer-histogram/layout/n=120/buckets=8/time=regular/legacy/decode,5920.5,1945.825,2.0,99.71000000000001,49.260000000000005,9.4,120.0,0.4102,48.8,32.0,4.0,5881.0,6025.0,20.268558398783888,0.049260000000000005,96.0,10.212765957446807,
simd,BenchmarkALPMatrix,integer-histogram,layout,120,8,regular,legacy,decode-float,6,BenchmarkALPMatrix/integer-histogram/layout/n=120/buckets=8/time=regular/legacy/decode-float,6132.0,1878.685,2.0,99.81,51.040000000000006,9.4,120.0,0.42655,50.629999999999995,32.0,4.0,6098.0,6189.0,19.569471624266146,0.05104000000000001,96.0,10.212765957446807,
simd,BenchmarkALPMatrix,integer-histogram,layout,120,8,regular,legacy,encode,6,BenchmarkALPMatrix/integer-histogram/layout/n=120/buckets=8/time=regular/legacy/encode,18090.0,636.81,2.0,99.55000000000001,150.05,9.4,120.0,1.4855,148.3,4968.0,29.0,17739.0,18145.0,6.633499170812604,0.15005000000000002,96.0,10.212765957446807,
simd,BenchmarkALPMatrix,integer-histogram,resets,120,128,regular,ALPv3,decode,6,BenchmarkALPMatrix/integer-histogram/resets/n=120/buckets=128/time=regular/ALPv3/decode,27262.5,4612.93,4.0,100.0,227.2,33.3,120.0,1.3215,225.95,0.0,0.0,27142.0,27330.0,4.401650618982118,0.22719999999999999,1048.0,31.471471471471475,
simd,BenchmarkALPMatrix,integer-histogram,resets,120,128,regular,ALPv3,decode-float,6,BenchmarkALPMatrix/integer-histogram/resets/n=120/buckets=128/time=regular/ALPv3/decode-float,28040.5,4484.985,4.0,100.0,233.7,33.3,120.0,1.612,232.14999999999998,0.0,0.0,27983.0,28090.0,4.279524259553146,0.2337,1048.0,31.471471471471475,
simd,BenchmarkALPMatrix,integer-histogram,resets,120,128,regular,ALPv3,encode,6,BenchmarkALPMatrix/integer-histogram/resets/n=120/buckets=128/time=regular/ALPv3/encode,269203.0,467.17,4.0,99.83500000000001,2239.5,33.3,120.0,14.21,2225.0,59952.0,165.0,265243.0,272762.0,0.44576026270138147,2.2395,1048.0,31.471471471471475,
simd,BenchmarkALPMatrix,integer-histogram,resets,120,128,regular,ALPv4,decode,6,BenchmarkALPMatrix/integer-histogram/resets/n=120/buckets=128/time=regular/ALPv4/decode,27127.0,4636.005,4.0,99.985,226.0,27.3,120.0,1.637,224.4,0.0,0.0,26918.0,27441.0,4.423636966859586,0.226,1048.0,38.38827838827839,
simd,BenchmarkALPMatrix,integer-histogram,resets,120,128,regular,ALPv4,decode-float,6,BenchmarkALPMatrix/integer-histogram/resets/n=120/buckets=128/time=regular/ALPv4/decode-float,28027.0,4487.13,4.0,99.995,233.55,27.3,120.0,1.83,231.8,0.0,0.0,27952.0,28234.0,4.281585613872338,0.23355,1048.0,38.38827838827839,
simd,BenchmarkALPMatrix,integer-histogram,resets,120,128,regular,ALPv4,encode,6,BenchmarkALPMatrix/integer-histogram/resets/n=120/buckets=128/time=regular/ALPv4/encode,304217.5,413.39,4.0,99.905,2533.0,27.3,120.0,16.835,2516.0,59440.0,165.0,301687.0,311406.0,0.39445462539137294,2.533,1048.0,38.38827838827839,
simd,BenchmarkALPMatrix,integer-histogram,resets,120,128,regular,legacy,decode,6,BenchmarkALPMatrix/integer-histogram/resets/n=120/buckets=128/time=regular/legacy/decode,48150.0,2611.86,4.0,99.995,401.1,29.44,120.0,2.699,398.75,64.0,8.0,47950.0,51255.0,2.4922118380062304,0.4011,1048.0,35.59782608695652,
simd,BenchmarkALPMatrix,integer-histogram,resets,120,128,regular,legacy,decode-float,6,BenchmarkALPMatrix/integer-histogram/resets/n=120/buckets=128/time=regular/legacy/decode-float,52598.0,2390.96,4.0,100.0,438.4,29.44,120.0,3.0140000000000002,435.7,64.0,8.0,52536.0,54359.0,2.2814555686528006,0.43839999999999996,1048.0,35.59782608695652,
simd,BenchmarkALPMatrix,integer-histogram,resets,120,128,regular,legacy,encode,6,BenchmarkALPMatrix/integer-histogram/resets/n=120/buckets=128/time=regular/legacy/encode,140372.0,895.905,4.0,98.66,1153.5,29.44,120.0,28.665,1123.5,17136.0,53.0,135237.0,141373.0,0.8548713418630496,1.1535,1048.0,35.59782608695652,
simd,BenchmarkALPMatrix,integer-histogram,resets,120,8,regular,ALPv3,decode,6,BenchmarkALPMatrix/integer-histogram/resets/n=120/buckets=8/time=regular/ALPv3/decode,4620.0,2285.7299999999996,4.0,100.0,38.504999999999995,10.9,120.0,0.1496,38.34,0.0,0.0,4586.0,4638.0,25.974025974025974,0.038505,88.0,8.073394495412844,
simd,BenchmarkALPMatrix,integer-histogram,resets,120,8,regular,ALPv3,decode-float,6,BenchmarkALPMatrix/integer-histogram/resets/n=120/buckets=8/time=regular/ALPv3/decode-float,4530.0,2330.96,4.0,100.0,37.754999999999995,10.9,120.0,0.137,37.614999999999995,0.0,0.0,4526.0,4539.0,26.490066225165563,0.037755,88.0,8.073394495412844,
simd,BenchmarkALPMatrix,integer-histogram,resets,120,8,regular,ALPv3,encode,6,BenchmarkALPMatrix/integer-histogram/resets/n=120/buckets=8/time=regular/ALPv3/encode,56919.5,185.52499999999998,4.0,99.88,473.7,10.9,120.0,1.9954999999999998,471.85,15472.0,161.0,56606.0,57063.0,2.108240585388136,0.4737,88.0,8.073394495412844,
simd,BenchmarkALPMatrix,integer-histogram,resets,120,8,regular,ALPv4,decode,6,BenchmarkALPMatrix/integer-histogram/resets/n=120/buckets=8/time=regular/ALPv4/decode,4686.5,2253.4300000000003,4.0,100.0,39.055,9.933,120.0,0.1537,38.905,0.0,0.0,4666.0,4697.0,25.605462498666384,0.039055,88.0,8.859357696566999,
simd,BenchmarkALPMatrix,integer-histogram,resets,120,8,regular,ALPv4,decode-float,6,BenchmarkALPMatrix/integer-histogram/resets/n=120/buckets=8/time=regular/ALPv4/decode-float,4546.0,2322.7650000000003,4.0,100.0,37.885000000000005,9.933,120.0,0.14405,37.735,0.0,0.0,4535.0,4559.0,26.396832380114386,0.037885,88.0,8.859357696566999,
simd,BenchmarkALPMatrix,integer-histogram,resets,120,8,regular,ALPv4,encode,6,BenchmarkALPMatrix/integer-histogram/resets/n=120/buckets=8/time=regular/ALPv4/encode,63574.0,166.11,4.0,99.9,529.3,9.933,120.0,2.2510000000000003,527.0999999999999,15344.0,161.0,62758.0,66014.0,1.887564098530846,0.5293,88.0,8.859357696566999,
simd,BenchmarkALPMatrix,integer-histogram,resets,120,8,regular,legacy,decode,6,BenchmarkALPMatrix/integer-histogram/resets/n=120/buckets=8/time=regular/legacy/decode,5832.0,1810.785,4.0,99.99,48.585,9.775,120.0,0.1993,48.41,64.0,8.0,5687.0,5853.0,20.5761316872428,0.048585,88.0,9.002557544757034,
simd,BenchmarkALPMatrix,integer-histogram,resets,120,8,regular,legacy,decode-float,6,BenchmarkALPMatrix/integer-histogram/resets/n=120/buckets=8/time=regular/legacy/decode-float,5909.5,1786.9450000000002,4.0,100.0,49.245,9.775,120.0,0.18825,49.065,64.0,8.0,5899.0,5935.0,20.306286487858532,0.049245,88.0,9.002557544757034,
simd,BenchmarkALPMatrix,integer-histogram,resets,120,8,regular,legacy,encode,6,BenchmarkALPMatrix/integer-histogram/resets/n=120/buckets=8/time=regular/legacy/encode,17234.5,612.725,4.0,99.83,143.35000000000002,9.775,120.0,0.60555,142.75,5872.0,49.0,17105.0,17266.0,6.962778148481244,0.14335000000000003,88.0,9.002557544757034,
simd,BenchmarkALPMatrix,integer-histogram,smooth,1024,8,regular,ALPv3,decode,6,BenchmarkALPMatrix/integer-histogram/smooth/n=1024/buckets=8/time=regular/ALPv3/decode,34030.0,2648.0249999999996,1.0,100.0,33.235,4.749,1024.0,0.14235,33.11,0.0,0.0,33852.0,34150.0,30.09109609168381,0.033235,88.0,18.530216887765846,
simd,BenchmarkALPMatrix,integer-histogram,smooth,1024,8,regular,ALPv3,decode-float,6,BenchmarkALPMatrix/integer-histogram/smooth/n=1024/buckets=8/time=regular/ALPv3/decode-float,33236.5,2711.215,1.0,100.0,32.46,4.749,1024.0,0.111705,32.345,0.0,0.0,33145.0,33703.0,30.80950160215426,0.03246,88.0,18.530216887765846,
simd,BenchmarkALPMatrix,integer-histogram,smooth,1024,8,regular,ALPv3,encode,6,BenchmarkALPMatrix/integer-histogram/smooth/n=1024/buckets=8/time=regular/ALPv3/encode,291076.5,309.58000000000004,1.0,99.845,283.85,4.749,1024.0,1.03485,282.95000000000005,79168.0,57.0,289308.0,292602.0,3.5179755150278362,0.28385000000000005,88.0,18.530216887765846,
simd,BenchmarkALPMatrix,integer-histogram,smooth,1024,8,regular,ALPv4,decode,6,BenchmarkALPMatrix/integer-histogram/smooth/n=1024/buckets=8/time=regular/ALPv4/decode,34160.0,2637.92,1.0,100.0,33.364999999999995,4.796,1024.0,0.089555,33.28,0.0,0.0,34111.0,34288.0,29.97658079625293,0.03336499999999999,88.0,18.34862385321101,
simd,BenchmarkALPMatrix,integer-histogram,smooth,1024,8,regular,ALPv4,decode-float,6,BenchmarkALPMatrix/integer-histogram/smooth/n=1024/buckets=8/time=regular/ALPv4/decode-float,33448.5,2694.065,1.0,100.0,32.665,4.796,1024.0,0.08041000000000001,32.59,0.0,0.0,33374.0,33633.0,30.614227842803114,0.032665,88.0,18.34862385321101,
simd,BenchmarkALPMatrix,integer-histogram,smooth,1024,8,regular,ALPv4,encode,6,BenchmarkALPMatrix/integer-histogram/smooth/n=1024/buckets=8/time=regular/ALPv4/encode,310858.5,289.88,1.0,99.85499999999999,303.1,4.796,1024.0,1.01025,302.2,79680.0,57.0,307422.0,320747.0,3.294103265633721,0.30310000000000004,88.0,18.34862385321101,
simd,BenchmarkALPMatrix,integer-histogram,smooth,1024,8,regular,legacy,decode,6,BenchmarkALPMatrix/integer-histogram/smooth/n=1024/buckets=8/time=regular/legacy/decode,51497.5,1749.83,1.0,100.0,50.29,11.29,1024.0,0.10522000000000001,50.175,16.0,2.0,51313.0,51600.0,19.88446041069955,0.05029,88.0,7.79450841452613,
simd,BenchmarkALPMatrix,integer-histogram,smooth,1024,8,regular,legacy,decode-float,6,BenchmarkALPMatrix/integer-histogram/smooth/n=1024/buckets=8/time=regular/legacy/decode-float,52940.5,1702.135,1.0,100.0,51.705,11.29,1024.0,0.12465,51.575,16.0,2.0,52815.0,53524.0,19.34246937599758,0.051705,88.0,7.79450841452613,
simd,BenchmarkALPMatrix,integer-histogram,smooth,1024,8,regular,legacy,encode,6,BenchmarkALPMatrix/integer-histogram/smooth/n=1024/buckets=8/time=regular/legacy/encode,135856.0,663.2950000000001,1.0,99.795,132.4,11.29,1024.0,0.4238,131.95,47264.0,23.0,135453.0,137762.0,7.537392533270522,0.13240000000000002,88.0,7.79450841452613,
simd,BenchmarkALPMatrix,integer-histogram,smooth,120,1031,regular,ALPv3,decode,6,BenchmarkALPMatrix/integer-histogram/smooth/n=120/buckets=1031/time=regular/ALPv3/decode,192305.0,5161.805,1.0,100.0,1602.5,129.6,120.0,6.1585,1596.5,0.0,0.0,192018.0,192728.0,0.6240087361223057,1.6025,8272.0,63.827160493827165,
simd,BenchmarkALPMatrix,integer-histogram,smooth,120,1031,regular,ALPv3,decode-float,6,BenchmarkALPMatrix/integer-histogram/smooth/n=120/buckets=1031/time=regular/ALPv3/decode-float,220177.0,4508.37,1.0,100.0,1835.0,129.6,120.0,7.23,1827.0,0.0,0.0,219903.0,220273.0,0.545016055264628,1.835,8272.0,63.827160493827165,
simd,BenchmarkALPMatrix,integer-histogram,smooth,120,1031,regular,ALPv3,encode,6,BenchmarkALPMatrix/integer-histogram/smooth/n=120/buckets=1031/time=regular/ALPv3/encode,1649473.0,601.79,1.0,99.91499999999999,13739.5,129.6,120.0,58.519999999999996,13673.5,208720.0,54.0,1647677.0,1705912.0,0.0727505087988709,13.7395,8272.0,63.827160493827165,
simd,BenchmarkALPMatrix,integer-histogram,smooth,120,1031,regular,ALPv4,decode,6,BenchmarkALPMatrix/integer-histogram/smooth/n=120/buckets=1031/time=regular/ALPv4/decode,186295.0,5328.325,1.0,100.0,1552.5,134.1,120.0,6.1355,1546.5,0.0,0.0,185916.0,186472.0,0.6441396709519848,1.5525,8272.0,61.685309470544375,
simd,BenchmarkALPMatrix,integer-histogram,smooth,120,1031,regular,ALPv4,decode-float,6,BenchmarkALPMatrix/integer-histogram/smooth/n=120/buckets=1031/time=regular/ALPv4/decode-float,218258.5,4548.005,1.0,100.0,1819.0,134.1,120.0,6.500500000000001,1812.0,0.0,0.0,217774.0,218787.0,0.5498067658304259,1.819,8272.0,61.685309470544375,
simd,BenchmarkALPMatrix,integer-histogram,smooth,120,1031,regular,ALPv4,encode,6,BenchmarkALPMatrix/integer-histogram/smooth/n=120/buckets=1031/time=regular/ALPv4/encode,1836877.0,540.4,1.0,99.94,15300.0,134.1,120.0,61.07,15243.0,208720.0,54.0,1829806.0,1850969.0,0.0653282718440048,15.3,8272.0,61.685309470544375,
simd,BenchmarkALPMatrix,integer-histogram,smooth,120,1031,regular,legacy,decode,6,BenchmarkALPMatrix/integer-histogram/smooth/n=120/buckets=1031/time=regular/legacy/decode,339894.5,2920.435,1.0,100.0,2832.5,146.6,120.0,13.96,2819.0,16.0,2.0,339524.0,344144.0,0.35305072603410764,2.8325,8272.0,56.4256480218281,
simd,BenchmarkALPMatrix,integer-histogram,smooth,120,1031,regular,legacy,decode-float,6,BenchmarkALPMatrix/integer-histogram/smooth/n=120/buckets=1031/time=regular/legacy/decode-float,399164.5,2486.795,1.0,100.0,3326.5,146.6,120.0,16.93,3308.5,16.0,2.0,398724.0,399702.0,0.30062793660257864,3.3265,8272.0,56.4256480218281,
simd,BenchmarkALPMatrix,integer-histogram,smooth,120,1031,regular,legacy,encode,6,BenchmarkALPMatrix/integer-histogram/smooth/n=120/buckets=1031/time=regular/legacy/encode,926929.5,1070.8899999999999,1.0,99.94,7719.5,146.6,120.0,29.725,7693.0,104736.0,25.0,925778.0,928330.0,0.12945968382708717,7.7195,8272.0,56.4256480218281,
simd,BenchmarkALPMatrix,integer-histogram,smooth,120,128,regular,ALPv3,decode,6,BenchmarkALPMatrix/integer-histogram/smooth/n=120/buckets=128/time=regular/ALPv3/decode,25951.5,4845.985000000001,1.0,100.0,216.25,21.23,120.0,0.6754,215.6,0.0,0.0,25903.0,26035.0,4.624010172822381,0.21625,1048.0,49.364107395195475,
simd,BenchmarkALPMatrix,integer-histogram,smooth,120,128,regular,ALPv3,decode-float,6,BenchmarkALPMatrix/integer-histogram/smooth/n=120/buckets=128/time=regular/ALPv3/decode-float,27211.0,4621.585,1.0,100.0,226.8,21.23,120.0,0.7383500000000001,226.05,0.0,0.0,27179.0,27233.0,4.4099812575796555,0.2268,1048.0,49.364107395195475,
simd,BenchmarkALPMatrix,integer-histogram,smooth,120,128,regular,ALPv3,encode,6,BenchmarkALPMatrix/integer-histogram/smooth/n=120/buckets=128/time=regular/ALPv3/encode,229704.5,547.485,1.0,99.94,1913.5,21.23,120.0,6.6845,1907.0,26192.0,47.0,228384.0,230930.0,0.5224103141209685,1.9135,1048.0,49.364107395195475,
simd,BenchmarkALPMatrix,integer-histogram,smooth,120,128,regular,ALPv4,decode,6,BenchmarkALPMatrix/integer-histogram/smooth/n=120/buckets=128/time=regular/ALPv4/decode,26099.5,4818.49,1.0,100.0,217.5,20.48,120.0,0.78335,216.7,0.0,0.0,26023.0,26179.0,4.597789229678729,0.2175,1048.0,51.171875,
simd,BenchmarkALPMatrix,integer-histogram,smooth,120,128,regular,ALPv4,decode-float,6,BenchmarkALPMatrix/integer-histogram/smooth/n=120/buckets=128/time=regular/ALPv4/decode-float,27160.5,4630.264999999999,1.0,100.0,226.35,20.48,120.0,0.7796000000000001,225.60000000000002,0.0,0.0,27117.0,27245.0,4.418180814049815,0.22635,1048.0,51.171875,
simd,BenchmarkALPMatrix,integer-histogram,smooth,120,128,regular,ALPv4,encode,6,BenchmarkALPMatrix/integer-histogram/smooth/n=120/buckets=128/time=regular/ALPv4/encode,263338.0,477.56,1.0,99.96,2194.0,20.48,120.0,7.939,2187.0,26192.0,47.0,262506.0,264667.0,0.4556881270458498,2.194,1048.0,51.171875,
simd,BenchmarkALPMatrix,integer-histogram,smooth,120,128,regular,legacy,decode,6,BenchmarkALPMatrix/integer-histogram/smooth/n=120/buckets=128/time=regular/legacy/decode,44684.5,2814.385,1.0,100.0,372.4,25.07,120.0,1.1795,371.25,16.0,2.0,44640.0,44722.0,2.6854949702917117,0.37239999999999995,1048.0,41.802951735141605,
simd,BenchmarkALPMatrix,integer-histogram,smooth,120,128,regular,legacy,decode-float,6,BenchmarkALPMatrix/integer-histogram/smooth/n=120/buckets=128/time=regular/legacy/decode-float,48963.5,2568.4350000000004,1.0,100.0,408.1,25.07,120.0,1.388,406.7,16.0,2.0,48934.0,49027.0,2.450805191622331,0.4081,1048.0,41.802951735141605,
simd,BenchmarkALPMatrix,integer-histogram,smooth,120,128,regular,legacy,encode,6,BenchmarkALPMatrix/integer-histogram/smooth/n=120/buckets=128/time=regular/legacy/encode,125168.0,1004.73,1.0,99.96,1043.0,25.07,120.0,3.8135,1039.0,11040.0,18.0,124927.0,125459.0,0.9587114917550812,1.043,1048.0,41.802951735141605,
simd,BenchmarkALPMatrix,integer-histogram,smooth,120,8,regular,ALPv1,decode,6,BenchmarkALPMatrix/integer-histogram/smooth/n=120/buckets=8/time=regular/ALPv1/decode,4040.0,2613.935,1.0,100.0,33.675,11.71,120.0,0.6043499999999999,33.015,0.0,0.0,3929.0,4081.0,29.702970297029704,0.033675,88.0,7.514944491887276,
simd,BenchmarkALPMatrix,integer-histogram,smooth,120,8,regular,ALPv1,decode-cold,6,BenchmarkALPMatrix/integer-histogram/smooth/n=120/buckets=8/time=regular/ALPv1/decode-cold,6631.0,1592.5149999999999,1.0,98.72999999999999,54.545,11.71,120.0,0.3269,54.235,12080.0,16.0,6587.0,7004.0,18.096817976172524,0.054545,88.0,7.514944491887276,
simd,BenchmarkALPMatrix,integer-histogram,smooth,120,8,regular,ALPv1,decode-float,6,BenchmarkALPMatrix/integer-histogram/smooth/n=120/buckets=8/time=regular/ALPv1/decode-float,3985.0,2650.08,1.0,100.0,33.22,11.71,120.0,0.73095,32.49,0.0,0.0,3923.0,4009.0,30.1129234629862,0.03322,88.0,7.514944491887276,
simd,BenchmarkALPMatrix,integer-histogram,smooth,120,8,regular,ALPv1,encode,6,BenchmarkALPMatrix/integer-histogram/smooth/n=120/buckets=8/time=regular/ALPv1/encode,34099.0,309.685,1.0,99.875,283.85,11.71,120.0,0.9064,282.95,8896.0,45.0,33132.0,35158.0,3.5191647848910526,0.28385000000000005,88.0,7.514944491887276,
simd,BenchmarkALPMatrix,integer-histogram,smooth,120,8,regular,ALPv3,decode,6,BenchmarkALPMatrix/integer-histogram/smooth/n=120/buckets=8/time=regular/ALPv3/decode,4146.0,2546.77,1.0,99.995,34.555,5.825,120.0,0.11750000000000001,34.43,0.0,0.0,4125.0,4172.0,28.94356005788712,0.034555,88.0,15.107296137339056,
simd,BenchmarkALPMatrix,integer-histogram,smooth,120,8,regular,ALPv3,decode-cold,6,BenchmarkALPMatrix/integer-histogram/smooth/n=120/buckets=8/time=regular/ALPv3/decode-cold,6406.5,1648.29,1.0,99.60499999999999,53.19,5.825,120.0,0.21675,52.975,4272.0,16.0,6331.0,6481.0,18.730976352142356,0.05319,88.0,15.107296137339056,
simd,BenchmarkALPMatrix,integer-histogram,smooth,120,8,regular,ALPv3,decode-float,6,BenchmarkALPMatrix/integer-histogram/smooth/n=120/buckets=8/time=regular/ALPv3/decode-float,3983.0,2651.145,1.0,99.995,33.19,5.825,120.0,0.06933,33.125,0.0,0.0,3974.0,3996.0,30.128044187798142,0.03319,88.0,15.107296137339056,
simd,BenchmarkALPMatrix,integer-histogram,smooth,120,8,regular,ALPv3,encode,6,BenchmarkALPMatrix/integer-histogram/smooth/n=120/buckets=8/time=regular/ALPv3/encode,34902.0,302.56,1.0,99.9,290.54999999999995,5.825,120.0,1.1284999999999998,289.45000000000005,8192.0,45.0,34540.0,35058.0,3.4381983840467596,0.29055,88.0,15.107296137339056,
simd,BenchmarkALPMatrix,integer-histogram,smooth,120,8,regular,ALPv4,decode,6,BenchmarkALPMatrix/integer-histogram/smooth/n=120/buckets=8/time=regular/ALPv4/decode,4162.5,2536.95,1.0,99.995,34.685,5.642,120.0,0.11935,34.565,0.0,0.0,4156.0,4168.0,28.82882882882883,0.034685,88.0,15.597305919886564,
simd,BenchmarkALPMatrix,integer-histogram,smooth,120,8,regular,ALPv4,decode-cold,6,BenchmarkALPMatrix/integer-histogram/smooth/n=120/buckets=8/time=regular/ALPv4/decode-cold,6465.5,1633.33,1.0,99.595,53.66,5.642,120.0,0.25895,53.395,4272.0,16.0,6429.0,6551.0,18.560049493465314,0.05366,88.0,15.597305919886564,
simd,BenchmarkALPMatrix,integer-histogram,smooth,120,8,regular,ALPv4,decode-float,6,BenchmarkALPMatrix/integer-histogram/smooth/n=120/buckets=8/time=regular/ALPv4/decode-float,4051.0,2606.785,1.0,100.0,33.760000000000005,5.642,120.0,0.12175,33.635,0.0,0.0,4041.0,4061.0,29.622315477659836,0.033760000000000005,88.0,15.597305919886564,
simd,BenchmarkALPMatrix,integer-histogram,smooth,120,8,regular,ALPv4,encode,6,BenchmarkALPMatrix/integer-histogram/smooth/n=120/buckets=8/time=regular/ALPv4/encode,37750.5,279.735,1.0,99.92,314.29999999999995,5.642,120.0,0.8292999999999999,313.55,8192.0,45.0,37602.0,38562.0,3.1787658441610045,0.31429999999999997,88.0,15.597305919886564,
simd,BenchmarkALPMatrix,integer-histogram,smooth,120,8,regular,legacy,decode,6,BenchmarkALPMatrix/integer-histogram/smooth/n=120/buckets=8/time=regular/legacy/decode,4990.0,2116.325,1.0,99.995,41.58,8.917,120.0,0.083485,41.425,16.0,2.0,4975.0,5041.0,24.04809619238477,0.04158,88.0,9.868789951777504,
simd,BenchmarkALPMatrix,integer-histogram,smooth,120,8,regular,legacy,decode-cold,6,BenchmarkALPMatrix/integer-histogram/smooth/n=120/buckets=8/time=regular/legacy/decode-cold,5910.0,1786.8249999999998,1.0,99.93,49.215,8.917,120.0,0.13915,49.08,880.0,15.0,5812.0,5998.0,20.304568527918782,0.049215,88.0,9.868789951777504,
simd,BenchmarkALPMatrix,integer-histogram,smooth,120,8,regular,legacy,decode-float,6,BenchmarkALPMatrix/integer-histogram/smooth/n=120/buckets=8/time=regular/legacy/decode-float,5140.0,2054.57,1.0,99.995,42.835,8.917,120.0,0.09567500000000001,42.735,16.0,2.0,5134.0,5145.0,23.346303501945524,0.042835,88.0,9.868789951777504,
simd,BenchmarkALPMatrix,integer-histogram,smooth,120,8,regular,legacy,encode,6,BenchmarkALPMatrix/integer-histogram/smooth/n=120/buckets=8/time=regular/legacy/encode,14977.5,705.065,1.0,99.87,124.6,8.917,120.0,0.38105,124.35,4000.0,16.0,14829.0,15045.0,8.012018027040561,0.12459999999999999,88.0,9.868789951777504,
simd,BenchmarkALPMatrix,integer-histogram,smooth,32,8,regular,ALPv3,decode,6,BenchmarkALPMatrix/integer-histogram/smooth/n=32/buckets=8/time=regular/ALPv3/decode,1209.5,2328.07,1.0,100.0,37.8,10.34,32.0,0.14565,37.66,0.0,0.0,1199.0,1219.0,26.45721372467962,0.0378,88.0,8.51063829787234,
simd,BenchmarkALPMatrix,integer-histogram,smooth,32,8,regular,ALPv3,decode-float,6,BenchmarkALPMatrix/integer-histogram/smooth/n=32/buckets=8/time=regular/ALPv3/decode-float,1170.0,2406.725,1.0,100.0,36.565,10.34,32.0,0.13765,36.425,0.0,0.0,1168.0,1172.0,27.35042735042735,0.036565,88.0,8.51063829787234,
simd,BenchmarkALPMatrix,integer-histogram,smooth,32,8,regular,ALPv3,encode,6,BenchmarkALPMatrix/integer-histogram/smooth/n=32/buckets=8/time=regular/ALPv3/encode,15544.0,181.16000000000003,1.0,99.88499999999999,485.25,10.34,32.0,1.8815,483.35,4096.0,42.0,15390.0,15741.0,2.058672156459084,0.48525,88.0,8.51063829787234,
simd,BenchmarkALPMatrix,integer-histogram,smooth,32,8,regular,ALPv4,decode,6,BenchmarkALPMatrix/integer-histogram/smooth/n=32/buckets=8/time=regular/ALPv4/decode,1208.0,2331.575,1.0,100.0,37.75,9.438,32.0,0.1562,37.575,0.0,0.0,1204.0,1215.0,26.490066225165563,0.03775,88.0,9.324009324009323,
simd,BenchmarkALPMatrix,integer-histogram,smooth,32,8,regular,ALPv4,decode-float,6,BenchmarkALPMatrix/integer-histogram/smooth/n=32/buckets=8/time=regular/ALPv4/decode-float,1172.5,2401.545,1.0,100.0,36.644999999999996,9.438,32.0,0.12535,36.53,0.0,0.0,1172.0,1176.0,27.292110874200425,0.036645,88.0,9.324009324009323,
simd,BenchmarkALPMatrix,integer-histogram,smooth,32,8,regular,ALPv4,encode,6,BenchmarkALPMatrix/integer-histogram/smooth/n=32/buckets=8/time=regular/ALPv4/encode,17049.0,165.165,1.0,99.91,532.4,9.438,32.0,2.7794999999999996,529.75,4064.0,42.0,16171.0,17128.0,1.876942929204059,0.5324,88.0,9.324009324009323,
simd,BenchmarkALPMatrix,integer-histogram,smooth,32,8,regular,legacy,decode,6,BenchmarkALPMatrix/integer-histogram/smooth/n=32/buckets=8/time=regular/legacy/decode,1503.5,1872.815,1.0,99.985,46.980000000000004,9.719,32.0,0.20915,46.83,16.0,2.0,1480.0,1525.0,21.283671433322247,0.04698,88.0,9.05442946805227,
simd,BenchmarkALPMatrix,integer-histogram,smooth,32,8,regular,legacy,decode-float,6,BenchmarkALPMatrix/integer-histogram/smooth/n=32/buckets=8/time=regular/legacy/decode-float,1516.5,1856.72,1.0,100.0,47.394999999999996,9.719,32.0,0.18245,47.235,16.0,2.0,1510.0,1520.0,21.101219914276292,0.04739499999999999,88.0,9.05442946805227,
simd,BenchmarkALPMatrix,integer-histogram,smooth,32,8,regular,legacy,encode,6,BenchmarkALPMatrix/integer-histogram/smooth/n=32/buckets=8/time=regular/legacy/encode,4535.5,620.91,1.0,99.81,141.45,9.719,32.0,0.5827,140.9,1696.0,14.0,4517.0,4551.0,7.055451438650645,0.14145,88.0,9.05442946805227,
simd,BenchmarkALPMatrix,integer-histogram,stale,120,128,regular,ALPv3,decode,6,BenchmarkALPMatrix/integer-histogram/stale/n=120/buckets=128/time=regular/ALPv3/decode,30413.0,3933.065,6.0,99.91,253.2,62.02,120.0,0.8712500000000001,252.35,6240.0,24.0,30208.0,30711.0,3.945681123203893,0.2532,996.8,16.072234762979683,
simd,BenchmarkALPMatrix,integer-histogram,stale,120,128,regular,ALPv3,decode-float,6,BenchmarkALPMatrix/integer-histogram/stale/n=120/buckets=128/time=regular/ALPv3/decode-float,31439.0,3804.705,6.0,99.91,261.79999999999995,62.02,120.0,0.81585,260.9,6240.0,24.0,31120.0,31498.0,3.81691529628805,0.2618,996.8,16.072234762979683,
simd,BenchmarkALPMatrix,integer-histogram,stale,120,128,regular,ALPv3,encode,6,BenchmarkALPMatrix/integer-histogram/stale/n=120/buckets=128/time=regular/ALPv3/encode,284717.5,420.125,6.0,99.815,2368.5,62.02,120.0,10.82,2357.5,97920.0,254.0,280491.0,287865.0,0.4214704048750077,2.3685,996.8,16.072234762979683,
simd,BenchmarkALPMatrix,integer-histogram,stale,120,128,regular,ALPv4,decode,6,BenchmarkALPMatrix/integer-histogram/stale/n=120/buckets=128/time=regular/ALPv4/decode,30619.0,3906.585,6.0,99.905,254.9,47.23,120.0,1.0389,253.95,6240.0,24.0,30347.0,30786.0,3.919135177504164,0.2549,996.8,21.105229726868515,
simd,BenchmarkALPMatrix,integer-histogram,stale,120,128,regular,ALPv4,decode-float,6,BenchmarkALPMatrix/integer-histogram/stale/n=120/buckets=128/time=regular/ALPv4/decode-float,31324.0,3818.6899999999996,6.0,99.9,260.6,47.23,120.0,0.9229,259.65,6240.0,24.0,31192.0,31602.0,3.8309283616396375,0.2606,996.8,21.105229726868515,
simd,BenchmarkALPMatrix,integer-histogram,stale,120,128,regular,ALPv4,encode,6,BenchmarkALPMatrix/integer-histogram/stale/n=120/buckets=128/time=regular/ALPv4/encode,333731.0,358.41999999999996,6.0,99.845,2776.5,47.23,120.0,10.9,2767.0,96256.0,254.0,331811.0,336909.0,0.35957103175911137,2.7765,996.8,21.105229726868515,
simd,BenchmarkALPMatrix,integer-histogram,stale,120,128,regular,legacy,decode,6,BenchmarkALPMatrix/integer-histogram/stale/n=120/buckets=128/time=regular/legacy/decode,51409.5,2326.745,6.0,99.91,428.04999999999995,36.73,120.0,1.6105,426.65,7296.0,42.0,51294.0,51581.0,2.3341989321039884,0.42804999999999993,996.8,27.138578818404575,
simd,BenchmarkALPMatrix,integer-histogram,stale,120,128,regular,legacy,decode-float,6,BenchmarkALPMatrix/integer-histogram/stale/n=120/buckets=128/time=regular/legacy/decode-float,55728.5,2146.41,6.0,99.94,464.1,36.73,120.0,1.997,462.1,7296.0,42.0,55625.0,55830.0,2.1532967871017523,0.4641,996.8,27.138578818404575,
simd,BenchmarkALPMatrix,integer-histogram,stale,120,128,regular,legacy,encode,6,BenchmarkALPMatrix/integer-histogram/stale/n=120/buckets=128/time=regular/legacy/encode,130743.0,914.895,6.0,99.91,1088.5,36.73,120.0,3.5275,1084.5,25616.0,78.0,130676.0,130752.0,0.9178311649572061,1.0885,996.8,27.138578818404575,
simd,BenchmarkALPMatrix,integer-histogram,stale,120,8,regular,ALPv3,decode,6,BenchmarkALPMatrix/integer-histogram/stale/n=120/buckets=8/time=regular/ALPv3/decode,6104.0,1667.14,6.0,99.965,50.845,20.02,120.0,0.21705000000000002,50.64,480.0,24.0,5977.0,6294.0,19.65923984272608,0.050845,84.8,4.235764235764235,
simd,BenchmarkALPMatrix,integer-histogram,stale,120,8,regular,ALPv3,decode-float,6,BenchmarkALPMatrix/integer-histogram/stale/n=120/buckets=8/time=regular/ALPv3/decode-float,5677.0,1792.495,6.0,99.94,47.275000000000006,20.02,120.0,0.16995,47.09,480.0,24.0,5562.0,5797.0,21.13792496036639,0.047275000000000005,84.8,4.235764235764235,
simd,BenchmarkALPMatrix,integer-histogram,stale,120,8,regular,ALPv3,encode,6,BenchmarkALPMatrix/integer-histogram/stale/n=120/buckets=8/time=regular/ALPv3/encode,75180.5,135.365,6.0,99.85,625.5,20.02,120.0,2.2645,623.05,22528.0,242.0,73332.0,77001.0,1.5961585783547596,0.6255,84.8,4.235764235764235,
simd,BenchmarkALPMatrix,integer-histogram,stale,120,8,regular,ALPv4,decode,6,BenchmarkALPMatrix/integer-histogram/stale/n=120/buckets=8/time=regular/ALPv4/decode,6055.5,1680.56,6.0,99.975,50.45,17.9,120.0,0.1781,50.265,480.0,24.0,5861.0,6379.0,19.816695566014367,0.05045,84.8,4.737430167597766,
simd,BenchmarkALPMatrix,integer-histogram,stale,120,8,regular,ALPv4,decode-float,6,BenchmarkALPMatrix/integer-histogram/stale/n=120/buckets=8/time=regular/ALPv4/decode-float,5623.5,1809.5349999999999,6.0,99.965,46.845,17.9,120.0,0.1649,46.69499999999999,480.0,24.0,5548.0,5692.0,21.33902373966391,0.046845,84.8,4.737430167597766,
simd,BenchmarkALPMatrix,integer-histogram,stale,120,8,regular,ALPv4,encode,6,BenchmarkALPMatrix/integer-histogram/stale/n=120/buckets=8/time=regular/ALPv4/encode,86634.5,117.465,6.0,99.875,720.9,17.9,120.0,2.353,718.6500000000001,22240.0,242.0,85389.0,87249.0,1.385129480749586,0.7209,84.8,4.737430167597766,
simd,BenchmarkALPMatrix,integer-histogram,stale,120,8,regular,legacy,decode,6,BenchmarkALPMatrix/integer-histogram/stale/n=120/buckets=8/time=regular/legacy/decode,7365.5,1381.5500000000002,6.0,99.92,61.334999999999994,11.05,120.0,0.19890000000000002,61.14,1536.0,42.0,7306.0,7497.0,16.292172968569684,0.061334999999999994,84.8,7.6742081447963795,
simd,BenchmarkALPMatrix,integer-histogram,stale,120,8,regular,legacy,decode-float,6,BenchmarkALPMatrix/integer-histogram/stale/n=120/buckets=8/time=regular/legacy/decode-float,7558.5,1346.3,6.0,99.92,62.94,11.05,120.0,0.21434999999999998,62.715,1536.0,42.0,7513.0,7604.0,15.876165905933718,0.06294,84.8,7.6742081447963795,
simd,BenchmarkALPMatrix,integer-histogram,stale,120,8,regular,legacy,encode,6,BenchmarkALPMatrix/integer-histogram/stale/n=120/buckets=8/time=regular/legacy/encode,17862.0,569.7049999999999,6.0,99.82,148.60000000000002,11.05,120.0,0.5780000000000001,148.1,5648.0,66.0,17813.0,18123.0,6.718172657037286,0.1486,84.8,7.6742081447963795,
simd,BenchmarkALPMatrixTranscode,float-histogram,fractional,120,8,regular,adaptive,transcode,6,BenchmarkALPMatrixTranscode/float-histogram/fractional/n=120/buckets=8/time=regular/adaptive,26069.0,405.08000000000004,,99.93,216.95,23.66,120.0,0.9154,216.05,3793.0,11.0,25951.0,26102.0,4.603168514327362,0.21694999999999998,88.0,3.7193575655114115,100.0
simd,BenchmarkALPMatrixTranscode,float-histogram,fractional,120,8,regular,forced,transcode,6,BenchmarkALPMatrixTranscode/float-histogram/fractional/n=120/buckets=8/time=regular/forced,25886.0,407.94500000000005,,99.94,215.60000000000002,23.66,120.0,0.9167,214.65,3793.0,11.0,25630.0,25940.0,4.6357104226222665,0.2156,88.0,3.7193575655114115,100.0
simd,BenchmarkALPMatrixTranscode,float-histogram,noisy-fractional,120,128,regular,adaptive,transcode,6,BenchmarkALPMatrixTranscode/float-histogram/noisy-fractional/n=120/buckets=128/time=regular/adaptive,423597.0,296.885,,99.68,3517.0,832.6,120.0,5.358499999999999,3511.5,222963.0,12.0,422288.0,425230.0,0.283288125270009,3.517,1048.0,1.2587076627432139,100.0
simd,BenchmarkALPMatrixTranscode,float-histogram,noisy-fractional,120,128,regular,forced,transcode,6,BenchmarkALPMatrixTranscode/float-histogram/noisy-fractional/n=120/buckets=128/time=regular/forced,423058.0,297.265,,99.69,3514.5,832.6,120.0,5.5265,3509.0,222963.0,12.0,422554.0,423588.0,0.2836490504848035,3.5145,1048.0,1.2587076627432139,100.0
simd,BenchmarkALPMatrixTranscode,float,computed,120,0,regular,adaptive,transcode,6,BenchmarkALPMatrixTranscode/float/computed/n=120/buckets=0/time=regular/adaptive,116.35,8249.265,,99.94,0.96925,7.142,120.0,0.0030670000000000003,0.96625,16.0,0.0,116.0,117.2,1031.3708637730986,0.00096925,8,1.1201344161299356,0.0
simd,BenchmarkALPMatrixTranscode,float,computed,120,0,regular,forced,transcode,6,BenchmarkALPMatrixTranscode/float/computed/n=120/buckets=0/time=regular/forced,4619.0,207.84,,99.905,38.455,6.808,120.0,0.1316,38.31,1136.0,3.0,4611.0,4621.0,25.97964927473479,0.038454999999999996,8,1.1750881316098707,100.0
simd,BenchmarkALPMatrixTranscode,float,decimal2,120,0,regular,adaptive,transcode,6,BenchmarkALPMatrixTranscode/float/decimal2/n=120/buckets=0/time=regular/adaptive,2356.0,407.48,,99.8,19.595,1.375,120.0,0.06689999999999999,19.53,944.0,3.0,2348.0,2367.0,50.93378607809847,0.019594999999999998,8,5.818181818181818,100.0
simd,BenchmarkALPMatrixTranscode,float,decimal2,120,0,regular,forced,transcode,6,BenchmarkALPMatrixTranscode/float/decimal2/n=120/buckets=0/time=regular/forced,2346.0,409.265,,99.78,19.515,1.375,120.0,0.06548999999999999,19.445,944.0,3.0,2332.0,2361.0,51.150895140664964,0.019515,8,5.818181818181818,100.0
simd,BenchmarkALPMatrixTranscode,float,random-bits,120,0,regular,adaptive,transcode,6,BenchmarkALPMatrixTranscode/float/random-bits/n=120/buckets=0/time=regular/adaptive,65.35499999999999,14690.650000000001,,99.66499999999999,0.5428,8.517,120.0,0.004215,0.53885,16.0,0.0,63.81,66.95,1836.1257746155613,0.0005428,8,0.9392978748385582,0.0
simd,BenchmarkALPMatrixTranscode,float,random-bits,120,0,regular,forced,transcode,6,BenchmarkALPMatrixTranscode/float/random-bits/n=120/buckets=0/time=regular/forced,7525.0,127.57,,99.92500000000001,62.685,8.333,120.0,0.28805000000000003,62.385,1264.0,3.0,7455.0,7625.0,15.946843853820598,0.062685,8,0.9600384015360615,100.0
simd,BenchmarkALPMatrixTranscode,integer-histogram,bursty,120,128,regular,adaptive,transcode,6,BenchmarkALPMatrixTranscode/integer-histogram/bursty/n=120/buckets=128/time=regular/adaptive,6870.5,18303.985,,99.67,57.07,94.92,120.0,0.29325,56.75,3504.0,9.0,6840.0,6922.0,17.465977730878393,0.05707,1048.0,11.04087652760219,0.0
simd,BenchmarkALPMatrixTranscode,integer-histogram,bursty,120,128,regular,forced,transcode,6,BenchmarkALPMatrixTranscode/integer-histogram/bursty/n=120/buckets=128/time=regular/forced,180314.5,697.4549999999999,,99.94,1501.5,131.3,120.0,9.261,1488.0,19972.0,11.0,179023.0,184632.0,0.6655038834924535,1.5015,1048.0,7.981721249047981,100.0
simd,BenchmarkALPMatrixTranscode,integer-histogram,smooth,120,8,regular,adaptive,transcode,6,BenchmarkALPMatrixTranscode/integer-histogram/smooth/n=120/buckets=8/time=regular/adaptive,17059.5,619.0250000000001,,99.965,142.1,5.825,120.0,0.3963,141.7,1392.0,11.0,17027.0,17115.0,7.03420381605557,0.1421,88.0,15.107296137339056,100.0
simd,BenchmarkALPMatrixTranscode,integer-histogram,smooth,120,8,regular,forced,transcode,6,BenchmarkALPMatrixTranscode/integer-histogram/smooth/n=120/buckets=8/time=regular/forced,16732.5,631.11,,99.96,139.4,5.825,120.0,0.63285,138.8,1392.0,11.0,16686.0,16814.0,7.171671896010758,0.1394,88.0,15.107296137339056,100.0
