backend,suite,family,pattern,samples,buckets,timing,codec,operation,observations,ns/op,min-ns/op,max-ns/op,M-samples/s,MB/s,encoded-B/sample,cpu-seconds/M-samples,cpu-ns/sample,user-cpu-ns/sample,sys-cpu-ns/sample,cpu-%core,B/op,allocs/op,chunks/op,accepted-%,benchmark
scalar,BenchmarkALPMatrix,float,computed,1024,0,no-st,ALP,decode,6,4673.5,4662.0,4718.0,219.10773510217183,1752.75,6.675,0.0045655,4.5655,4.547499999999999,0.01817,100.0,0.0,0.0,1.0,,BenchmarkALPMatrix/float/computed/n=1024/buckets=0/time=no-st/ALP/decode
scalar,BenchmarkALPMatrix,float,computed,1024,0,no-st,ALP,encode,6,89374.0,89051.0,89871.0,11.45747085282073,91.66,6.675,0.08708000000000002,87.08000000000001,86.705,0.4243,99.775,38304.0,27.0,1.0,,BenchmarkALPMatrix/float/computed/n=1024/buckets=0/time=no-st/ALP/encode
scalar,BenchmarkALPMatrix,float,computed,1024,0,no-st,XOR,decode,6,8513.5,8504.0,8549.0,120.27955599929524,962.26,7.013,0.008314499999999999,8.314499999999999,8.292,0.023265,100.0,0.0,0.0,1.0,,BenchmarkALPMatrix/float/computed/n=1024/buckets=0/time=no-st/XOR/decode
scalar,BenchmarkALPMatrix,float,computed,1024,0,no-st,XOR,encode,6,21968.0,21659.0,22541.0,46.613255644573925,372.91499999999996,7.013,0.02115,21.15,21.009999999999998,0.13735,98.725,34592.0,16.0,1.0,,BenchmarkALPMatrix/float/computed/n=1024/buckets=0/time=no-st/XOR/encode
scalar,BenchmarkALPMatrix,float,computed,1024,0,no-st,XOR2,decode,6,14048.0,13980.0,14103.0,72.89293849658314,583.155,9.646,0.01372,13.719999999999999,13.66,0.05797,100.0,0.0,0.0,1.0,,BenchmarkALPMatrix/float/computed/n=1024/buckets=0/time=no-st/XOR2/decode
scalar,BenchmarkALPMatrix,float,computed,1024,0,no-st,XOR2,encode,6,20965.0,20905.0,21347.0,48.84331027903649,390.745,9.646,0.02017,20.17,19.98,0.18645,98.455,46896.0,17.0,1.0,,BenchmarkALPMatrix/float/computed/n=1024/buckets=0/time=no-st/XOR2/encode
scalar,BenchmarkALPMatrix,float,computed,120,0,no-st-jitter,ALP,decode,6,859.4,857.0,864.0,139.63230160577146,1117.085,8.642,0.007163,7.163,7.140000000000001,0.0232,100.0,0.0,0.0,1.0,,BenchmarkALPMatrix/float/computed/n=120/buckets=0/time=no-st-jitter/ALP/decode
scalar,BenchmarkALPMatrix,float,computed,120,0,no-st-jitter,ALP,encode,6,10259.5,10221.0,10546.0,11.696476436473512,93.57,8.642,0.08502000000000001,85.02000000000001,84.565,0.4395,99.445,9008.0,15.0,1.0,,BenchmarkALPMatrix/float/computed/n=120/buckets=0/time=no-st-jitter/ALP/encode
scalar,BenchmarkALPMatrix,float,computed,120,0,no-st-jitter,XOR,decode,6,1545.5,1543.0,1548.0,77.64477515367196,621.21,8.95,0.01288,12.88,12.844999999999999,0.026750000000000003,100.0,0.0,0.0,1.0,,BenchmarkALPMatrix/float/computed/n=120/buckets=0/time=no-st-jitter/XOR/decode
scalar,BenchmarkALPMatrix,float,computed,120,0,no-st-jitter,XOR,encode,6,2672.5,2666.0,2686.0,44.90177736202058,359.205,8.95,0.022054999999999998,22.055,21.92,0.13895000000000002,99.07499999999999,3616.0,10.0,1.0,,BenchmarkALPMatrix/float/computed/n=120/buckets=0/time=no-st-jitter/XOR/encode
scalar,BenchmarkALPMatrix,float,computed,120,0,no-st-jitter,XOR2,decode,6,1285.5,1274.0,1295.0,93.34889148191365,746.765,8.958,0.010715,10.715,10.675,0.043149999999999994,100.0,0.0,0.0,1.0,,BenchmarkALPMatrix/float/computed/n=120/buckets=0/time=no-st-jitter/XOR2/decode
scalar,BenchmarkALPMatrix,float,computed,120,0,no-st-jitter,XOR2,encode,6,2279.5,2271.0,2318.0,52.64312349199386,421.135,8.958,0.018785,18.785,18.634999999999998,0.14345,98.88499999999999,3632.0,10.0,1.0,,BenchmarkALPMatrix/float/computed/n=120/buckets=0/time=no-st-jitter/XOR2/encode
scalar,BenchmarkALPMatrix,float,computed,120,0,no-st,ALP,decode,6,557.15,555.9,559.6,215.38185407879388,1723.005,6.742,0.004643499999999999,4.6434999999999995,4.637499999999999,0.006503500000000001,100.0,0.0,0.0,1.0,,BenchmarkALPMatrix/float/computed/n=120/buckets=0/time=no-st/ALP/decode
scalar,BenchmarkALPMatrix,float,computed,120,0,no-st,ALP,encode,6,9996.5,9967.0,10141.0,12.00420147051468,96.035,6.742,0.08284,82.84,82.6,0.26944999999999997,99.495,7600.0,14.0,1.0,,BenchmarkALPMatrix/float/computed/n=120/buckets=0/time=no-st/ALP/encode
scalar,BenchmarkALPMatrix,float,computed,120,0,no-st,XOR,decode,6,1040.0,1040.0,1048.0,115.38461538461539,922.725,7.108,0.008670500000000001,8.6705,8.6585,0.01159,100.0,0.0,0.0,1.0,,BenchmarkALPMatrix/float/computed/n=120/buckets=0/time=no-st/XOR/decode
scalar,BenchmarkALPMatrix,float,computed,120,0,no-st,XOR,encode,6,2464.5,2446.0,2480.0,48.691418137553256,389.505,7.108,0.020415,20.415,20.34,0.060454999999999995,99.38499999999999,2208.0,9.0,1.0,,BenchmarkALPMatrix/float/computed/n=120/buckets=0/time=no-st/XOR/encode
scalar,BenchmarkALPMatrix,float,computed,120,0,no-st,XOR2,decode,6,901.6,898.7,903.0,133.09671694764862,1064.795,7.117,0.007513999999999999,7.513999999999999,7.504,0.0108245,100.0,0.0,0.0,1.0,,BenchmarkALPMatrix/float/computed/n=120/buckets=0/time=no-st/XOR2/decode
scalar,BenchmarkALPMatrix,float,computed,120,0,no-st,XOR2,encode,6,1954.0,1949.0,1963.0,61.412487205731836,491.26,7.117,0.016155000000000003,16.155,16.095,0.05456,99.195,2224.0,9.0,1.0,,BenchmarkALPMatrix/float/computed/n=120/buckets=0/time=no-st/XOR2/encode
scalar,BenchmarkALPMatrix,float,computed,32,0,no-st,ALP,decode,6,202.9,202.0,205.2,157.71315919172005,1261.63,8.031,0.0063419999999999995,6.342,6.3125,0.021470000000000003,100.0,0.0,0.0,1.0,,BenchmarkALPMatrix/float/computed/n=32/buckets=0/time=no-st/ALP/decode
scalar,BenchmarkALPMatrix,float,computed,32,0,no-st,ALP,encode,6,6903.0,6856.0,6930.0,4.635665652614805,37.084999999999994,8.031,0.21539999999999998,215.39999999999998,214.35,0.91355,99.85499999999999,2256.0,12.0,1.0,,BenchmarkALPMatrix/float/computed/n=32/buckets=0/time=no-st/ALP/encode
scalar,BenchmarkALPMatrix,float,computed,32,0,no-st,XOR,decode,6,297.75,295.1,299.7,107.47271200671705,859.77,7.406,0.0093055,9.3055,9.269,0.031215,100.0,0.0,0.0,1.0,,BenchmarkALPMatrix/float/computed/n=32/buckets=0/time=no-st/XOR/decode
scalar,BenchmarkALPMatrix,float,computed,32,0,no-st,XOR,encode,6,758.6,749.3,772.1,42.182968626417086,337.46000000000004,7.406,0.023379999999999998,23.38,22.845,0.5428,98.775,800.0,7.0,1.0,,BenchmarkALPMatrix/float/computed/n=32/buckets=0/time=no-st/XOR/encode
scalar,BenchmarkALPMatrix,float,computed,32,0,no-st,XOR2,decode,6,258.4,258.1,261.5,123.8390092879257,990.825,7.438,0.0080745,8.0745,8.0455,0.023649999999999997,100.0,0.0,0.0,1.0,,BenchmarkALPMatrix/float/computed/n=32/buckets=0/time=no-st/XOR2/decode
scalar,BenchmarkALPMatrix,float,computed,32,0,no-st,XOR2,encode,6,591.0,590.3,597.1,54.145516074450086,433.165,7.438,0.01829,18.29,18.195,0.09143,99.00999999999999,816.0,7.0,1.0,,BenchmarkALPMatrix/float/computed/n=32/buckets=0/time=no-st/XOR2/encode
scalar,BenchmarkALPMatrix,float,constant,1024,0,no-st,ALP,decode,6,2290.0,2288.0,2304.0,447.16157205240177,3577.135,0.292,0.0022365,2.2365000000000004,2.2285,0.008244,100.0,0.0,0.0,1.0,,BenchmarkALPMatrix/float/constant/n=1024/buckets=0/time=no-st/ALP/decode
scalar,BenchmarkALPMatrix,float,constant,1024,0,no-st,ALP,encode,6,5729.0,5693.0,5749.0,178.73974515622274,1429.92,0.292,0.0055385,5.5385,5.5,0.03875,99.02,7904.0,20.0,1.0,,BenchmarkALPMatrix/float/constant/n=1024/buckets=0/time=no-st/ALP/encode
scalar,BenchmarkALPMatrix,float,constant,1024,0,no-st,XOR,decode,6,2291.5,2284.0,2299.0,446.8688631900502,3574.51,0.2676,0.0022385,2.2385,2.2315,0.0079325,100.0,0.0,0.0,1.0,,BenchmarkALPMatrix/float/constant/n=1024/buckets=0/time=no-st/XOR/decode
scalar,BenchmarkALPMatrix,float,constant,1024,0,no-st,XOR,encode,6,4605.0,4584.0,4647.0,222.3669923995657,1779.01,0.2676,0.0044925,4.4925,4.471,0.02104,99.88499999999999,1312.0,8.0,1.0,,BenchmarkALPMatrix/float/constant/n=1024/buckets=0/time=no-st/XOR/encode
scalar,BenchmarkALPMatrix,float,constant,1024,0,no-st,XOR2,decode,6,14099.0,14035.0,14575.0,72.62926448684304,581.02,2.776,0.01377,13.77,13.725000000000001,0.051535,100.0,0.0,0.0,1.0,,BenchmarkALPMatrix/float/constant/n=1024/buckets=0/time=no-st/XOR2/decode
scalar,BenchmarkALPMatrix,float,constant,1024,0,no-st,XOR2,encode,6,8285.0,8194.0,8355.0,123.5968617984309,988.8199999999999,2.776,0.008022999999999999,8.023,7.9830000000000005,0.039975,99.235,8752.0,12.0,1.0,,BenchmarkALPMatrix/float/constant/n=1024/buckets=0/time=no-st/XOR2/encode
scalar,BenchmarkALPMatrix,float,constant,120,0,no-st,ALP,decode,6,268.8,266.6,269.8,446.4285714285714,3571.13,0.3333,0.0022400000000000002,2.24,2.237,0.0028859999999999997,99.995,0.0,0.0,1.0,,BenchmarkALPMatrix/float/constant/n=120/buckets=0/time=no-st/ALP/decode
scalar,BenchmarkALPMatrix,float,constant,120,0,no-st,ALP,encode,6,1303.5,1298.0,1310.0,92.05983889528193,736.52,0.3333,0.010385000000000002,10.385000000000002,10.27,0.112,95.545,7600.0,14.0,1.0,,BenchmarkALPMatrix/float/constant/n=120/buckets=0/time=no-st/ALP/encode
scalar,BenchmarkALPMatrix,float,constant,120,0,no-st,XOR,decode,6,319.6,319.4,320.3,375.4693366708385,3003.49,0.4,0.0026635,2.6635,2.66,0.003443,100.0,0.0,0.0,1.0,,BenchmarkALPMatrix/float/constant/n=120/buckets=0/time=no-st/XOR/decode
scalar,BenchmarkALPMatrix,float,constant,120,0,no-st,XOR,encode,6,686.95,685.3,688.5,174.68520270762062,1397.5149999999999,0.4,0.0056955,5.6955,5.6795,0.016035,99.475,544.0,6.0,1.0,,BenchmarkALPMatrix/float/constant/n=120/buckets=0/time=no-st/XOR/encode
scalar,BenchmarkALPMatrix,float,constant,120,0,no-st,XOR2,decode,6,402.9,395.3,408.2,297.84065524944157,2383.01,0.2833,0.0033575,3.3575,3.3535000000000004,0.0040265000000000006,100.0,0.0,0.0,1.0,,BenchmarkALPMatrix/float/constant/n=120/buckets=0/time=no-st/XOR2/decode
scalar,BenchmarkALPMatrix,float,constant,120,0,no-st,XOR2,encode,6,579.2,577.3,581.4,207.18232044198894,1657.4099999999999,0.2833,0.0047915,4.7915,4.777,0.01531,99.33500000000001,560.0,6.0,1.0,,BenchmarkALPMatrix/float/constant/n=120/buckets=0/time=no-st/XOR2/encode
scalar,BenchmarkALPMatrix,float,constant,32,0,no-st,ALP,decode,6,89.87,86.61,90.84,356.06987871369756,2848.535,1.25,0.0027815,2.7815000000000003,2.7305,0.050365,99.405,0.0,0.0,1.0,,BenchmarkALPMatrix/float/constant/n=32/buckets=0/time=no-st/ALP/decode
scalar,BenchmarkALPMatrix,float,constant,32,0,no-st,ALP,encode,6,451.95,448.0,454.3,70.80429251023344,566.425,1.25,0.013615,13.615,13.43,0.18705,96.34,2256.0,12.0,1.0,,BenchmarkALPMatrix/float/constant/n=32/buckets=0/time=no-st/ALP/encode
scalar,BenchmarkALPMatrix,float,constant,32,0,no-st,XOR,decode,6,126.8,124.8,129.7,252.36593059936908,2018.255,0.8125,0.003962500000000001,3.9625000000000004,3.9495,0.0114225,100.0,0.0,0.0,1.0,,BenchmarkALPMatrix/float/constant/n=32/buckets=0/time=no-st/XOR/decode
scalar,BenchmarkALPMatrix,float,constant,32,0,no-st,XOR,encode,6,290.35,285.0,292.9,110.21181332874117,881.81,0.8125,0.0089135,8.913499999999999,8.841000000000001,0.07214000000000001,98.4,544.0,6.0,1.0,,BenchmarkALPMatrix/float/constant/n=32/buckets=0/time=no-st/XOR/encode
scalar,BenchmarkALPMatrix,float,constant,32,0,no-st,XOR2,decode,6,145.10000000000002,143.3,150.4,220.5375603032391,1764.2849999999999,0.7188,0.0045344999999999995,4.5344999999999995,4.5205,0.018500000000000003,100.0,0.0,0.0,1.0,,BenchmarkALPMatrix/float/constant/n=32/buckets=0/time=no-st/XOR2/decode
scalar,BenchmarkALPMatrix,float,constant,32,0,no-st,XOR2,encode,6,253.5,250.8,259.0,126.23274161735701,1009.97,0.7188,0.007791499999999999,7.791499999999999,7.7175,0.06763,98.385,560.0,6.0,1.0,,BenchmarkALPMatrix/float/constant/n=32/buckets=0/time=no-st/XOR2/encode
scalar,BenchmarkALPMatrix,float,counter,1024,0,no-st,ALP,decode,6,3543.5,3535.0,3555.0,288.9798222096797,2311.795,1.706,0.0034615,3.4615,3.4485,0.0135,100.0,0.0,0.0,1.0,,BenchmarkALPMatrix/float/counter/n=1024/buckets=0/time=no-st/ALP/decode
scalar,BenchmarkALPMatrix,float,counter,1024,0,no-st,ALP,encode,6,15898.0,15837.0,15909.0,64.41061768775947,515.28,1.706,0.01542,15.42,15.315000000000001,0.09101999999999999,99.44,13728.0,23.0,1.0,,BenchmarkALPMatrix/float/counter/n=1024/buckets=0/time=no-st/ALP/encode
scalar,BenchmarkALPMatrix,float,counter,1024,0,no-st,XOR,decode,6,5408.5,5370.0,5428.0,189.33160765461773,1514.605,2.055,0.0052735,5.2735,5.256,0.016855,99.97,0.0,0.0,1.0,,BenchmarkALPMatrix/float/counter/n=1024/buckets=0/time=no-st/XOR/decode
scalar,BenchmarkALPMatrix,float,counter,1024,0,no-st,XOR,encode,6,13222.5,13152.0,13527.0,77.44375118169786,619.565,2.055,0.01286,12.86,12.75,0.1115,99.485,8736.0,12.0,1.0,,BenchmarkALPMatrix/float/counter/n=1024/buckets=0/time=no-st/XOR/encode
scalar,BenchmarkALPMatrix,float,counter,1024,0,no-st,XOR2,decode,6,16272.5,16252.0,16363.0,62.92825318789369,503.425,4.688,0.015895,15.895,15.82,0.075195,100.0,0.0,0.0,1.0,,BenchmarkALPMatrix/float/counter/n=1024/buckets=0/time=no-st/XOR2/decode
scalar,BenchmarkALPMatrix,float,counter,1024,0,no-st,XOR2,encode,6,15204.0,15102.0,15328.0,67.35069718495133,538.81,4.688,0.014695,14.695,14.594999999999999,0.10114999999999999,99.06,18224.0,14.0,1.0,,BenchmarkALPMatrix/float/counter/n=1024/buckets=0/time=no-st/XOR2/encode
scalar,BenchmarkALPMatrix,float,counter,120,0,no-st,ALP,decode,6,426.5,425.7,427.2,281.3599062133646,2250.795,1.775,0.0035545,3.5545,3.5425,0.01192,100.0,0.0,0.0,1.0,,BenchmarkALPMatrix/float/counter/n=120/buckets=0/time=no-st/ALP/decode
scalar,BenchmarkALPMatrix,float,counter,120,0,no-st,ALP,encode,6,2892.5,2878.0,2912.0,41.48660328435609,331.90999999999997,1.775,0.02366,23.66,23.425,0.2253,98.23,7600.0,14.0,1.0,,BenchmarkALPMatrix/float/counter/n=120/buckets=0/time=no-st/ALP/encode
scalar,BenchmarkALPMatrix,float,counter,120,0,no-st,XOR,decode,6,647.9000000000001,646.0,655.3,185.21376755672168,1481.77,1.967,0.005399,5.399,5.389,0.012480999999999999,100.0,0.0,0.0,1.0,,BenchmarkALPMatrix/float/counter/n=120/buckets=0/time=no-st/XOR/decode
scalar,BenchmarkALPMatrix,float,counter,120,0,no-st,XOR,encode,6,1451.0,1440.0,1464.0,82.70158511371469,661.63,1.967,0.012055,12.055,12.0,0.055625,99.69999999999999,800.0,7.0,1.0,,BenchmarkALPMatrix/float/counter/n=120/buckets=0/time=no-st/XOR/encode
scalar,BenchmarkALPMatrix,float,counter,120,0,no-st,XOR2,decode,6,729.5999999999999,721.9,747.0,164.47368421052633,1315.915,1.975,0.006081,6.0809999999999995,6.0615000000000006,0.021075,100.0,0.0,0.0,1.0,,BenchmarkALPMatrix/float/counter/n=120/buckets=0/time=no-st/XOR2/decode
scalar,BenchmarkALPMatrix,float,counter,120,0,no-st,XOR2,encode,6,1224.0,1209.0,1231.0,98.03921568627452,784.4549999999999,1.975,0.01016,10.16,10.09,0.050065,99.63499999999999,816.0,7.0,1.0,,BenchmarkALPMatrix/float/counter/n=120/buckets=0/time=no-st/XOR2/encode
scalar,BenchmarkALPMatrix,float,counter,32,0,no-st,ALP,decode,6,148.64999999999998,147.9,150.9,215.27077026572488,1722.185,2.906,0.004643499999999999,4.6434999999999995,4.6065000000000005,0.03883,99.95,0.0,0.0,1.0,,BenchmarkALPMatrix/float/counter/n=32/buckets=0/time=no-st/ALP/decode
scalar,BenchmarkALPMatrix,float,counter,32,0,no-st,ALP,encode,6,1738.5,1718.0,1816.0,18.406672418751796,147.25,2.906,0.05385500000000001,53.855000000000004,53.385000000000005,0.46725,99.03,2256.0,12.0,1.0,,BenchmarkALPMatrix/float/counter/n=32/buckets=0/time=no-st/ALP/encode
scalar,BenchmarkALPMatrix,float,counter,32,0,no-st,XOR,decode,6,203.55,201.1,206.3,157.20953082780642,1257.7649999999999,2.219,0.006358000000000001,6.3580000000000005,6.3085,0.041955,99.91999999999999,0.0,0.0,1.0,,BenchmarkALPMatrix/float/counter/n=32/buckets=0/time=no-st/XOR/decode
scalar,BenchmarkALPMatrix,float,counter,32,0,no-st,XOR,encode,6,487.0,485.8,488.0,65.70841889117042,525.675,2.219,0.015105,15.105,15.015,0.09454499999999999,99.275,544.0,6.0,1.0,,BenchmarkALPMatrix/float/counter/n=32/buckets=0/time=no-st/XOR/encode
scalar,BenchmarkALPMatrix,float,counter,32,0,no-st,XOR2,decode,6,211.85,207.2,217.5,151.05027141845645,1208.5,2.25,0.0066085,6.608499999999999,6.5545,0.03615,100.0,0.0,0.0,1.0,,BenchmarkALPMatrix/float/counter/n=32/buckets=0/time=no-st/XOR2/decode
scalar,BenchmarkALPMatrix,float,counter,32,0,no-st,XOR2,encode,6,415.0,409.9,429.8,77.10843373493977,616.91,2.25,0.012844999999999999,12.844999999999999,12.71,0.13305,99.035,560.0,6.0,1.0,,BenchmarkALPMatrix/float/counter/n=32/buckets=0/time=no-st/XOR2/encode
scalar,BenchmarkALPMatrix,float,decimal2,1024,0,no-st,ALP,decode,6,3424.0,3422.0,3431.0,299.06542056074767,2392.745,1.206,0.0033439999999999998,3.344,3.3395,0.0041025,100.0,0.0,0.0,1.0,,BenchmarkALPMatrix/float/decimal2/n=1024/buckets=0/time=no-st/ALP/decode
scalar,BenchmarkALPMatrix,float,decimal2,1024,0,no-st,ALP,encode,6,15706.0,15649.0,15742.0,65.19801349802623,521.575,1.206,0.015225,15.225000000000001,15.19,0.038235,99.515,11168.0,22.0,1.0,,BenchmarkALPMatrix/float/decimal2/n=1024/buckets=0/time=no-st/ALP/encode
scalar,BenchmarkALPMatrix,float,decimal2,1024,0,no-st,XOR,decode,6,8787.0,8774.0,8816.0,116.5357915101855,932.335,5.676,0.008581,8.581,8.5705,0.011095,100.0,0.0,0.0,1.0,,BenchmarkALPMatrix/float/decimal2/n=1024/buckets=0/time=no-st/XOR/decode
scalar,BenchmarkALPMatrix,float,decimal2,1024,0,no-st,XOR,encode,6,17612.0,17583.0,17883.0,58.142175789234614,465.145,5.676,0.017015,17.015,16.955,0.067965,98.95,25120.0,15.0,1.0,,BenchmarkALPMatrix/float/decimal2/n=1024/buckets=0/time=no-st/XOR/encode
scalar,BenchmarkALPMatrix,float,decimal2,1024,0,no-st,XOR2,decode,6,18682.0,18657.0,18892.0,54.81211861685044,438.49,8.31,0.018244999999999997,18.244999999999997,18.22,0.024495000000000003,100.0,0.0,0.0,1.0,,BenchmarkALPMatrix/float/decimal2/n=1024/buckets=0/time=no-st/XOR2/decode
scalar,BenchmarkALPMatrix,float,decimal2,1024,0,no-st,XOR2,encode,6,20077.0,20006.0,20142.0,51.00363600139463,408.03,8.31,0.01934,19.34,19.245,0.10189999999999999,98.715,34608.0,16.0,1.0,,BenchmarkALPMatrix/float/decimal2/n=1024/buckets=0/time=no-st/XOR2/encode
scalar,BenchmarkALPMatrix,float,decimal2,120,0,no-st-jitter,ALP,decode,6,717.4,716.6,718.8,167.27069974909395,1338.175,3.208,0.0059785,5.9785,5.9575,0.020534999999999998,100.0,0.0,0.0,1.0,,BenchmarkALPMatrix/float/decimal2/n=120/buckets=0/time=no-st-jitter/ALP/decode
scalar,BenchmarkALPMatrix,float,decimal2,120,0,no-st-jitter,ALP,encode,6,3123.5,3095.0,3148.0,38.41844085160877,307.32500000000005,3.208,0.025560000000000003,25.560000000000002,25.295,0.25370000000000004,98.34,7600.0,14.0,1.0,,BenchmarkALPMatrix/float/decimal2/n=120/buckets=0/time=no-st-jitter/ALP/encode
scalar,BenchmarkALPMatrix,float,decimal2,120,0,no-st-jitter,XOR,decode,6,1537.0,1533.0,1542.0,78.07417046193885,624.5550000000001,7.617,0.01281,12.81,12.77,0.041305,100.0,0.0,0.0,1.0,,BenchmarkALPMatrix/float/decimal2/n=120/buckets=0/time=no-st-jitter/XOR/decode
scalar,BenchmarkALPMatrix,float,decimal2,120,0,no-st-jitter,XOR,encode,6,2430.0,2419.0,2449.0,49.382716049382715,395.05,7.617,0.02004,20.04,19.89,0.14315,98.995,3616.0,10.0,1.0,,BenchmarkALPMatrix/float/decimal2/n=120/buckets=0/time=no-st-jitter/XOR/encode
scalar,BenchmarkALPMatrix,float,decimal2,120,0,no-st-jitter,XOR2,decode,6,1160.5,1157.0,1169.0,103.40370529943989,827.265,7.642,0.0096715,9.6715,9.637,0.030895,100.0,0.0,0.0,1.0,,BenchmarkALPMatrix/float/decimal2/n=120/buckets=0/time=no-st-jitter/XOR2/decode
scalar,BenchmarkALPMatrix,float,decimal2,120,0,no-st-jitter,XOR2,encode,6,2145.0,2128.0,2189.0,55.94405594405595,447.59000000000003,7.642,0.01759,17.59,17.46,0.13674999999999998,98.63,3632.0,10.0,1.0,,BenchmarkALPMatrix/float/decimal2/n=120/buckets=0/time=no-st-jitter/XOR2/encode
scalar,BenchmarkALPMatrix,float,decimal2,120,0,no-st,ALP,decode,6,420.95,416.7,433.0,285.06948568713625,2280.585,1.308,0.0034985,3.4985,3.472,0.02657,99.86500000000001,0.0,0.0,1.0,,BenchmarkALPMatrix/float/decimal2/n=120/buckets=0/time=no-st/ALP/decode
scalar,BenchmarkALPMatrix,float,decimal2,120,0,no-st,ALP,decode-cold,6,558.3,553.0,566.6,214.93820526598606,1719.4850000000001,1.308,0.0045615,4.5615,4.5065,0.056135000000000004,98.16999999999999,1552.0,4.0,1.0,,BenchmarkALPMatrix/float/decimal2/n=120/buckets=0/time=no-st/ALP/decode-cold
scalar,BenchmarkALPMatrix,float,decimal2,120,0,no-st,ALP,encode,6,2961.0,2940.0,3047.0,40.52684903748734,324.17499999999995,1.308,0.02422,24.22,23.95,0.27095,98.13499999999999,7600.0,14.0,1.0,,BenchmarkALPMatrix/float/decimal2/n=120/buckets=0/time=no-st/ALP/encode
scalar,BenchmarkALPMatrix,float,decimal2,120,0,no-st,XOR,decode,6,1045.0,1034.0,1082.0,114.83253588516746,918.745,5.767,0.008698000000000001,8.698,8.657499999999999,0.04432,99.84,0.0,0.0,1.0,,BenchmarkALPMatrix/float/decimal2/n=120/buckets=0/time=no-st/XOR/decode
scalar,BenchmarkALPMatrix,float,decimal2,120,0,no-st,XOR,decode-cold,6,1076.0,1069.0,1096.0,111.52416356877323,892.2850000000001,5.767,0.0089605,8.9605,8.9085,0.051629999999999995,99.92500000000001,128.0,2.0,1.0,,BenchmarkALPMatrix/float/decimal2/n=120/buckets=0/time=no-st/XOR/decode-cold
scalar,BenchmarkALPMatrix,float,decimal2,120,0,no-st,XOR,encode,6,2497.5,2195.0,2626.0,48.048048048048045,384.58500000000004,5.767,0.01979,19.79,19.3,0.48965000000000003,95.93,2208.0,9.0,1.0,,BenchmarkALPMatrix/float/decimal2/n=120/buckets=0/time=no-st/XOR/encode
scalar,BenchmarkALPMatrix,float,decimal2,120,0,no-st,XOR2,decode,6,880.0999999999999,876.2,906.7,136.34814225656177,1090.825,5.775,0.0073355,7.3355,7.3225,0.012285,100.0,0.0,0.0,1.0,,BenchmarkALPMatrix/float/decimal2/n=120/buckets=0/time=no-st/XOR2/decode
scalar,BenchmarkALPMatrix,float,decimal2,120,0,no-st,XOR2,decode-cold,6,924.15,913.9,927.2,129.84905047881838,1038.8200000000002,5.775,0.0076950000000000005,7.695,7.6530000000000005,0.033375,99.935,144.0,2.0,1.0,,BenchmarkALPMatrix/float/decimal2/n=120/buckets=0/time=no-st/XOR2/decode-cold
scalar,BenchmarkALPMatrix,float,decimal2,120,0,no-st,XOR2,encode,6,1869.0,1832.0,1975.0,64.20545746388443,513.565,5.775,0.015425000000000001,15.425,15.315,0.12875,98.995,2224.0,9.0,1.0,,BenchmarkALPMatrix/float/decimal2/n=120/buckets=0/time=no-st/XOR2/encode
scalar,BenchmarkALPMatrix,float,decimal2,32,0,no-st,ALP,decode,6,149.10000000000002,148.7,149.7,214.6210596914822,1716.645,2.406,0.004660999999999999,4.661,4.6370000000000005,0.021205,100.0,0.0,0.0,1.0,,BenchmarkALPMatrix/float/decimal2/n=32/buckets=0/time=no-st/ALP/decode
scalar,BenchmarkALPMatrix,float,decimal2,32,0,no-st,ALP,encode,6,1713.0,1712.0,1723.0,18.680677174547576,149.465,2.406,0.053045,53.045,52.635,0.4192,99.09,2256.0,12.0,1.0,,BenchmarkALPMatrix/float/decimal2/n=32/buckets=0/time=no-st/ALP/encode
scalar,BenchmarkALPMatrix,float,decimal2,32,0,no-st,XOR,decode,6,258.85,257.0,260.6,123.62372030133281,989.02,6.031,0.008085999999999998,8.085999999999999,8.046,0.02767,99.99000000000001,0.0,0.0,1.0,,BenchmarkALPMatrix/float/decimal2/n=32/buckets=0/time=no-st/XOR/decode
scalar,BenchmarkALPMatrix,float,decimal2,32,0,no-st,XOR,encode,6,660.5999999999999,655.1,663.8,48.440811383590685,387.53499999999997,6.031,0.02047,20.47,20.33,0.12434999999999999,99.19,800.0,7.0,1.0,,BenchmarkALPMatrix/float/decimal2/n=32/buckets=0/time=no-st/XOR/encode
scalar,BenchmarkALPMatrix,float,decimal2,32,0,no-st,XOR2,decode,6,244.7,243.9,245.1,130.77237433592154,1046.15,6.094,0.0076475,7.6475,7.612,0.03406,100.0,0.0,0.0,1.0,,BenchmarkALPMatrix/float/decimal2/n=32/buckets=0/time=no-st/XOR2/decode
scalar,BenchmarkALPMatrix,float,decimal2,32,0,no-st,XOR2,encode,6,549.7,546.9,552.1,58.213571038748405,465.69,6.094,0.017,17.0,16.835,0.14485,98.96,816.0,7.0,1.0,,BenchmarkALPMatrix/float/decimal2/n=32/buckets=0/time=no-st/XOR2/encode
scalar,BenchmarkALPMatrix,float,decimal6,1024,0,no-st,ALP,decode,6,3501.5,3489.0,4052.0,292.44609453091533,2339.425,1.294,0.0034210000000000004,3.4210000000000003,3.4059999999999997,0.015300000000000001,100.0,0.0,0.0,1.0,,BenchmarkALPMatrix/float/decimal6/n=1024/buckets=0/time=no-st/ALP/decode
scalar,BenchmarkALPMatrix,float,decimal6,1024,0,no-st,ALP,encode,6,20301.5,20204.0,61330.0,50.43962268797872,403.52,1.294,0.019759999999999996,19.759999999999998,19.66,0.09882,99.66499999999999,11296.0,22.0,1.0,,BenchmarkALPMatrix/float/decimal6/n=1024/buckets=0/time=no-st/ALP/encode
scalar,BenchmarkALPMatrix,float,decimal6,1024,0,no-st,XOR,decode,6,9415.5,9380.0,9434.0,108.75683713026393,870.075,5.64,0.009196,9.196,9.1715,0.027875,100.0,0.0,0.0,1.0,,BenchmarkALPMatrix/float/decimal6/n=1024/buckets=0/time=no-st/XOR/decode
scalar,BenchmarkALPMatrix,float,decimal6,1024,0,no-st,XOR,encode,6,21452.5,21401.0,21671.0,47.73336440974246,381.86,5.64,0.02078,20.78,20.66,0.11835,99.195,25120.0,15.0,1.0,,BenchmarkALPMatrix/float/decimal6/n=1024/buckets=0/time=no-st/XOR/encode
scalar,BenchmarkALPMatrix,float,decimal6,1024,0,no-st,XOR2,decode,6,19274.5,19246.0,19372.0,53.12718877273081,425.01,8.273,0.018824999999999998,18.825,18.755000000000003,0.07012,100.0,0.0,0.0,1.0,,BenchmarkALPMatrix/float/decimal6/n=1024/buckets=0/time=no-st/XOR2/decode
scalar,BenchmarkALPMatrix,float,decimal6,1024,0,no-st,XOR2,encode,6,20495.5,20419.0,20712.0,49.962186821497404,399.70500000000004,8.273,0.01975,19.75,19.634999999999998,0.12915,98.695,34608.0,16.0,1.0,,BenchmarkALPMatrix/float/decimal6/n=1024/buckets=0/time=no-st/XOR2/encode
scalar,BenchmarkALPMatrix,float,decimal6,120,0,no-st,ALP,decode,6,414.1,413.4,415.1,289.78507606858244,2318.135,1.392,0.003451,3.451,3.44,0.01139,100.0,0.0,0.0,1.0,,BenchmarkALPMatrix/float/decimal6/n=120/buckets=0/time=no-st/ALP/decode
scalar,BenchmarkALPMatrix,float,decimal6,120,0,no-st,ALP,encode,6,7146.0,7134.0,7152.0,16.79261125104954,134.33499999999998,1.392,0.059144999999999996,59.144999999999996,58.769999999999996,0.356,99.305,7600.0,14.0,1.0,,BenchmarkALPMatrix/float/decimal6/n=120/buckets=0/time=no-st/ALP/encode
scalar,BenchmarkALPMatrix,float,decimal6,120,0,no-st,XOR,decode,6,1089.5,1086.0,1099.0,110.1422670949977,881.16,5.733,0.009075,9.075,9.047,0.02592,100.0,0.0,0.0,1.0,,BenchmarkALPMatrix/float/decimal6/n=120/buckets=0/time=no-st/XOR/decode
scalar,BenchmarkALPMatrix,float,decimal6,120,0,no-st,XOR,encode,6,2653.5,2640.0,2666.0,45.22328999434709,361.78499999999997,5.733,0.021985,21.985,21.87,0.11785000000000001,99.49,2208.0,9.0,1.0,,BenchmarkALPMatrix/float/decimal6/n=120/buckets=0/time=no-st/XOR/encode
scalar,BenchmarkALPMatrix,float,decimal6,120,0,no-st,XOR2,decode,6,911.75,908.9,920.8,131.61502604880724,1052.895,5.742,0.007598000000000001,7.598000000000001,7.5695,0.028125,100.0,0.0,0.0,1.0,,BenchmarkALPMatrix/float/decimal6/n=120/buckets=0/time=no-st/XOR2/decode
scalar,BenchmarkALPMatrix,float,decimal6,120,0,no-st,XOR2,encode,6,1846.0,1842.0,1848.0,65.00541711809318,520.01,5.742,0.01524,15.24,15.165,0.08362,99.14500000000001,2224.0,9.0,1.0,,BenchmarkALPMatrix/float/decimal6/n=120/buckets=0/time=no-st/XOR2/encode
scalar,BenchmarkALPMatrix,float,decimal6,32,0,no-st,ALP,decode,6,150.9,149.1,154.5,212.06096752816433,1696.575,2.406,0.0047155,4.7155000000000005,4.6895,0.027315,99.99000000000001,0.0,0.0,1.0,,BenchmarkALPMatrix/float/decimal6/n=32/buckets=0/time=no-st/ALP/decode
scalar,BenchmarkALPMatrix,float,decimal6,32,0,no-st,ALP,encode,6,5999.5,5941.0,6069.0,5.333777814817902,42.665,2.406,0.1869,186.9,185.39999999999998,1.6385,99.725,2256.0,12.0,1.0,,BenchmarkALPMatrix/float/decimal6/n=32/buckets=0/time=no-st/ALP/encode
scalar,BenchmarkALPMatrix,float,decimal6,32,0,no-st,XOR,decode,6,305.5,304.7,305.6,104.74631751227496,837.915,6.062,0.009548,9.548,9.501000000000001,0.047405,100.0,0.0,0.0,1.0,,BenchmarkALPMatrix/float/decimal6/n=32/buckets=0/time=no-st/XOR/decode
scalar,BenchmarkALPMatrix,float,decimal6,32,0,no-st,XOR,encode,6,729.6,722.1,736.2,43.859649122807014,350.865,6.062,0.022625,22.625,22.465,0.1261,99.225,800.0,7.0,1.0,,BenchmarkALPMatrix/float/decimal6/n=32/buckets=0/time=no-st/XOR/encode
scalar,BenchmarkALPMatrix,float,decimal6,32,0,no-st,XOR2,decode,6,259.5,254.7,262.5,123.3140655105973,986.525,6.125,0.00811,8.11,8.044,0.06697,99.985,0.0,0.0,1.0,,BenchmarkALPMatrix/float/decimal6/n=32/buckets=0/time=no-st/XOR2/decode
scalar,BenchmarkALPMatrix,float,decimal6,32,0,no-st,XOR2,encode,6,567.2,560.8,594.7,56.41748942172073,451.355,6.125,0.017545,17.545,17.405,0.14175,98.965,816.0,7.0,1.0,,BenchmarkALPMatrix/float/decimal6/n=32/buckets=0/time=no-st/XOR2/encode
scalar,BenchmarkALPMatrix,float,noisy-decimal,1024,0,no-st,ALP,decode,6,3596.0,3536.0,4059.0,284.7608453837597,2278.325,2.081,0.0035065,3.5065,3.492,0.015960000000000002,99.88,0.0,0.0,1.0,,BenchmarkALPMatrix/float/noisy-decimal/n=1024/buckets=0/time=no-st/ALP/decode
scalar,BenchmarkALPMatrix,float,noisy-decimal,1024,0,no-st,ALP,encode,6,16750.5,16510.0,17084.0,61.13250350735799,489.06,2.081,0.016259999999999997,16.259999999999998,16.08,0.1367,99.28999999999999,17312.0,24.0,1.0,,BenchmarkALPMatrix/float/noisy-decimal/n=1024/buckets=0/time=no-st/ALP/encode
scalar,BenchmarkALPMatrix,float,noisy-decimal,1024,0,no-st,XOR,decode,6,8493.0,8458.0,16348.0,120.56988107853526,964.545,7.014,0.0082955,8.2955,8.271,0.02509,100.0,0.0,0.0,1.0,,BenchmarkALPMatrix/float/noisy-decimal/n=1024/buckets=0/time=no-st/XOR/decode
scalar,BenchmarkALPMatrix,float,noisy-decimal,1024,0,no-st,XOR,encode,6,21849.0,21760.0,22162.0,46.86713350725434,374.935,7.014,0.021079999999999998,21.08,20.93,0.15189999999999998,98.83,34592.0,16.0,1.0,,BenchmarkALPMatrix/float/noisy-decimal/n=1024/buckets=0/time=no-st/XOR/encode
scalar,BenchmarkALPMatrix,float,noisy-decimal,1024,0,no-st,XOR2,decode,6,18942.0,17799.0,58579.0,54.05976137683455,433.015,9.647,0.01786,17.86,17.795,0.06415,98.875,0.0,0.0,1.0,,BenchmarkALPMatrix/float/noisy-decimal/n=1024/buckets=0/time=no-st/XOR2/decode
scalar,BenchmarkALPMatrix,float,noisy-decimal,1024,0,no-st,XOR2,encode,6,53687.0,25656.0,920076.0,19.07351872892879,180.39999999999998,9.647,0.0268,26.8,25.855,0.97055,60.03,46896.0,17.0,1.0,,BenchmarkALPMatrix/float/noisy-decimal/n=1024/buckets=0/time=no-st/XOR2/encode
scalar,BenchmarkALPMatrix,float,noisy-decimal,120,0,no-st,ALP,decode,6,424.70000000000005,424.4,425.1,282.55238992229806,2260.27,2.175,0.0035395,3.5395000000000003,3.527,0.01285,100.0,0.0,0.0,1.0,,BenchmarkALPMatrix/float/noisy-decimal/n=120/buckets=0/time=no-st/ALP/decode
scalar,BenchmarkALPMatrix,float,noisy-decimal,120,0,no-st,ALP,encode,6,3035.0,2931.0,3250.0,39.53871499176277,316.57000000000005,2.175,0.02478,24.78,24.365000000000002,0.2918,97.99000000000001,7600.0,14.0,1.0,,BenchmarkALPMatrix/float/noisy-decimal/n=120/buckets=0/time=no-st/ALP/encode
scalar,BenchmarkALPMatrix,float,noisy-decimal,120,0,no-st,XOR,decode,6,1038.0,1036.0,1050.0,115.60693641618496,924.995,7.117,0.0086495,8.6495,8.629000000000001,0.020375,100.0,0.0,0.0,1.0,,BenchmarkALPMatrix/float/noisy-decimal/n=120/buckets=0/time=no-st/XOR/decode
scalar,BenchmarkALPMatrix,float,noisy-decimal,120,0,no-st,XOR,encode,6,2457.5,2447.0,2522.0,48.83011190233977,390.65999999999997,7.117,0.02036,20.36,20.235,0.13645000000000002,99.41499999999999,2208.0,9.0,1.0,,BenchmarkALPMatrix/float/noisy-decimal/n=120/buckets=0/time=no-st/XOR/encode
scalar,BenchmarkALPMatrix,float,noisy-decimal,120,0,no-st,XOR2,decode,6,960.3,951.1,967.9,124.96094970321775,999.6949999999999,7.125,0.007932999999999999,7.933,7.7205,0.21415,99.03,0.0,0.0,1.0,,BenchmarkALPMatrix/float/noisy-decimal/n=120/buckets=0/time=no-st/XOR2/decode
scalar,BenchmarkALPMatrix,float,noisy-decimal,120,0,no-st,XOR2,encode,6,2127.5,1963.0,2175.0,56.40423031727379,451.18,7.125,0.01737,17.37,16.96,0.3701,98.515,2224.0,9.0,1.0,,BenchmarkALPMatrix/float/noisy-decimal/n=120/buckets=0/time=no-st/XOR2/encode
scalar,BenchmarkALPMatrix,float,noisy-decimal,32,0,no-st,ALP,decode,6,145.4,145.2,145.8,220.08253094910592,1760.625,3.406,0.004544,4.5440000000000005,4.5275,0.016545,100.0,0.0,0.0,1.0,,BenchmarkALPMatrix/float/noisy-decimal/n=32/buckets=0/time=no-st/ALP/decode
scalar,BenchmarkALPMatrix,float,noisy-decimal,32,0,no-st,ALP,encode,6,1726.5,1717.0,1728.0,18.53460758760498,148.29,3.406,0.05338,53.379999999999995,53.03,0.33455,99.1,2256.0,12.0,1.0,,BenchmarkALPMatrix/float/noisy-decimal/n=32/buckets=0/time=no-st/ALP/encode
scalar,BenchmarkALPMatrix,float,noisy-decimal,32,0,no-st,XOR,decode,6,303.75,303.0,307.5,105.34979423868313,842.815,7.438,0.009492,9.492,9.465499999999999,0.03909,99.985,0.0,0.0,1.0,,BenchmarkALPMatrix/float/noisy-decimal/n=32/buckets=0/time=no-st/XOR/decode
scalar,BenchmarkALPMatrix,float,noisy-decimal,32,0,no-st,XOR,encode,6,733.9,729.8,744.4,43.602670663578145,348.82500000000005,7.438,0.022775,22.775,22.634999999999998,0.1291,99.285,800.0,7.0,1.0,,BenchmarkALPMatrix/float/noisy-decimal/n=32/buckets=0/time=no-st/XOR/encode
scalar,BenchmarkALPMatrix,float,noisy-decimal,32,0,no-st,XOR2,decode,6,264.20000000000005,263.8,265.4,121.12036336109006,968.97,7.469,0.008258,8.258,8.222,0.03456,100.0,0.0,0.0,1.0,,BenchmarkALPMatrix/float/noisy-decimal/n=32/buckets=0/time=no-st/XOR2/decode
scalar,BenchmarkALPMatrix,float,noisy-decimal,32,0,no-st,XOR2,encode,6,597.45,595.6,603.1,53.56096744497447,428.475,7.469,0.018510000000000002,18.51,18.39,0.11205,99.055,816.0,7.0,1.0,,BenchmarkALPMatrix/float/noisy-decimal/n=32/buckets=0/time=no-st/XOR2/encode
scalar,BenchmarkALPMatrix,float,outliers20,1024,0,no-st,ALP,decode,6,3767.0,3576.0,4746.0,271.83435094239445,2174.66,3.208,0.0036795,3.6795,3.6665,0.012455,100.0,0.0,0.0,1.0,,BenchmarkALPMatrix/float/outliers20/n=1024/buckets=0/time=no-st/ALP/decode
scalar,BenchmarkALPMatrix,float,outliers20,1024,0,no-st,ALP,encode,6,70157.5,69996.0,71878.0,14.595731033745501,116.765,3.208,0.06841,68.41,68.165,0.30625,99.83500000000001,22560.0,25.0,1.0,,BenchmarkALPMatrix/float/outliers20/n=1024/buckets=0/time=no-st/ALP/encode
scalar,BenchmarkALPMatrix,float,outliers20,1024,0,no-st,XOR,decode,6,10783.0,10127.0,11182.0,94.96429565056107,759.735,7.383,0.010535000000000001,10.535,10.5,0.018695,100.0,0.0,0.0,1.0,,BenchmarkALPMatrix/float/outliers20/n=1024/buckets=0/time=no-st/XOR/decode
scalar,BenchmarkALPMatrix,float,outliers20,1024,0,no-st,XOR,encode,6,16804.5,16763.0,17141.0,60.93605879377548,487.49,7.383,0.01617,16.17,16.064999999999998,0.1042,98.485,34592.0,16.0,1.0,,BenchmarkALPMatrix/float/outliers20/n=1024/buckets=0/time=no-st/XOR/encode
scalar,BenchmarkALPMatrix,float,outliers20,1024,0,no-st,XOR2,decode,6,18932.5,18781.0,18976.0,54.08688762709626,432.695,10.02,0.018475000000000002,18.475,18.395,0.074095,99.985,0.0,0.0,1.0,,BenchmarkALPMatrix/float/outliers20/n=1024/buckets=0/time=no-st/XOR2/decode
scalar,BenchmarkALPMatrix,float,outliers20,1024,0,no-st,XOR2,encode,6,21853.5,21619.0,22583.0,46.857482783078225,374.865,10.02,0.021025,21.025,20.77,0.17785,98.47999999999999,46896.0,17.0,1.0,,BenchmarkALPMatrix/float/outliers20/n=1024/buckets=0/time=no-st/XOR2/encode
scalar,BenchmarkALPMatrix,float,outliers20,120,0,no-st,ALP,decode,6,441.8,441.4,443.1,271.61611588954275,2172.955,4.975,0.0036825,3.6825,3.6685,0.013015,100.0,0.0,0.0,1.0,,BenchmarkALPMatrix/float/outliers20/n=120/buckets=0/time=no-st/ALP/decode
scalar,BenchmarkALPMatrix,float,outliers20,120,0,no-st,ALP,encode,6,7960.0,7942.0,7977.0,15.075376884422111,120.60499999999999,4.975,0.06586,65.86,65.4,0.4669,99.36500000000001,7600.0,14.0,1.0,,BenchmarkALPMatrix/float/outliers20/n=120/buckets=0/time=no-st/ALP/encode
scalar,BenchmarkALPMatrix,float,outliers20,120,0,no-st,XOR,decode,6,1155.5,1115.0,1193.0,103.8511466897447,830.79,7.442,0.0095075,9.5075,9.442499999999999,0.07439499999999999,99.27,0.0,0.0,1.0,,BenchmarkALPMatrix/float/outliers20/n=120/buckets=0/time=no-st/XOR/decode
scalar,BenchmarkALPMatrix,float,outliers20,120,0,no-st,XOR,encode,6,2094.0,2035.0,2230.0,57.306590257879655,458.405,7.442,0.017299999999999996,17.299999999999997,17.015,0.2254,99.105,2208.0,9.0,1.0,,BenchmarkALPMatrix/float/outliers20/n=120/buckets=0/time=no-st/XOR/encode
scalar,BenchmarkALPMatrix,float,outliers20,120,0,no-st,XOR2,decode,6,951.5999999999999,948.4,953.5,126.10340479192939,1008.81,7.45,0.0079305,7.9305,7.8885000000000005,0.046314999999999995,100.0,0.0,0.0,1.0,,BenchmarkALPMatrix/float/outliers20/n=120/buckets=0/time=no-st/XOR2/decode
scalar,BenchmarkALPMatrix,float,outliers20,120,0,no-st,XOR2,encode,6,1965.0,1955.0,2000.0,61.06870229007634,488.53,7.45,0.016259999999999997,16.259999999999998,16.13,0.157,99.225,2224.0,9.0,1.0,,BenchmarkALPMatrix/float/outliers20/n=120/buckets=0/time=no-st/XOR2/encode
scalar,BenchmarkALPMatrix,float,outliers20,32,0,no-st,ALP,decode,6,152.6,151.8,153.2,209.69855832241154,1677.595,4.594,0.0047694999999999994,4.7695,4.7535,0.016,100.0,0.0,0.0,1.0,,BenchmarkALPMatrix/float/outliers20/n=32/buckets=0/time=no-st/ALP/decode
scalar,BenchmarkALPMatrix,float,outliers20,32,0,no-st,ALP,encode,6,6127.5,6087.0,6142.0,5.222358221134231,41.78,4.594,0.19115,191.14999999999998,190.35,0.63805,99.83,2256.0,12.0,1.0,,BenchmarkALPMatrix/float/outliers20/n=32/buckets=0/time=no-st/ALP/encode
scalar,BenchmarkALPMatrix,float,outliers20,32,0,no-st,XOR,decode,6,288.9,288.3,289.4,110.7649705780547,886.0350000000001,7.625,0.00903,9.03,9.0015,0.03027,100.0,0.0,0.0,1.0,,BenchmarkALPMatrix/float/outliers20/n=32/buckets=0/time=no-st/XOR/decode
scalar,BenchmarkALPMatrix,float,outliers20,32,0,no-st,XOR,encode,6,663.45,662.2,666.4,48.23272288793428,385.84000000000003,7.625,0.02056,20.56,20.455,0.11445,99.195,800.0,7.0,1.0,,BenchmarkALPMatrix/float/outliers20/n=32/buckets=0/time=no-st/XOR/encode
scalar,BenchmarkALPMatrix,float,outliers20,32,0,no-st,XOR2,decode,6,256.9,256.4,257.3,124.56208641494746,996.585,7.656,0.008029,8.029,8.000499999999999,0.027045,100.0,0.0,0.0,1.0,,BenchmarkALPMatrix/float/outliers20/n=32/buckets=0/time=no-st/XOR2/decode
scalar,BenchmarkALPMatrix,float,outliers20,32,0,no-st,XOR2,encode,6,595.75,592.6,597.6,53.71380612673101,429.685,7.656,0.018415,18.415,18.335,0.081295,99.00999999999999,816.0,7.0,1.0,,BenchmarkALPMatrix/float/outliers20/n=32/buckets=0/time=no-st/XOR2/encode
scalar,BenchmarkALPMatrix,float,random-bits,1024,0,no-st,ALP,decode,6,2572.5,2567.0,2580.0,398.0563654033042,3184.61,8.229,0.002513,2.513,2.505,0.0092075,100.0,0.0,0.0,1.0,,BenchmarkALPMatrix/float/random-bits/n=1024/buckets=0/time=no-st/ALP/decode
scalar,BenchmarkALPMatrix,float,random-bits,1024,0,no-st,ALP,encode,6,105981.0,105760.0,107663.0,9.662109245996923,77.295,8.229,0.10325,103.25,102.75,0.4668,99.745,50336.0,28.0,1.0,,BenchmarkALPMatrix/float/random-bits/n=1024/buckets=0/time=no-st/ALP/encode
scalar,BenchmarkALPMatrix,float,random-bits,1024,0,no-st,XOR,decode,6,9324.0,9318.0,9335.0,109.82410982410983,878.6,8.388,0.0091065,9.1065,9.0845,0.024724999999999997,100.0,0.0,0.0,1.0,,BenchmarkALPMatrix/float/random-bits/n=1024/buckets=0/time=no-st/XOR/decode
scalar,BenchmarkALPMatrix,float,random-bits,1024,0,no-st,XOR,encode,6,18321.0,18281.0,18559.0,55.8921456252388,447.15,8.388,0.017655,17.655,17.53,0.13155,98.685,34592.0,16.0,1.0,,BenchmarkALPMatrix/float/random-bits/n=1024/buckets=0/time=no-st/XOR/encode
scalar,BenchmarkALPMatrix,float,random-bits,1024,0,no-st,XOR2,decode,6,19814.0,19800.0,19849.0,51.680629857676394,413.445,11.02,0.019355,19.355,19.285,0.067165,100.0,0.0,0.0,1.0,,BenchmarkALPMatrix/float/random-bits/n=1024/buckets=0/time=no-st/XOR2/decode
scalar,BenchmarkALPMatrix,float,random-bits,1024,0,no-st,XOR2,encode,6,23258.5,23205.0,23391.0,44.02691489133005,352.21500000000003,11.02,0.02239,22.39,22.225,0.1547,98.46000000000001,46896.0,17.0,1.0,,BenchmarkALPMatrix/float/random-bits/n=1024/buckets=0/time=no-st/XOR2/encode
scalar,BenchmarkALPMatrix,float,random-bits,120,0,no-st,ALP,decode,6,315.1,307.1,337.0,380.83148206918435,3046.285,8.267,0.0026260000000000003,2.6260000000000003,2.6075,0.013055,100.0,0.0,0.0,1.0,,BenchmarkALPMatrix/float/random-bits/n=120/buckets=0/time=no-st/ALP/decode
scalar,BenchmarkALPMatrix,float,random-bits,120,0,no-st,ALP,decode-cold,6,420.95,415.1,437.9,285.06948568713625,2280.315,8.267,0.00342,3.42,3.3825000000000003,0.0382,97.655,1296.0,3.0,1.0,,BenchmarkALPMatrix/float/random-bits/n=120/buckets=0/time=no-st/ALP/decode-cold
scalar,BenchmarkALPMatrix,float,random-bits,120,0,no-st,ALP,encode,6,12764.5,12682.0,12964.0,9.401073289200516,75.21,8.267,0.10594999999999999,105.94999999999999,105.4,0.5501,99.56,9008.0,15.0,1.0,,BenchmarkALPMatrix/float/random-bits/n=120/buckets=0/time=no-st/ALP/encode
scalar,BenchmarkALPMatrix,float,random-bits,120,0,no-st,XOR,decode,6,1132.5,1111.0,1183.0,105.96026490066225,847.835,8.483,0.009437000000000001,9.437000000000001,9.399000000000001,0.02733,100.0,0.0,0.0,1.0,,BenchmarkALPMatrix/float/random-bits/n=120/buckets=0/time=no-st/XOR/decode
scalar,BenchmarkALPMatrix,float,random-bits,120,0,no-st,XOR,decode-cold,6,1168.0,1149.0,1183.0,102.73972602739725,821.99,8.483,0.009728500000000001,9.7285,9.68,0.05054,99.945,128.0,2.0,1.0,,BenchmarkALPMatrix/float/random-bits/n=120/buckets=0/time=no-st/XOR/decode-cold
scalar,BenchmarkALPMatrix,float,random-bits,120,0,no-st,XOR,encode,6,2282.0,2275.0,2299.0,52.58545135845749,420.735,8.483,0.018775,18.775,18.634999999999998,0.15545,98.85499999999999,3616.0,10.0,1.0,,BenchmarkALPMatrix/float/random-bits/n=120/buckets=0/time=no-st/XOR/encode
scalar,BenchmarkALPMatrix,float,random-bits,120,0,no-st,XOR2,decode,6,949.35,943.8,959.3,126.40227524095434,1011.255,8.492,0.007912,7.912,7.8795,0.033604999999999996,100.0,0.0,0.0,1.0,,BenchmarkALPMatrix/float/random-bits/n=120/buckets=0/time=no-st/XOR2/decode
scalar,BenchmarkALPMatrix,float,random-bits,120,0,no-st,XOR2,decode-cold,6,978.0,972.0,980.9,122.69938650306749,981.62,8.492,0.0081445,8.1445,8.0945,0.037835,99.93,144.0,2.0,1.0,,BenchmarkALPMatrix/float/random-bits/n=120/buckets=0/time=no-st/XOR2/decode-cold
scalar,BenchmarkALPMatrix,float,random-bits,120,0,no-st,XOR2,encode,6,2245.0,2238.0,2254.0,53.4521158129176,427.64,8.492,0.018484999999999998,18.485,18.34,0.147,98.82,3632.0,10.0,1.0,,BenchmarkALPMatrix/float/random-bits/n=120/buckets=0/time=no-st/XOR2/encode
scalar,BenchmarkALPMatrix,float,random-bits,32,0,no-st,ALP,decode,6,93.235,93.15,93.78,343.2187483241272,2745.8199999999997,9.0,0.0029145,2.9145,2.9105,0.003672,100.0,0.0,0.0,1.0,,BenchmarkALPMatrix/float/random-bits/n=32/buckets=0/time=no-st/ALP/decode
scalar,BenchmarkALPMatrix,float,random-bits,32,0,no-st,ALP,encode,6,7292.5,7238.0,7429.0,4.388069934864587,35.105000000000004,9.0,0.22740000000000002,227.4,226.85000000000002,0.59155,99.785,2832.0,13.0,1.0,,BenchmarkALPMatrix/float/random-bits/n=32/buckets=0/time=no-st/ALP/encode
scalar,BenchmarkALPMatrix,float,random-bits,32,0,no-st,XOR,decode,6,312.95,311.5,314.9,102.25275603131492,818.0,8.781,0.009782500000000001,9.7825,9.7685,0.013435,100.0,0.0,0.0,1.0,,BenchmarkALPMatrix/float/random-bits/n=32/buckets=0/time=no-st/XOR/decode
scalar,BenchmarkALPMatrix,float,random-bits,32,0,no-st,XOR,encode,6,720.95,715.0,749.9,44.38587974200707,355.09000000000003,8.781,0.022215000000000002,22.215000000000003,22.1,0.12175,98.62,1312.0,8.0,1.0,,BenchmarkALPMatrix/float/random-bits/n=32/buckets=0/time=no-st/XOR/encode
scalar,BenchmarkALPMatrix,float,random-bits,32,0,no-st,XOR2,decode,6,262.05,261.6,263.8,122.11410036252623,976.96,8.812,0.0081895,8.1895,8.1785,0.010705,100.0,0.0,0.0,1.0,,BenchmarkALPMatrix/float/random-bits/n=32/buckets=0/time=no-st/XOR2/decode
scalar,BenchmarkALPMatrix,float,random-bits,32,0,no-st,XOR2,encode,6,708.0999999999999,706.2,713.2,45.191357152944505,361.53999999999996,8.812,0.021804999999999998,21.805,21.695,0.10885,98.535,1328.0,8.0,1.0,,BenchmarkALPMatrix/float/random-bits/n=32/buckets=0/time=no-st/XOR2/encode
scalar,BenchmarkALPMatrix,float,random-finite,1024,0,no-st,ALP,decode,6,4651.5,4640.0,4675.0,220.14403955713212,1761.28,7.401,0.0045425000000000005,4.5425,4.527,0.014585,100.0,0.0,0.0,1.0,,BenchmarkALPMatrix/float/random-finite/n=1024/buckets=0/time=no-st/ALP/decode
scalar,BenchmarkALPMatrix,float,random-finite,1024,0,no-st,ALP,encode,6,100565.5,100220.0,100947.0,10.182418423813335,81.46000000000001,7.401,0.097905,97.905,97.47999999999999,0.42774999999999996,99.73,49056.0,28.0,1.0,,BenchmarkALPMatrix/float/random-finite/n=1024/buckets=0/time=no-st/ALP/encode
scalar,BenchmarkALPMatrix,float,random-finite,1024,0,no-st,XOR,decode,6,9319.0,9302.0,9359.0,109.88303466037128,879.06,8.386,0.009102,9.102,9.0835,0.019745,100.0,0.0,0.0,1.0,,BenchmarkALPMatrix/float/random-finite/n=1024/buckets=0/time=no-st/XOR/decode
scalar,BenchmarkALPMatrix,float,random-finite,1024,0,no-st,XOR,encode,6,18236.5,18119.0,18339.0,56.15112549008856,449.20500000000004,8.386,0.017555,17.555,17.43,0.13219999999999998,98.59,34592.0,16.0,1.0,,BenchmarkALPMatrix/float/random-finite/n=1024/buckets=0/time=no-st/XOR/encode
scalar,BenchmarkALPMatrix,float,random-finite,1024,0,no-st,XOR2,decode,6,19904.0,19781.0,19983.0,51.446945337620576,411.58000000000004,11.02,0.019414999999999998,19.415,19.345,0.08346,100.0,0.0,0.0,1.0,,BenchmarkALPMatrix/float/random-finite/n=1024/buckets=0/time=no-st/XOR2/decode
scalar,BenchmarkALPMatrix,float,random-finite,1024,0,no-st,XOR2,encode,6,23290.5,23233.0,23412.0,43.96642407848694,351.73,11.02,0.02241,22.41,22.22,0.18414999999999998,98.55000000000001,46896.0,17.0,1.0,,BenchmarkALPMatrix/float/random-finite/n=1024/buckets=0/time=no-st/XOR2/encode
scalar,BenchmarkALPMatrix,float,random-finite,120,0,no-st,ALP,decode,6,556.05,554.0,562.9,215.8079309414621,1726.325,7.475,0.0046345,4.6345,4.6295,0.005221,100.0,0.0,0.0,1.0,,BenchmarkALPMatrix/float/random-finite/n=120/buckets=0/time=no-st/ALP/decode
scalar,BenchmarkALPMatrix,float,random-finite,120,0,no-st,ALP,encode,6,12264.5,12200.0,12309.0,9.784336907334175,78.275,7.475,0.10175,101.75,101.55,0.21585,99.6,7600.0,14.0,1.0,,BenchmarkALPMatrix/float/random-finite/n=120/buckets=0/time=no-st/ALP/encode
scalar,BenchmarkALPMatrix,float,random-finite,120,0,no-st,XOR,decode,6,1100.5,1098.0,1104.0,109.04134484325307,872.19,8.467,0.009174,9.174,9.163499999999999,0.011099999999999999,100.0,0.0,0.0,1.0,,BenchmarkALPMatrix/float/random-finite/n=120/buckets=0/time=no-st/XOR/decode
scalar,BenchmarkALPMatrix,float,random-finite,120,0,no-st,XOR,encode,6,2246.5,2236.0,2258.0,53.416425550856886,427.36,8.467,0.018495,18.495,18.42,0.07679,98.81,3616.0,10.0,1.0,,BenchmarkALPMatrix/float/random-finite/n=120/buckets=0/time=no-st/XOR/encode
scalar,BenchmarkALPMatrix,float,random-finite,120,0,no-st,XOR2,decode,6,928.5999999999999,927.1,931.0,129.2267930217532,1033.805,8.475,0.007739,7.739,7.73,0.0092745,100.0,0.0,0.0,1.0,,BenchmarkALPMatrix/float/random-finite/n=120/buckets=0/time=no-st/XOR2/decode
scalar,BenchmarkALPMatrix,float,random-finite,120,0,no-st,XOR2,encode,6,2217.0,2212.0,2237.0,54.12719891745602,432.96000000000004,8.475,0.01825,18.25,18.175,0.078045,98.77,3632.0,10.0,1.0,,BenchmarkALPMatrix/float/random-finite/n=120/buckets=0/time=no-st/XOR2/encode
scalar,BenchmarkALPMatrix,float,random-finite,32,0,no-st,ALP,decode,6,205.25,204.4,207.5,155.9074299634592,1247.2649999999999,8.781,0.006415,6.415,6.3865,0.019385,100.0,0.0,0.0,1.0,,BenchmarkALPMatrix/float/random-finite/n=32/buckets=0/time=no-st/ALP/decode
scalar,BenchmarkALPMatrix,float,random-finite,32,0,no-st,ALP,encode,6,7472.0,7453.0,7660.0,4.282655246252677,34.26,8.781,0.23310000000000003,233.10000000000002,232.1,0.9172,99.82499999999999,2832.0,13.0,1.0,,BenchmarkALPMatrix/float/random-finite/n=32/buckets=0/time=no-st/ALP/encode
scalar,BenchmarkALPMatrix,float,random-finite,32,0,no-st,XOR,decode,6,308.65,308.2,308.9,103.67730439008587,829.39,8.719,0.009646,9.646,9.6265,0.01818,100.0,0.0,0.0,1.0,,BenchmarkALPMatrix/float/random-finite/n=32/buckets=0/time=no-st/XOR/decode
scalar,BenchmarkALPMatrix,float,random-finite,32,0,no-st,XOR,encode,6,696.7,695.4,701.4,45.93081670733457,367.45,8.719,0.02149,21.49,21.345,0.1499,98.71,1312.0,8.0,1.0,,BenchmarkALPMatrix/float/random-finite/n=32/buckets=0/time=no-st/XOR/encode
scalar,BenchmarkALPMatrix,float,random-finite,32,0,no-st,XOR2,decode,6,260.85,260.7,261.4,122.67586735671841,981.325,8.75,0.008152999999999999,8.152999999999999,8.125,0.031445,100.0,0.0,0.0,1.0,,BenchmarkALPMatrix/float/random-finite/n=32/buckets=0/time=no-st/XOR2/decode
scalar,BenchmarkALPMatrix,float,random-finite,32,0,no-st,XOR2,encode,6,695.7,692.9,698.2,45.996837717406926,367.995,8.75,0.021455,21.455,21.285,0.16585,98.695,1328.0,8.0,1.0,,BenchmarkALPMatrix/float/random-finite/n=32/buckets=0/time=no-st/XOR2/encode
scalar,BenchmarkALPMatrix,float,stale5,1024,0,no-st,ALP,decode,6,3456.5,3452.0,3472.0,296.25343555619844,2370.045,1.714,0.0033765,3.3765,3.3615000000000004,0.01318,100.0,0.0,0.0,1.0,,BenchmarkALPMatrix/float/stale5/n=1024/buckets=0/time=no-st/ALP/decode
scalar,BenchmarkALPMatrix,float,stale5,1024,0,no-st,ALP,encode,6,21188.0,21137.0,21283.0,48.329242967717576,386.64,1.714,0.020605000000000002,20.605,20.505000000000003,0.10438,99.62,13728.0,23.0,1.0,,BenchmarkALPMatrix/float/stale5/n=1024/buckets=0/time=no-st/ALP/encode
scalar,BenchmarkALPMatrix,float,stale5,1024,0,no-st,XOR,decode,6,9118.5,9096.0,9132.0,112.29917201294073,898.4100000000001,8.075,0.008905,8.905,8.883,0.019185,100.0,0.0,0.0,1.0,,BenchmarkALPMatrix/float/stale5/n=1024/buckets=0/time=no-st/XOR/decode
scalar,BenchmarkALPMatrix,float,stale5,1024,0,no-st,XOR,encode,6,22605.0,22553.0,23010.0,45.29971245299713,362.4,8.075,0.02184,21.84,21.695,0.15034999999999998,98.9,34592.0,16.0,1.0,,BenchmarkALPMatrix/float/stale5/n=1024/buckets=0/time=no-st/XOR/encode
scalar,BenchmarkALPMatrix,float,stale5,1024,0,no-st,XOR2,decode,6,19013.0,18972.0,19034.0,53.857886709093776,430.87,8.07,0.018564999999999998,18.564999999999998,18.509999999999998,0.06624,100.0,0.0,0.0,1.0,,BenchmarkALPMatrix/float/stale5/n=1024/buckets=0/time=no-st/XOR2/decode
scalar,BenchmarkALPMatrix,float,stale5,1024,0,no-st,XOR2,encode,6,20089.5,19982.0,20123.0,50.97190074416984,407.78,8.07,0.019344999999999998,19.345,19.195,0.15645,98.83500000000001,34608.0,16.0,1.0,,BenchmarkALPMatrix/float/stale5/n=1024/buckets=0/time=no-st/XOR2/encode
scalar,BenchmarkALPMatrix,float,stale5,120,0,no-st,ALP,decode,6,413.3,412.2,413.8,290.34599564481005,2322.875,1.808,0.0034444999999999996,3.4444999999999997,3.432,0.011265,100.0,0.0,0.0,1.0,,BenchmarkALPMatrix/float/stale5/n=120/buckets=0/time=no-st/ALP/decode
scalar,BenchmarkALPMatrix,float,stale5,120,0,no-st,ALP,encode,6,2936.5,2926.0,3000.0,40.864975310744086,326.935,1.808,0.024045,24.045,23.814999999999998,0.21665,98.14,7600.0,14.0,1.0,,BenchmarkALPMatrix/float/stale5/n=120/buckets=0/time=no-st/ALP/encode
scalar,BenchmarkALPMatrix,float,stale5,120,0,no-st,XOR,decode,6,1078.5,1076.0,1079.0,111.26564673157162,890.37,7.7,0.008985,8.985,8.963000000000001,0.01754,100.0,0.0,0.0,1.0,,BenchmarkALPMatrix/float/stale5/n=120/buckets=0/time=no-st/XOR/decode
scalar,BenchmarkALPMatrix,float,stale5,120,0,no-st,XOR,encode,6,2680.5,2666.0,2700.0,44.76776720761052,358.125,7.7,0.022135,22.134999999999998,22.0,0.14715,99.07499999999999,3616.0,10.0,1.0,,BenchmarkALPMatrix/float/stale5/n=120/buckets=0/time=no-st/XOR/encode
scalar,BenchmarkALPMatrix,float,stale5,120,0,no-st,XOR2,decode,6,870.3,863.6,887.1,137.88348845225784,1103.035,5.7,0.0072535,7.253500000000001,7.229,0.024325,100.0,0.0,0.0,1.0,,BenchmarkALPMatrix/float/stale5/n=120/buckets=0/time=no-st/XOR2/decode
scalar,BenchmarkALPMatrix,float,stale5,120,0,no-st,XOR2,encode,6,1820.5,1812.0,1825.0,65.91595715462785,527.26,5.7,0.015045,15.045,14.945,0.09548,99.17500000000001,2224.0,9.0,1.0,,BenchmarkALPMatrix/float/stale5/n=120/buckets=0/time=no-st/XOR2/encode
scalar,BenchmarkALPMatrix,float,stale5,32,0,no-st,ALP,decode,6,149.25,148.7,150.8,214.40536013400336,1715.27,3.031,0.004664,4.664,4.646,0.017300000000000003,100.0,0.0,0.0,1.0,,BenchmarkALPMatrix/float/stale5/n=32/buckets=0/time=no-st/ALP/decode
scalar,BenchmarkALPMatrix,float,stale5,32,0,no-st,ALP,encode,6,1692.0,1687.0,1726.0,18.912529550827422,151.325,3.031,0.05241,52.41,52.09,0.31185,99.1,2256.0,12.0,1.0,,BenchmarkALPMatrix/float/stale5/n=32/buckets=0/time=no-st/ALP/encode
scalar,BenchmarkALPMatrix,float,stale5,32,0,no-st,XOR,decode,6,284.15,281.8,287.3,112.61657575224355,900.815,7.094,0.008881,8.881,8.858,0.01947,100.0,0.0,0.0,1.0,,BenchmarkALPMatrix/float/stale5/n=32/buckets=0/time=no-st/XOR/decode
scalar,BenchmarkALPMatrix,float,stale5,32,0,no-st,XOR,encode,6,718.45,713.0,724.9,44.54032987681815,356.325,7.094,0.022285,22.285,22.145000000000003,0.1376,99.265,800.0,7.0,1.0,,BenchmarkALPMatrix/float/stale5/n=32/buckets=0/time=no-st/XOR/encode
scalar,BenchmarkALPMatrix,float,stale5,32,0,no-st,XOR2,decode,6,241.0,238.9,245.4,132.78008298755188,1062.33,6.438,0.007533,7.5329999999999995,7.499499999999999,0.033995,100.0,0.0,0.0,1.0,,BenchmarkALPMatrix/float/stale5/n=32/buckets=0/time=no-st/XOR2/decode
scalar,BenchmarkALPMatrix,float,stale5,32,0,no-st,XOR2,encode,6,581.55,561.5,666.7,55.02536325337461,440.23,6.438,0.018020000000000005,18.020000000000003,17.84,0.183,98.985,816.0,7.0,1.0,,BenchmarkALPMatrix/float/stale5/n=32/buckets=0/time=no-st/XOR2/encode
simd,BenchmarkALPMatrix,float,computed,1024,0,no-st,ALP,decode,6,4676.0,4673.0,4685.0,218.99059024807528,1751.88,6.675,0.004567,4.567,4.5504999999999995,0.016295,100.0,0.0,0.0,1.0,,BenchmarkALPMatrix/float/computed/n=1024/buckets=0/time=no-st/ALP/decode
simd,BenchmarkALPMatrix,float,computed,1024,0,no-st,ALP,encode,6,74520.5,74028.0,75182.0,13.741185311424372,109.93,6.675,0.072485,72.485,72.19,0.30910000000000004,99.71,38304.0,27.0,1.0,,BenchmarkALPMatrix/float/computed/n=1024/buckets=0/time=no-st/ALP/encode
simd,BenchmarkALPMatrix,float,computed,1024,0,no-st,XOR,decode,6,8474.5,8441.0,8491.0,120.83308749778747,966.685,7.013,0.008275500000000002,8.275500000000001,8.251,0.01498,99.995,0.0,0.0,1.0,,BenchmarkALPMatrix/float/computed/n=1024/buckets=0/time=no-st/XOR/decode
simd,BenchmarkALPMatrix,float,computed,1024,0,no-st,XOR,encode,6,21916.0,21623.0,22320.0,46.72385471801424,373.795,7.013,0.021145000000000004,21.145000000000003,20.990000000000002,0.15425,98.855,34592.0,16.0,1.0,,BenchmarkALPMatrix/float/computed/n=1024/buckets=0/time=no-st/XOR/encode
simd,BenchmarkALPMatrix,float,computed,1024,0,no-st,XOR2,decode,6,13615.0,13476.0,13962.0,75.21116415717958,601.69,9.646,0.013300000000000001,13.3,13.25,0.043340000000000004,100.0,0.0,0.0,1.0,,BenchmarkALPMatrix/float/computed/n=1024/buckets=0/time=no-st/XOR2/decode
simd,BenchmarkALPMatrix,float,computed,1024,0,no-st,XOR2,encode,6,21650.5,21124.0,23394.0,47.296829172536434,378.39,9.646,0.0207,20.7,20.535,0.1676,98.005,46896.0,17.0,1.0,,BenchmarkALPMatrix/float/computed/n=1024/buckets=0/time=no-st/XOR2/encode
simd,BenchmarkALPMatrix,float,computed,120,0,no-st-jitter,ALP,decode,6,858.55,857.3,863.5,139.77054335798732,1118.12,8.642,0.0071555,7.1555,7.1295,0.027880000000000002,100.0,0.0,0.0,1.0,,BenchmarkALPMatrix/float/computed/n=120/buckets=0/time=no-st-jitter/ALP/decode
simd,BenchmarkALPMatrix,float,computed,120,0,no-st-jitter,ALP,encode,6,9527.0,9479.0,9546.0,12.595780413561457,100.765,8.642,0.07891499999999999,78.91499999999999,78.445,0.47140000000000004,99.4,9008.0,15.0,1.0,,BenchmarkALPMatrix/float/computed/n=120/buckets=0/time=no-st-jitter/ALP/encode
simd,BenchmarkALPMatrix,float,computed,120,0,no-st-jitter,XOR,decode,6,1540.5,1539.0,1552.0,77.89678675754625,623.19,8.95,0.01284,12.84,12.805,0.030945,100.0,0.0,0.0,1.0,,BenchmarkALPMatrix/float/computed/n=120/buckets=0/time=no-st-jitter/XOR/decode
simd,BenchmarkALPMatrix,float,computed,120,0,no-st-jitter,XOR,encode,6,2671.5,2664.0,2763.0,44.918585064570465,359.31,8.95,0.022064999999999998,22.064999999999998,21.92,0.14735,99.08500000000001,3616.0,10.0,1.0,,BenchmarkALPMatrix/float/computed/n=120/buckets=0/time=no-st-jitter/XOR/encode
simd,BenchmarkALPMatrix,float,computed,120,0,no-st-jitter,XOR2,decode,6,1273.5,1270.0,1279.0,94.22850412249706,753.89,8.958,0.010615,10.615,10.57,0.042609999999999995,100.0,0.0,0.0,1.0,,BenchmarkALPMatrix/float/computed/n=120/buckets=0/time=no-st-jitter/XOR2/decode
simd,BenchmarkALPMatrix,float,computed,120,0,no-st-jitter,XOR2,encode,6,2275.0,2266.0,2285.0,52.747252747252745,421.97,8.958,0.01876,18.759999999999998,18.615000000000002,0.14095000000000002,98.89500000000001,3632.0,10.0,1.0,,BenchmarkALPMatrix/float/computed/n=120/buckets=0/time=no-st-jitter/XOR2/encode
simd,BenchmarkALPMatrix,float,computed,120,0,no-st,ALP,decode,6,558.45,557.1,561.8,214.88047273704,1718.99,6.742,0.004655,4.655,4.649,0.006459,100.0,0.0,0.0,1.0,,BenchmarkALPMatrix/float/computed/n=120/buckets=0/time=no-st/ALP/decode
simd,BenchmarkALPMatrix,float,computed,120,0,no-st,ALP,encode,6,9362.0,9332.0,9400.0,12.81777397991882,102.545,6.742,0.07755000000000001,77.55000000000001,77.345,0.20835,99.46,7600.0,14.0,1.0,,BenchmarkALPMatrix/float/computed/n=120/buckets=0/time=no-st/ALP/encode
simd,BenchmarkALPMatrix,float,computed,120,0,no-st,XOR,decode,6,1028.0,1026.0,1033.0,116.73151750972762,933.495,7.108,0.008572,8.572,8.560500000000001,0.01248,100.0,0.0,0.0,1.0,,BenchmarkALPMatrix/float/computed/n=120/buckets=0/time=no-st/XOR/decode
simd,BenchmarkALPMatrix,float,computed,120,0,no-st,XOR,encode,6,2463.5,2437.0,2472.0,48.711183275827075,389.695,7.108,0.020415,20.415,20.335,0.05821,99.39500000000001,2208.0,9.0,1.0,,BenchmarkALPMatrix/float/computed/n=120/buckets=0/time=no-st/XOR/encode
simd,BenchmarkALPMatrix,float,computed,120,0,no-st,XOR2,decode,6,908.75,904.0,918.1,132.04951856946354,1056.355,7.117,0.007567,7.567,7.556,0.011699999999999999,99.91499999999999,0.0,0.0,1.0,,BenchmarkALPMatrix/float/computed/n=120/buckets=0/time=no-st/XOR2/decode
simd,BenchmarkALPMatrix,float,computed,120,0,no-st,XOR2,encode,6,1962.5,1947.0,2096.0,61.146496815286625,489.29,7.117,0.01622,16.22,16.16,0.062955,99.21,2224.0,9.0,1.0,,BenchmarkALPMatrix/float/computed/n=120/buckets=0/time=no-st/XOR2/encode
simd,BenchmarkALPMatrix,float,computed,32,0,no-st,ALP,decode,6,206.3,205.5,207.8,155.11391177896266,1240.895,8.031,0.006448499999999999,6.448499999999999,6.4175,0.029455000000000002,100.0,0.0,0.0,1.0,,BenchmarkALPMatrix/float/computed/n=32/buckets=0/time=no-st/ALP/decode
simd,BenchmarkALPMatrix,float,computed,32,0,no-st,ALP,encode,6,6665.0,6646.0,6701.0,4.801200300075019,38.41,8.031,0.20795,207.95,207.1,0.8426,99.845,2256.0,12.0,1.0,,BenchmarkALPMatrix/float/computed/n=32/buckets=0/time=no-st/ALP/encode
simd,BenchmarkALPMatrix,float,computed,32,0,no-st,XOR,decode,6,295.75,294.3,296.4,108.19949281487743,865.65,7.406,0.009243500000000002,9.243500000000001,9.211,0.034185,100.0,0.0,0.0,1.0,,BenchmarkALPMatrix/float/computed/n=32/buckets=0/time=no-st/XOR/decode
simd,BenchmarkALPMatrix,float,computed,32,0,no-st,XOR,encode,6,716.7,712.9,724.5,44.649086089019114,357.20500000000004,7.406,0.02223,22.23,22.095,0.1381,99.245,800.0,7.0,1.0,,BenchmarkALPMatrix/float/computed/n=32/buckets=0/time=no-st/XOR/encode
simd,BenchmarkALPMatrix,float,computed,32,0,no-st,XOR2,decode,6,258.45,257.5,259.7,123.81505126716966,990.52,7.438,0.008078,8.078,8.0485,0.02947,100.0,0.0,0.0,1.0,,BenchmarkALPMatrix/float/computed/n=32/buckets=0/time=no-st/XOR2/decode
simd,BenchmarkALPMatrix,float,computed,32,0,no-st,XOR2,encode,6,597.65,595.5,603.4,53.54304358738392,428.345,7.438,0.018484999999999998,18.485,18.375,0.11015,99.00999999999999,816.0,7.0,1.0,,BenchmarkALPMatrix/float/computed/n=32/buckets=0/time=no-st/XOR2/encode
simd,BenchmarkALPMatrix,float,constant,1024,0,no-st,ALP,decode,6,2290.0,2286.0,2292.0,447.16157205240177,3577.505,0.292,0.0022365,2.2365000000000004,2.2285,0.00818,100.0,0.0,0.0,1.0,,BenchmarkALPMatrix/float/constant/n=1024/buckets=0/time=no-st/ALP/decode
simd,BenchmarkALPMatrix,float,constant,1024,0,no-st,ALP,encode,6,5956.0,5924.0,5998.0,171.92746809939555,1375.415,0.292,0.005756,5.756,5.7115,0.03881,99.085,7904.0,20.0,1.0,,BenchmarkALPMatrix/float/constant/n=1024/buckets=0/time=no-st/ALP/encode
simd,BenchmarkALPMatrix,float,constant,1024,0,no-st,XOR,decode,6,2297.5,2290.0,2309.0,445.7018498367791,3565.675,0.2676,0.002244,2.2439999999999998,2.2385,0.004967,100.0,0.0,0.0,1.0,,BenchmarkALPMatrix/float/constant/n=1024/buckets=0/time=no-st/XOR/decode
simd,BenchmarkALPMatrix,float,constant,1024,0,no-st,XOR,encode,6,4632.0,4622.0,4646.0,221.07081174438687,1768.585,0.2676,0.0045190000000000004,4.519,4.4985,0.019415,99.89,1312.0,8.0,1.0,,BenchmarkALPMatrix/float/constant/n=1024/buckets=0/time=no-st/XOR/encode
simd,BenchmarkALPMatrix,float,constant,1024,0,no-st,XOR2,decode,6,14029.0,14004.0,14200.0,72.99166013258251,583.945,2.776,0.013705,13.705,13.65,0.05592,100.0,0.0,0.0,1.0,,BenchmarkALPMatrix/float/constant/n=1024/buckets=0/time=no-st/XOR2/decode
simd,BenchmarkALPMatrix,float,constant,1024,0,no-st,XOR2,encode,6,8251.5,8215.0,8450.0,124.09864873053384,992.825,2.776,0.007995,7.995,7.9510000000000005,0.044700000000000004,99.305,8752.0,12.0,1.0,,BenchmarkALPMatrix/float/constant/n=1024/buckets=0/time=no-st/XOR2/encode
simd,BenchmarkALPMatrix,float,constant,120,0,no-st,ALP,decode,6,271.1,270.8,272.2,442.6410918480265,3540.675,0.3333,0.0022589999999999997,2.259,2.257,0.00278,100.0,0.0,0.0,1.0,,BenchmarkALPMatrix/float/constant/n=120/buckets=0/time=no-st/ALP/decode
simd,BenchmarkALPMatrix,float,constant,120,0,no-st,ALP,encode,6,1330.0,1322.0,1336.0,90.22556390977444,721.765,0.3333,0.01061,10.61,10.469999999999999,0.13805,95.72,7600.0,14.0,1.0,,BenchmarkALPMatrix/float/constant/n=120/buckets=0/time=no-st/ALP/encode
simd,BenchmarkALPMatrix,float,constant,120,0,no-st,XOR,decode,6,324.6,323.1,325.8,369.6857670979667,2957.83,0.4,0.0027045,2.7045,2.7015000000000002,0.003241,100.0,0.0,0.0,1.0,,BenchmarkALPMatrix/float/constant/n=120/buckets=0/time=no-st/XOR/decode
simd,BenchmarkALPMatrix,float,constant,120,0,no-st,XOR,encode,6,686.4,683.8,687.9,174.82517482517483,1398.57,0.4,0.0056914999999999995,5.6915,5.6739999999999995,0.01412,99.47,544.0,6.0,1.0,,BenchmarkALPMatrix/float/constant/n=120/buckets=0/time=no-st/XOR/encode
simd,BenchmarkALPMatrix,float,constant,120,0,no-st,XOR2,decode,6,406.5,403.2,424.9,295.2029520295203,2361.7650000000003,0.2833,0.0033875000000000003,3.3875,3.383,0.004003,100.0,0.0,0.0,1.0,,BenchmarkALPMatrix/float/constant/n=120/buckets=0/time=no-st/XOR2/decode
simd,BenchmarkALPMatrix,float,constant,120,0,no-st,XOR2,encode,6,558.4,557.8,559.8,214.8997134670487,1719.125,0.2833,0.0046215,4.6215,4.607,0.01289,99.3,560.0,6.0,1.0,,BenchmarkALPMatrix/float/constant/n=120/buckets=0/time=no-st/XOR2/encode
simd,BenchmarkALPMatrix,float,constant,32,0,no-st,ALP,decode,6,116.25,103.4,145.2,275.26881720430106,2202.505,1.25,0.003632,3.6319999999999997,3.621,0.0084805,99.99,0.0,0.0,1.0,,BenchmarkALPMatrix/float/constant/n=32/buckets=0/time=no-st/ALP/decode
simd,BenchmarkALPMatrix,float,constant,32,0,no-st,ALP,encode,6,473.85,466.4,489.5,67.53191938377124,540.26,1.25,0.01425,14.25,14.100000000000001,0.17675000000000002,96.64,2256.0,12.0,1.0,,BenchmarkALPMatrix/float/constant/n=32/buckets=0/time=no-st/ALP/encode
simd,BenchmarkALPMatrix,float,constant,32,0,no-st,XOR,decode,6,160.4,149.1,164.0,199.501246882793,1595.75,0.8125,0.005013999999999999,5.013999999999999,5.0075,0.0070155,100.0,0.0,0.0,1.0,,BenchmarkALPMatrix/float/constant/n=32/buckets=0/time=no-st/XOR/decode
simd,BenchmarkALPMatrix,float,constant,32,0,no-st,XOR,encode,6,289.05,284.0,296.2,110.70749005362394,885.595,0.8125,0.008915,8.915,8.867999999999999,0.047715,98.685,544.0,6.0,1.0,,BenchmarkALPMatrix/float/constant/n=32/buckets=0/time=no-st/XOR/encode
simd,BenchmarkALPMatrix,float,constant,32,0,no-st,XOR2,decode,6,174.25,165.7,185.3,183.6441893830703,1469.105,0.7188,0.0054459999999999995,5.446,5.439,0.0075905,100.0,0.0,0.0,1.0,,BenchmarkALPMatrix/float/constant/n=32/buckets=0/time=no-st/XOR2/decode
simd,BenchmarkALPMatrix,float,constant,32,0,no-st,XOR2,encode,6,254.8,251.8,258.6,125.58869701726844,1004.8,0.7188,0.0078115,7.8115,7.7645,0.046335,98.425,560.0,6.0,1.0,,BenchmarkALPMatrix/float/constant/n=32/buckets=0/time=no-st/XOR2/encode
simd,BenchmarkALPMatrix,float,counter,1024,0,no-st,ALP,decode,6,3110.0,3081.0,3135.0,329.2604501607717,2634.545,1.706,0.0030324999999999996,3.0324999999999998,3.01,0.019764999999999998,99.94,0.0,0.0,1.0,,BenchmarkALPMatrix/float/counter/n=1024/buckets=0/time=no-st/ALP/decode
simd,BenchmarkALPMatrix,float,counter,1024,0,no-st,ALP,encode,6,14787.0,14716.0,15592.0,69.2500169067424,553.99,1.706,0.0143,14.3,14.215,0.088055,99.1,13728.0,23.0,1.0,,BenchmarkALPMatrix/float/counter/n=1024/buckets=0/time=no-st/ALP/encode
simd,BenchmarkALPMatrix,float,counter,1024,0,no-st,XOR,decode,6,5408.5,5387.0,5455.0,189.33160765461773,1514.72,2.055,0.0052829999999999995,5.2829999999999995,5.2635000000000005,0.021635,100.0,0.0,0.0,1.0,,BenchmarkALPMatrix/float/counter/n=1024/buckets=0/time=no-st/XOR/decode
simd,BenchmarkALPMatrix,float,counter,1024,0,no-st,XOR,encode,6,13171.0,13130.0,13263.0,77.74656442183586,621.98,2.055,0.012794999999999999,12.795,12.725000000000001,0.075845,99.58,8736.0,12.0,1.0,,BenchmarkALPMatrix/float/counter/n=1024/buckets=0/time=no-st/XOR/encode
simd,BenchmarkALPMatrix,float,counter,1024,0,no-st,XOR2,decode,6,16245.5,16190.0,16318.0,63.03283986334677,504.26,4.688,0.015864999999999997,15.864999999999998,15.81,0.058105000000000004,100.0,0.0,0.0,1.0,,BenchmarkALPMatrix/float/counter/n=1024/buckets=0/time=no-st/XOR2/decode
simd,BenchmarkALPMatrix,float,counter,1024,0,no-st,XOR2,encode,6,14814.0,14746.0,14856.0,69.1238018090995,552.985,4.688,0.0143,14.3,14.235,0.06393,99.07,18224.0,14.0,1.0,,BenchmarkALPMatrix/float/counter/n=1024/buckets=0/time=no-st/XOR2/encode
simd,BenchmarkALPMatrix,float,counter,120,0,no-st,ALP,decode,6,372.65,371.7,373.1,322.01797933717967,2576.265,1.775,0.0031055,3.1055,3.0955000000000004,0.010615,100.0,0.0,0.0,1.0,,BenchmarkALPMatrix/float/counter/n=120/buckets=0/time=no-st/ALP/decode
simd,BenchmarkALPMatrix,float,counter,120,0,no-st,ALP,encode,6,2780.5,2767.0,2808.0,43.157705448660316,345.305,1.775,0.022725000000000002,22.725,22.5,0.22915000000000002,98.125,7600.0,14.0,1.0,,BenchmarkALPMatrix/float/counter/n=120/buckets=0/time=no-st/ALP/encode
simd,BenchmarkALPMatrix,float,counter,120,0,no-st,XOR,decode,6,640.9000000000001,640.1,643.3,187.236698392885,1497.885,1.967,0.0053415,5.3415,5.3325,0.010213,100.0,0.0,0.0,1.0,,BenchmarkALPMatrix/float/counter/n=120/buckets=0/time=no-st/XOR/decode
simd,BenchmarkALPMatrix,float,counter,120,0,no-st,XOR,encode,6,1454.0,1448.0,1464.0,82.53094910591471,660.335,1.967,0.01207,12.07,12.02,0.04846,99.695,800.0,7.0,1.0,,BenchmarkALPMatrix/float/counter/n=120/buckets=0/time=no-st/XOR/encode
simd,BenchmarkALPMatrix,float,counter,120,0,no-st,XOR2,decode,6,703.9,700.5,708.1,170.4787611876687,1363.76,1.975,0.005866,5.866,5.846500000000001,0.018285000000000003,100.0,0.0,0.0,1.0,,BenchmarkALPMatrix/float/counter/n=120/buckets=0/time=no-st/XOR2/decode
simd,BenchmarkALPMatrix,float,counter,120,0,no-st,XOR2,encode,6,1237.0,1206.0,1299.0,97.00889248181083,776.1800000000001,1.975,0.01025,10.25,10.21,0.050824999999999995,99.595,816.0,7.0,1.0,,BenchmarkALPMatrix/float/counter/n=120/buckets=0/time=no-st/XOR2/encode
simd,BenchmarkALPMatrix,float,counter,32,0,no-st,ALP,decode,6,135.1,134.4,135.8,236.8615840118431,1894.9099999999999,2.906,0.0042195,4.2195,4.2135,0.0067694999999999995,100.0,0.0,0.0,1.0,,BenchmarkALPMatrix/float/counter/n=32/buckets=0/time=no-st/ALP/decode
simd,BenchmarkALPMatrix,float,counter,32,0,no-st,ALP,encode,6,1820.0,1693.0,2021.0,17.582417582417584,140.68,2.906,0.056005,56.005,55.61,0.39444999999999997,98.435,2256.0,12.0,1.0,,BenchmarkALPMatrix/float/counter/n=32/buckets=0/time=no-st/ALP/encode
simd,BenchmarkALPMatrix,float,counter,32,0,no-st,XOR,decode,6,202.5,198.2,206.6,158.02469135802468,1264.3400000000001,2.219,0.006306,6.306,6.2805,0.0235265,99.815,0.0,0.0,1.0,,BenchmarkALPMatrix/float/counter/n=32/buckets=0/time=no-st/XOR/decode
simd,BenchmarkALPMatrix,float,counter,32,0,no-st,XOR,encode,6,499.1,489.5,521.8,64.11540773392106,512.9,2.219,0.01544,15.440000000000001,15.305,0.13605,99.11,544.0,6.0,1.0,,BenchmarkALPMatrix/float/counter/n=32/buckets=0/time=no-st/XOR/encode
simd,BenchmarkALPMatrix,float,counter,32,0,no-st,XOR2,decode,6,224.9,213.6,232.3,142.28546020453535,1138.355,2.25,0.006901,6.901,6.8309999999999995,0.052254999999999996,98.265,0.0,0.0,1.0,,BenchmarkALPMatrix/float/counter/n=32/buckets=0/time=no-st/XOR2/decode
simd,BenchmarkALPMatrix,float,counter,32,0,no-st,XOR2,encode,6,436.1,413.5,511.2,73.37766567301077,587.785,2.25,0.013269999999999999,13.27,13.07,0.1676,98.445,560.0,6.0,1.0,,BenchmarkALPMatrix/float/counter/n=32/buckets=0/time=no-st/XOR2/encode
simd,BenchmarkALPMatrix,float,decimal2,1024,0,no-st,ALP,decode,6,3191.5,3182.0,3222.0,320.85226382578725,2566.675,1.206,0.003117,3.117,3.113,0.003914,100.0,0.0,0.0,1.0,,BenchmarkALPMatrix/float/decimal2/n=1024/buckets=0/time=no-st/ALP/decode
simd,BenchmarkALPMatrix,float,decimal2,1024,0,no-st,ALP,encode,6,14956.5,14862.0,14979.0,68.46521579246482,547.7249999999999,1.206,0.01453,14.53,14.485,0.03919,99.49,11168.0,22.0,1.0,,BenchmarkALPMatrix/float/decimal2/n=1024/buckets=0/time=no-st/ALP/encode
simd,BenchmarkALPMatrix,float,decimal2,1024,0,no-st,XOR,decode,6,8715.5,8703.0,8782.0,117.49182490964374,939.9000000000001,5.676,0.008512,8.512,8.500499999999999,0.01116,100.0,0.0,0.0,1.0,,BenchmarkALPMatrix/float/decimal2/n=1024/buckets=0/time=no-st/XOR/decode
simd,BenchmarkALPMatrix,float,decimal2,1024,0,no-st,XOR,encode,6,17733.0,17655.0,17777.0,57.74544634297637,461.97,5.676,0.01714,17.14,17.075,0.06997,98.965,25120.0,15.0,1.0,,BenchmarkALPMatrix/float/decimal2/n=1024/buckets=0/time=no-st/XOR/encode
simd,BenchmarkALPMatrix,float,decimal2,1024,0,no-st,XOR2,decode,6,18658.0,18598.0,18888.0,54.88262407546361,439.06,8.31,0.01822,18.22,18.2,0.02203,100.0,0.0,0.0,1.0,,BenchmarkALPMatrix/float/decimal2/n=1024/buckets=0/time=no-st/XOR2/decode
simd,BenchmarkALPMatrix,float,decimal2,1024,0,no-st,XOR2,encode,6,19993.0,19948.0,20041.0,51.21792627419597,409.75,8.31,0.019260000000000003,19.26,19.17,0.09036,98.69,34608.0,16.0,1.0,,BenchmarkALPMatrix/float/decimal2/n=1024/buckets=0/time=no-st/XOR2/encode
simd,BenchmarkALPMatrix,float,decimal2,120,0,no-st-jitter,ALP,decode,6,694.25,692.8,697.3,172.84839755131438,1382.7649999999999,3.208,0.0057859999999999995,5.786,5.765499999999999,0.018285000000000003,100.0,0.0,0.0,1.0,,BenchmarkALPMatrix/float/decimal2/n=120/buckets=0/time=no-st-jitter/ALP/decode
simd,BenchmarkALPMatrix,float,decimal2,120,0,no-st-jitter,ALP,encode,6,3002.5,2985.0,3028.0,39.96669442131557,319.73,3.208,0.024579999999999998,24.58,24.32,0.25805,98.28999999999999,7600.0,14.0,1.0,,BenchmarkALPMatrix/float/decimal2/n=120/buckets=0/time=no-st-jitter/ALP/encode
simd,BenchmarkALPMatrix,float,decimal2,120,0,no-st-jitter,XOR,decode,6,1534.5,1530.0,1540.0,78.20136852394917,625.6,7.617,0.01279,12.79,12.76,0.02706,100.0,0.0,0.0,1.0,,BenchmarkALPMatrix/float/decimal2/n=120/buckets=0/time=no-st-jitter/XOR/decode
simd,BenchmarkALPMatrix,float,decimal2,120,0,no-st-jitter,XOR,encode,6,2434.5,2428.0,2445.0,49.291435613062234,394.36,7.617,0.020075,20.075,19.95,0.12919999999999998,98.975,3616.0,10.0,1.0,,BenchmarkALPMatrix/float/decimal2/n=120/buckets=0/time=no-st-jitter/XOR/encode
simd,BenchmarkALPMatrix,float,decimal2,120,0,no-st-jitter,XOR2,decode,6,1165.0,1162.0,1180.0,103.00429184549357,823.765,7.642,0.0097125,9.7125,9.6865,0.03158,100.0,0.0,0.0,1.0,,BenchmarkALPMatrix/float/decimal2/n=120/buckets=0/time=no-st-jitter/XOR2/decode
simd,BenchmarkALPMatrix,float,decimal2,120,0,no-st-jitter,XOR2,encode,6,2121.0,2113.0,2130.0,56.57708628005658,452.605,7.642,0.017455,17.455,17.34,0.12165000000000001,98.795,3632.0,10.0,1.0,,BenchmarkALPMatrix/float/decimal2/n=120/buckets=0/time=no-st-jitter/XOR2/encode
simd,BenchmarkALPMatrix,float,decimal2,120,0,no-st,ALP,decode,6,386.20000000000005,385.8,405.3,310.719834282755,2485.9,1.308,0.0032190000000000005,3.2190000000000003,3.208,0.011505,100.0,0.0,0.0,1.0,,BenchmarkALPMatrix/float/decimal2/n=120/buckets=0/time=no-st/ALP/decode
simd,BenchmarkALPMatrix,float,decimal2,120,0,no-st,ALP,decode-cold,6,525.5999999999999,524.0,537.5,228.31050228310505,1826.5900000000001,1.308,0.0042895,4.2895,4.2395,0.051875000000000004,97.91,1552.0,4.0,1.0,,BenchmarkALPMatrix/float/decimal2/n=120/buckets=0/time=no-st/ALP/decode-cold
simd,BenchmarkALPMatrix,float,decimal2,120,0,no-st,ALP,encode,6,2836.0,2824.0,2857.0,42.31311706629055,338.505,1.308,0.023185,23.185000000000002,22.945,0.2265,98.1,7600.0,14.0,1.0,,BenchmarkALPMatrix/float/decimal2/n=120/buckets=0/time=no-st/ALP/encode
simd,BenchmarkALPMatrix,float,decimal2,120,0,no-st,XOR,decode,6,1026.0,1024.0,1030.0,116.95906432748538,935.375,5.767,0.008553000000000002,8.553,8.531500000000001,0.021949999999999997,100.0,0.0,0.0,1.0,,BenchmarkALPMatrix/float/decimal2/n=120/buckets=0/time=no-st/XOR/decode
simd,BenchmarkALPMatrix,float,decimal2,120,0,no-st,XOR,decode-cold,6,1058.5,1054.0,1070.0,113.36797354747284,906.73,5.767,0.0088185,8.8185,8.783,0.037035,99.95,128.0,2.0,1.0,,BenchmarkALPMatrix/float/decimal2/n=120/buckets=0/time=no-st/XOR/decode-cold
simd,BenchmarkALPMatrix,float,decimal2,120,0,no-st,XOR,encode,6,2189.5,2163.0,2240.0,54.80703356930806,438.525,5.767,0.01808,18.08,17.98,0.095655,99.155,2208.0,9.0,1.0,,BenchmarkALPMatrix/float/decimal2/n=120/buckets=0/time=no-st/XOR/encode
simd,BenchmarkALPMatrix,float,decimal2,120,0,no-st,XOR2,decode,6,882.1,879.6,884.9,136.0389978460492,1088.315,5.775,0.007352,7.352,7.3245000000000005,0.02626,100.0,0.0,0.0,1.0,,BenchmarkALPMatrix/float/decimal2/n=120/buckets=0/time=no-st/XOR2/decode
simd,BenchmarkALPMatrix,float,decimal2,120,0,no-st,XOR2,decode-cold,6,914.15,912.2,919.6,131.26948531422633,1050.155,5.775,0.0076135000000000005,7.6135,7.58,0.029875,99.93,144.0,2.0,1.0,,BenchmarkALPMatrix/float/decimal2/n=120/buckets=0/time=no-st/XOR2/decode-cold
simd,BenchmarkALPMatrix,float,decimal2,120,0,no-st,XOR2,encode,6,1827.0,1820.0,1848.0,65.68144499178982,525.4,5.775,0.015085000000000001,15.085,14.99,0.094985,99.16,2224.0,9.0,1.0,,BenchmarkALPMatrix/float/decimal2/n=120/buckets=0/time=no-st/XOR2/encode
simd,BenchmarkALPMatrix,float,decimal2,32,0,no-st,ALP,decode,6,144.9,144.4,145.6,220.84195997239473,1766.525,2.406,0.0045295000000000005,4.5295000000000005,4.5145,0.01734,100.0,0.0,0.0,1.0,,BenchmarkALPMatrix/float/decimal2/n=32/buckets=0/time=no-st/ALP/decode
simd,BenchmarkALPMatrix,float,decimal2,32,0,no-st,ALP,encode,6,1690.5,1672.0,1698.0,18.929310854776695,151.45499999999998,2.406,0.05226,52.26,51.875,0.3689,99.07499999999999,2256.0,12.0,1.0,,BenchmarkALPMatrix/float/decimal2/n=32/buckets=0/time=no-st/ALP/encode
simd,BenchmarkALPMatrix,float,decimal2,32,0,no-st,XOR,decode,6,267.85,266.9,270.3,119.46985252940077,955.685,6.031,0.008372,8.372,8.34,0.029644999999999998,100.0,0.0,0.0,1.0,,BenchmarkALPMatrix/float/decimal2/n=32/buckets=0/time=no-st/XOR/decode
simd,BenchmarkALPMatrix,float,decimal2,32,0,no-st,XOR,encode,6,667.15,664.5,668.1,47.9652252117215,383.73,6.031,0.020665,20.665,20.505,0.1521,99.195,800.0,7.0,1.0,,BenchmarkALPMatrix/float/decimal2/n=32/buckets=0/time=no-st/XOR/encode
simd,BenchmarkALPMatrix,float,decimal2,32,0,no-st,XOR2,decode,6,246.2,245.1,250.6,129.97562956945572,1039.79,6.094,0.0076950000000000005,7.695,7.67,0.039095,100.0,0.0,0.0,1.0,,BenchmarkALPMatrix/float/decimal2/n=32/buckets=0/time=no-st/XOR2/decode
simd,BenchmarkALPMatrix,float,decimal2,32,0,no-st,XOR2,encode,6,545.45,543.7,546.4,58.667155559629656,469.355,6.094,0.01686,16.86,16.76,0.10245,98.94,816.0,7.0,1.0,,BenchmarkALPMatrix/float/decimal2/n=32/buckets=0/time=no-st/XOR2/encode
simd,BenchmarkALPMatrix,float,decimal6,1024,0,no-st,ALP,decode,6,3281.0,3248.0,3460.0,312.09996952148737,2496.4700000000003,1.294,0.003205,3.205,3.1835,0.021374999999999998,100.0,0.0,0.0,1.0,,BenchmarkALPMatrix/float/decimal6/n=1024/buckets=0/time=no-st/ALP/decode
simd,BenchmarkALPMatrix,float,decimal6,1024,0,no-st,ALP,encode,6,19687.5,19423.0,20387.0,52.01269841269841,416.11,1.294,0.019119999999999998,19.119999999999997,18.955,0.18030000000000002,99.455,11296.0,22.0,1.0,,BenchmarkALPMatrix/float/decimal6/n=1024/buckets=0/time=no-st/ALP/encode
simd,BenchmarkALPMatrix,float,decimal6,1024,0,no-st,XOR,decode,6,9424.5,9386.0,9666.0,108.65297893787469,869.245,5.64,0.009204,9.204,9.151,0.045595,100.0,0.0,0.0,1.0,,BenchmarkALPMatrix/float/decimal6/n=1024/buckets=0/time=no-st/XOR/decode
simd,BenchmarkALPMatrix,float,decimal6,1024,0,no-st,XOR,encode,6,21660.0,21465.0,22983.0,47.27608494921515,378.21000000000004,5.64,0.02097,20.97,20.814999999999998,0.16720000000000002,99.15,25120.0,15.0,1.0,,BenchmarkALPMatrix/float/decimal6/n=1024/buckets=0/time=no-st/XOR/encode
simd,BenchmarkALPMatrix,float,decimal6,1024,0,no-st,XOR2,decode,6,19375.0,19307.0,20230.0,52.851612903225806,422.815,8.273,0.018925,18.925,18.825,0.10519999999999999,100.0,0.0,0.0,1.0,,BenchmarkALPMatrix/float/decimal6/n=1024/buckets=0/time=no-st/XOR2/decode
simd,BenchmarkALPMatrix,float,decimal6,1024,0,no-st,XOR2,encode,6,20895.5,20701.0,21484.0,49.00576679189299,392.06,8.273,0.020125,20.125,19.92,0.24835000000000002,98.68,34608.0,16.0,1.0,,BenchmarkALPMatrix/float/decimal6/n=1024/buckets=0/time=no-st/XOR2/encode
simd,BenchmarkALPMatrix,float,decimal6,120,0,no-st,ALP,decode,6,381.95,381.1,384.3,314.17724833093337,2513.675,1.392,0.0031829999999999996,3.183,3.1719999999999997,0.012369999999999999,100.0,0.0,0.0,1.0,,BenchmarkALPMatrix/float/decimal6/n=120/buckets=0/time=no-st/ALP/decode
simd,BenchmarkALPMatrix,float,decimal6,120,0,no-st,ALP,encode,6,7017.0,6959.0,7049.0,17.101325352714834,136.815,1.392,0.058019999999999995,58.019999999999996,57.685,0.3234,99.275,7600.0,14.0,1.0,,BenchmarkALPMatrix/float/decimal6/n=120/buckets=0/time=no-st/ALP/encode
simd,BenchmarkALPMatrix,float,decimal6,120,0,no-st,XOR,decode,6,1093.5,1080.0,1115.0,109.73936899862825,878.075,5.733,0.009105,9.105,9.0825,0.02272,99.99,0.0,0.0,1.0,,BenchmarkALPMatrix/float/decimal6/n=120/buckets=0/time=no-st/XOR/decode
simd,BenchmarkALPMatrix,float,decimal6,120,0,no-st,XOR,encode,6,2611.0,2597.0,2633.0,45.95940252776714,367.67499999999995,5.733,0.021645,21.645,21.545,0.095415,99.47,2208.0,9.0,1.0,,BenchmarkALPMatrix/float/decimal6/n=120/buckets=0/time=no-st/XOR/encode
simd,BenchmarkALPMatrix,float,decimal6,120,0,no-st,XOR2,decode,6,911.45,908.5,924.9,131.6583465905974,1053.235,5.742,0.007595500000000001,7.5955,7.5755,0.023175,100.0,0.0,0.0,1.0,,BenchmarkALPMatrix/float/decimal6/n=120/buckets=0/time=no-st/XOR2/decode
simd,BenchmarkALPMatrix,float,decimal6,120,0,no-st,XOR2,encode,6,1828.0,1821.0,1843.0,65.64551422319475,525.17,5.742,0.01511,15.11,15.03,0.07658999999999999,99.17500000000001,2224.0,9.0,1.0,,BenchmarkALPMatrix/float/decimal6/n=120/buckets=0/time=no-st/XOR2/encode
simd,BenchmarkALPMatrix,float,decimal6,32,0,no-st,ALP,decode,6,146.25,145.4,147.1,218.8034188034188,1750.3049999999998,2.406,0.0045715,4.5715,4.557499999999999,0.01502,100.0,0.0,0.0,1.0,,BenchmarkALPMatrix/float/decimal6/n=32/buckets=0/time=no-st/ALP/decode
simd,BenchmarkALPMatrix,float,decimal6,32,0,no-st,ALP,encode,6,5898.5,5868.0,5912.0,5.425108078324998,43.4,2.406,0.18385,183.85000000000002,183.25,0.6689,99.81,2256.0,12.0,1.0,,BenchmarkALPMatrix/float/decimal6/n=32/buckets=0/time=no-st/ALP/encode
simd,BenchmarkALPMatrix,float,decimal6,32,0,no-st,XOR,decode,6,302.6,300.7,303.3,105.75016523463317,846.005,6.062,0.009457,9.457,9.43,0.01728,100.0,0.0,0.0,1.0,,BenchmarkALPMatrix/float/decimal6/n=32/buckets=0/time=no-st/XOR/decode
simd,BenchmarkALPMatrix,float,decimal6,32,0,no-st,XOR,encode,6,725.2,723.1,730.9,44.125758411472695,353.005,6.062,0.022505000000000004,22.505000000000003,22.355,0.15410000000000001,99.29,800.0,7.0,1.0,,BenchmarkALPMatrix/float/decimal6/n=32/buckets=0/time=no-st/XOR/encode
simd,BenchmarkALPMatrix,float,decimal6,32,0,no-st,XOR2,decode,6,257.55,255.9,258.5,124.247718889536,994.16,6.125,0.008048,8.048,8.0175,0.029115000000000002,100.0,0.0,0.0,1.0,,BenchmarkALPMatrix/float/decimal6/n=32/buckets=0/time=no-st/XOR2/decode
simd,BenchmarkALPMatrix,float,decimal6,32,0,no-st,XOR2,encode,6,563.35,560.2,565.4,56.80305316410757,454.395,6.125,0.017384999999999998,17.384999999999998,17.270000000000003,0.11424999999999999,98.845,816.0,7.0,1.0,,BenchmarkALPMatrix/float/decimal6/n=32/buckets=0/time=no-st/XOR2/encode
simd,BenchmarkALPMatrix,float,noisy-decimal,1024,0,no-st,ALP,decode,6,3293.0,3282.0,3398.0,310.9626480412997,2487.575,2.081,0.0032164999999999997,3.2165,3.206,0.01064,100.0,0.0,0.0,1.0,,BenchmarkALPMatrix/float/noisy-decimal/n=1024/buckets=0/time=no-st/ALP/decode
simd,BenchmarkALPMatrix,float,noisy-decimal,1024,0,no-st,ALP,encode,6,15594.0,15485.0,16665.0,65.66628190329614,525.3299999999999,2.081,0.015125,15.125,14.995000000000001,0.111735,99.275,17312.0,24.0,1.0,,BenchmarkALPMatrix/float/noisy-decimal/n=1024/buckets=0/time=no-st/ALP/encode
simd,BenchmarkALPMatrix,float,noisy-decimal,1024,0,no-st,XOR,decode,6,8518.5,8481.0,8659.0,120.20895697599343,961.7,7.014,0.008322500000000002,8.322500000000002,8.292000000000002,0.029605,100.0,0.0,0.0,1.0,,BenchmarkALPMatrix/float/noisy-decimal/n=1024/buckets=0/time=no-st/XOR/decode
simd,BenchmarkALPMatrix,float,noisy-decimal,1024,0,no-st,XOR,encode,6,22360.0,22052.0,22897.0,45.796064400715565,366.37,7.014,0.021605,21.605,21.375,0.20295,98.905,34592.0,16.0,1.0,,BenchmarkALPMatrix/float/noisy-decimal/n=1024/buckets=0/time=no-st/XOR/encode
simd,BenchmarkALPMatrix,float,noisy-decimal,1024,0,no-st,XOR2,decode,6,17928.0,17670.0,18505.0,57.1173583221776,456.94,9.647,0.017505,17.505,17.39,0.1239,99.975,0.0,0.0,1.0,,BenchmarkALPMatrix/float/noisy-decimal/n=1024/buckets=0/time=no-st/XOR2/decode
simd,BenchmarkALPMatrix,float,noisy-decimal,1024,0,no-st,XOR2,encode,6,20979.0,20843.0,21051.0,48.810715477382146,390.495,9.647,0.02016,20.16,19.985,0.1733,98.45,46896.0,17.0,1.0,,BenchmarkALPMatrix/float/noisy-decimal/n=1024/buckets=0/time=no-st/XOR2/encode
simd,BenchmarkALPMatrix,float,noisy-decimal,120,0,no-st,ALP,decode,6,394.0,393.1,395.6,304.56852791878174,2436.66,2.175,0.0032835,3.2835,3.2699999999999996,0.016294999999999997,100.0,0.0,0.0,1.0,,BenchmarkALPMatrix/float/noisy-decimal/n=120/buckets=0/time=no-st/ALP/decode
simd,BenchmarkALPMatrix,float,noisy-decimal,120,0,no-st,ALP,encode,6,2843.5,2823.0,2859.0,42.20151222085458,337.66,2.175,0.023170000000000003,23.17,22.95,0.22925,98.15,7600.0,14.0,1.0,,BenchmarkALPMatrix/float/noisy-decimal/n=120/buckets=0/time=no-st/ALP/encode
simd,BenchmarkALPMatrix,float,noisy-decimal,120,0,no-st,XOR,decode,6,1033.0,1031.0,1037.0,116.16650532429816,929.06,7.117,0.008605499999999999,8.6055,8.588000000000001,0.015245,100.0,0.0,0.0,1.0,,BenchmarkALPMatrix/float/noisy-decimal/n=120/buckets=0/time=no-st/XOR/decode
simd,BenchmarkALPMatrix,float,noisy-decimal,120,0,no-st,XOR,encode,6,2446.5,2434.0,2466.0,49.049662783568365,392.41499999999996,7.117,0.02024,20.240000000000002,20.12,0.11195,99.42500000000001,2208.0,9.0,1.0,,BenchmarkALPMatrix/float/noisy-decimal/n=120/buckets=0/time=no-st/XOR/encode
simd,BenchmarkALPMatrix,float,noisy-decimal,120,0,no-st,XOR2,decode,6,912.45,909.2,914.1,131.51405556468848,1052.105,7.125,0.0076055,7.6055,7.5760000000000005,0.029345000000000003,100.0,0.0,0.0,1.0,,BenchmarkALPMatrix/float/noisy-decimal/n=120/buckets=0/time=no-st/XOR2/decode
simd,BenchmarkALPMatrix,float,noisy-decimal,120,0,no-st,XOR2,encode,6,1951.0,1943.0,1956.0,61.50691952844695,492.015,7.125,0.01614,16.14,16.04,0.10594999999999999,99.255,2224.0,9.0,1.0,,BenchmarkALPMatrix/float/noisy-decimal/n=120/buckets=0/time=no-st/XOR2/encode
simd,BenchmarkALPMatrix,float,noisy-decimal,32,0,no-st,ALP,decode,6,149.9,148.5,152.6,213.4756504336224,1707.995,3.406,0.0046795,4.6795,4.647,0.03627,99.905,0.0,0.0,1.0,,BenchmarkALPMatrix/float/noisy-decimal/n=32/buckets=0/time=no-st/ALP/decode
simd,BenchmarkALPMatrix,float,noisy-decimal,32,0,no-st,ALP,encode,6,1738.0,1705.0,1821.0,18.411967779056386,147.35,3.406,0.053130000000000004,53.13,52.69,0.4433,98.57,2256.0,12.0,1.0,,BenchmarkALPMatrix/float/noisy-decimal/n=32/buckets=0/time=no-st/ALP/encode
simd,BenchmarkALPMatrix,float,noisy-decimal,32,0,no-st,XOR,decode,6,299.8,299.3,300.8,106.7378252168112,853.8,7.438,0.009370999999999999,9.370999999999999,9.347999999999999,0.02524,100.0,0.0,0.0,1.0,,BenchmarkALPMatrix/float/noisy-decimal/n=32/buckets=0/time=no-st/XOR/decode
simd,BenchmarkALPMatrix,float,noisy-decimal,32,0,no-st,XOR,encode,6,730.35,728.2,736.1,43.81460943383309,350.515,7.438,0.02266,22.66,22.520000000000003,0.15975,99.28,800.0,7.0,1.0,,BenchmarkALPMatrix/float/noisy-decimal/n=32/buckets=0/time=no-st/XOR/encode
simd,BenchmarkALPMatrix,float,noisy-decimal,32,0,no-st,XOR2,decode,6,266.29999999999995,264.1,269.3,120.16522718738267,961.275,7.469,0.0083235,8.3235,8.268,0.055285,100.0,0.0,0.0,1.0,,BenchmarkALPMatrix/float/noisy-decimal/n=32/buckets=0/time=no-st/XOR2/decode
simd,BenchmarkALPMatrix,float,noisy-decimal,32,0,no-st,XOR2,encode,6,606.3499999999999,600.0,627.8,52.77480003298426,422.175,7.469,0.01876,18.759999999999998,18.575,0.18730000000000002,99.005,816.0,7.0,1.0,,BenchmarkALPMatrix/float/noisy-decimal/n=32/buckets=0/time=no-st/XOR2/encode
simd,BenchmarkALPMatrix,float,outliers20,1024,0,no-st,ALP,decode,6,3337.5,3333.0,3362.0,306.8164794007491,2454.605,3.208,0.0032595000000000002,3.2595,3.2504999999999997,0.0092525,100.05,0.0,0.0,1.0,,BenchmarkALPMatrix/float/outliers20/n=1024/buckets=0/time=no-st/ALP/decode
simd,BenchmarkALPMatrix,float,outliers20,1024,0,no-st,ALP,encode,6,61177.5,61091.0,61481.0,16.738179886396143,133.90499999999997,3.208,0.05963,59.63,59.4,0.24345,99.805,22560.0,25.0,1.0,,BenchmarkALPMatrix/float/outliers20/n=1024/buckets=0/time=no-st/ALP/encode
simd,BenchmarkALPMatrix,float,outliers20,1024,0,no-st,XOR,decode,6,9270.0,9261.0,9282.0,110.4638619201726,883.7149999999999,7.383,0.009053,9.053,9.032,0.014255,100.0,0.0,0.0,1.0,,BenchmarkALPMatrix/float/outliers20/n=1024/buckets=0/time=no-st/XOR/decode
simd,BenchmarkALPMatrix,float,outliers20,1024,0,no-st,XOR,encode,6,16977.0,16907.0,17110.0,60.31689933439359,482.53499999999997,7.383,0.01634,16.34,16.195,0.1286,98.58,34592.0,16.0,1.0,,BenchmarkALPMatrix/float/outliers20/n=1024/buckets=0/time=no-st/XOR/encode
simd,BenchmarkALPMatrix,float,outliers20,1024,0,no-st,XOR2,decode,6,18684.0,18644.0,18727.0,54.806251338043246,438.45500000000004,10.02,0.01825,18.25,18.18,0.061915,100.0,0.0,0.0,1.0,,BenchmarkALPMatrix/float/outliers20/n=1024/buckets=0/time=no-st/XOR2/decode
simd,BenchmarkALPMatrix,float,outliers20,1024,0,no-st,XOR2,encode,6,21715.0,21588.0,21774.0,47.15634354133088,377.245,10.02,0.020884999999999997,20.884999999999998,20.72,0.16920000000000002,98.485,46896.0,17.0,1.0,,BenchmarkALPMatrix/float/outliers20/n=1024/buckets=0/time=no-st/XOR2/encode
simd,BenchmarkALPMatrix,float,outliers20,120,0,no-st,ALP,decode,6,394.9,391.9,399.4,303.8743985819195,2431.04,4.975,0.003291,3.291,3.2735,0.017085,100.0,0.0,0.0,1.0,,BenchmarkALPMatrix/float/outliers20/n=120/buckets=0/time=no-st/ALP/decode
simd,BenchmarkALPMatrix,float,outliers20,120,0,no-st,ALP,encode,6,7197.5,7163.0,7352.0,16.67245571378951,133.375,4.975,0.059445,59.445,58.965,0.4818,99.31,7600.0,14.0,1.0,,BenchmarkALPMatrix/float/outliers20/n=120/buckets=0/time=no-st/ALP/encode
simd,BenchmarkALPMatrix,float,outliers20,120,0,no-st,XOR,decode,6,1105.5,1101.0,1126.0,108.54816824966079,868.335,7.442,0.009208500000000001,9.2085,9.187999999999999,0.02379,100.0,0.0,0.0,1.0,,BenchmarkALPMatrix/float/outliers20/n=120/buckets=0/time=no-st/XOR/decode
simd,BenchmarkALPMatrix,float,outliers20,120,0,no-st,XOR,encode,6,2044.5,2029.0,2049.0,58.694057226705795,469.525,7.442,0.016884999999999997,16.884999999999998,16.770000000000003,0.119975,99.22999999999999,2208.0,9.0,1.0,,BenchmarkALPMatrix/float/outliers20/n=120/buckets=0/time=no-st/XOR/encode
simd,BenchmarkALPMatrix,float,outliers20,120,0,no-st,XOR2,decode,6,950.8,949.0,952.8,126.20950778291966,1009.6949999999999,7.45,0.007925000000000001,7.925000000000001,7.890499999999999,0.033104999999999996,100.0,0.0,0.0,1.0,,BenchmarkALPMatrix/float/outliers20/n=120/buckets=0/time=no-st/XOR2/decode
simd,BenchmarkALPMatrix,float,outliers20,120,0,no-st,XOR2,encode,6,1949.5,1940.0,2035.0,61.55424467812259,492.44,7.45,0.01612,16.119999999999997,15.99,0.12295,99.185,2224.0,9.0,1.0,,BenchmarkALPMatrix/float/outliers20/n=120/buckets=0/time=no-st/XOR2/encode
simd,BenchmarkALPMatrix,float,outliers20,32,0,no-st,ALP,decode,6,150.64999999999998,150.3,152.1,212.41287753070034,1699.565,4.594,0.0047075,4.7075,4.693,0.015015,100.0,0.0,0.0,1.0,,BenchmarkALPMatrix/float/outliers20/n=32/buckets=0/time=no-st/ALP/decode
simd,BenchmarkALPMatrix,float,outliers20,32,0,no-st,ALP,encode,6,5844.5,5808.0,5998.0,5.475233125160408,43.8,4.594,0.18245,182.45,181.5,0.72995,99.82,2256.0,12.0,1.0,,BenchmarkALPMatrix/float/outliers20/n=32/buckets=0/time=no-st/ALP/encode
simd,BenchmarkALPMatrix,float,outliers20,32,0,no-st,XOR,decode,6,289.95,289.2,290.3,110.36385583721332,882.9300000000001,7.625,0.009061,9.061,9.038,0.017735,100.0,0.0,0.0,1.0,,BenchmarkALPMatrix/float/outliers20/n=32/buckets=0/time=no-st/XOR/decode
simd,BenchmarkALPMatrix,float,outliers20,32,0,no-st,XOR,encode,6,666.3,663.9,672.9,48.0264145279904,384.21500000000003,7.625,0.020649999999999998,20.65,20.525,0.1201,99.185,800.0,7.0,1.0,,BenchmarkALPMatrix/float/outliers20/n=32/buckets=0/time=no-st/XOR/encode
simd,BenchmarkALPMatrix,float,outliers20,32,0,no-st,XOR2,decode,6,256.85,256.7,259.2,124.58633443644149,996.6800000000001,7.656,0.008027000000000001,8.027000000000001,7.9985,0.028984999999999997,100.0,0.0,0.0,1.0,,BenchmarkALPMatrix/float/outliers20/n=32/buckets=0/time=no-st/XOR2/decode
simd,BenchmarkALPMatrix,float,outliers20,32,0,no-st,XOR2,encode,6,596.05,594.7,599.2,53.686771244023156,429.495,7.656,0.018445,18.445,18.32,0.1235,99.085,816.0,7.0,1.0,,BenchmarkALPMatrix/float/outliers20/n=32/buckets=0/time=no-st/XOR2/encode
simd,BenchmarkALPMatrix,float,random-bits,1024,0,no-st,ALP,decode,6,2572.5,2566.0,2641.0,398.0563654033042,3184.1549999999997,8.229,0.002513,2.513,2.5010000000000003,0.0106785,100.0,0.0,0.0,1.0,,BenchmarkALPMatrix/float/random-bits/n=1024/buckets=0/time=no-st/ALP/decode
simd,BenchmarkALPMatrix,float,random-bits,1024,0,no-st,ALP,encode,6,102365.0,101576.0,108341.0,10.00341913740048,80.03,8.229,0.09968,99.68,99.03999999999999,0.7099,99.705,50336.0,28.0,1.0,,BenchmarkALPMatrix/float/random-bits/n=1024/buckets=0/time=no-st/ALP/encode
simd,BenchmarkALPMatrix,float,random-bits,1024,0,no-st,XOR,decode,6,9321.0,9292.0,9354.0,109.85945713979187,878.8599999999999,8.388,0.0091045,9.1045,9.088999999999999,0.012525000000000001,99.965,0.0,0.0,1.0,,BenchmarkALPMatrix/float/random-bits/n=1024/buckets=0/time=no-st/XOR/decode
simd,BenchmarkALPMatrix,float,random-bits,1024,0,no-st,XOR,encode,6,18635.0,18471.0,18908.0,54.95036222162597,439.61,8.388,0.017884999999999998,17.884999999999998,17.775,0.11,98.50999999999999,34592.0,16.0,1.0,,BenchmarkALPMatrix/float/random-bits/n=1024/buckets=0/time=no-st/XOR/encode
simd,BenchmarkALPMatrix,float,random-bits,1024,0,no-st,XOR2,decode,6,19986.5,19879.0,20229.0,51.23458334375704,409.875,11.02,0.01952,19.52,19.415,0.09998,100.0,0.0,0.0,1.0,,BenchmarkALPMatrix/float/random-bits/n=1024/buckets=0/time=no-st/XOR2/decode
simd,BenchmarkALPMatrix,float,random-bits,1024,0,no-st,XOR2,encode,6,23455.0,23358.0,23524.0,43.65806864208058,349.27,11.02,0.022515,22.515,22.384999999999998,0.13185000000000002,98.47,46896.0,17.0,1.0,,BenchmarkALPMatrix/float/random-bits/n=1024/buckets=0/time=no-st/XOR2/encode
simd,BenchmarkALPMatrix,float,random-bits,120,0,no-st,ALP,decode,6,306.6,305.9,308.1,391.38943248532286,3131.465,8.267,0.0025549999999999995,2.5549999999999997,2.5435,0.011795,100.0,0.0,0.0,1.0,,BenchmarkALPMatrix/float/random-bits/n=120/buckets=0/time=no-st/ALP/decode
simd,BenchmarkALPMatrix,float,random-bits,120,0,no-st,ALP,decode-cold,6,418.05,416.7,420.9,287.04700394689627,2296.2650000000003,8.267,0.003411,3.411,3.372,0.041525000000000006,97.84,1296.0,3.0,1.0,,BenchmarkALPMatrix/float/random-bits/n=120/buckets=0/time=no-st/ALP/decode-cold
simd,BenchmarkALPMatrix,float,random-bits,120,0,no-st,ALP,encode,6,12212.5,12163.0,12276.0,9.825997952917094,78.61,8.267,0.1012,101.2,100.6,0.6437999999999999,99.485,9008.0,15.0,1.0,,BenchmarkALPMatrix/float/random-bits/n=120/buckets=0/time=no-st/ALP/encode
simd,BenchmarkALPMatrix,float,random-bits,120,0,no-st,XOR,decode,6,1105.0,1103.0,1113.0,108.5972850678733,868.53,8.483,0.0092125,9.2125,9.188,0.018575,100.0,0.0,0.0,1.0,,BenchmarkALPMatrix/float/random-bits/n=120/buckets=0/time=no-st/XOR/decode
simd,BenchmarkALPMatrix,float,random-bits,120,0,no-st,XOR,decode-cold,6,1138.5,1136.0,1139.0,105.40184453227931,843.425,8.483,0.009481,9.481,9.435,0.04517,99.955,128.0,2.0,1.0,,BenchmarkALPMatrix/float/random-bits/n=120/buckets=0/time=no-st/XOR/decode-cold
simd,BenchmarkALPMatrix,float,random-bits,120,0,no-st,XOR,encode,6,2285.5,2273.0,2359.0,52.50492233646904,420.01,8.483,0.01883,18.83,18.705,0.12459999999999999,98.85,3616.0,10.0,1.0,,BenchmarkALPMatrix/float/random-bits/n=120/buckets=0/time=no-st/XOR/encode
simd,BenchmarkALPMatrix,float,random-bits,120,0,no-st,XOR2,decode,6,943.25,940.3,949.6,127.21971905645376,1017.765,8.492,0.007861499999999999,7.8614999999999995,7.8365,0.02549,100.0,0.0,0.0,1.0,,BenchmarkALPMatrix/float/random-bits/n=120/buckets=0/time=no-st/XOR2/decode
simd,BenchmarkALPMatrix,float,random-bits,120,0,no-st,XOR2,decode-cold,6,977.3,972.8,981.4,122.78727105290085,982.27,8.492,0.008135,8.135,8.085,0.045774999999999996,99.92500000000001,144.0,2.0,1.0,,BenchmarkALPMatrix/float/random-bits/n=120/buckets=0/time=no-st/XOR2/decode-cold
simd,BenchmarkALPMatrix,float,random-bits,120,0,no-st,XOR2,encode,6,2249.0,2239.0,2253.0,53.35704757670076,426.865,8.492,0.01851,18.509999999999998,18.375,0.1341,98.86500000000001,3632.0,10.0,1.0,,BenchmarkALPMatrix/float/random-bits/n=120/buckets=0/time=no-st/XOR2/encode
simd,BenchmarkALPMatrix,float,random-bits,32,0,no-st,ALP,decode,6,93.935,93.41,96.16,340.661095438335,2725.2799999999997,9.0,0.0029365000000000003,2.9365,2.9320000000000004,0.0043895,100.0,0.0,0.0,1.0,,BenchmarkALPMatrix/float/random-bits/n=32/buckets=0/time=no-st/ALP/decode
simd,BenchmarkALPMatrix,float,random-bits,32,0,no-st,ALP,encode,6,7126.5,7117.0,7240.0,4.490282747491756,35.925,9.0,0.22219999999999998,222.2,221.75,0.46040000000000003,99.76,2832.0,13.0,1.0,,BenchmarkALPMatrix/float/random-bits/n=32/buckets=0/time=no-st/ALP/encode
simd,BenchmarkALPMatrix,float,random-bits,32,0,no-st,XOR,decode,6,308.20000000000005,307.5,309.5,103.82868267358856,830.63,8.781,0.0096315,9.631499999999999,9.620000000000001,0.011715,100.0,0.0,0.0,1.0,,BenchmarkALPMatrix/float/random-bits/n=32/buckets=0/time=no-st/XOR/decode
simd,BenchmarkALPMatrix,float,random-bits,32,0,no-st,XOR,encode,6,719.6500000000001,716.7,724.0,44.46605989022441,355.71500000000003,8.781,0.022175,22.175,22.055,0.11674999999999999,98.65,1312.0,8.0,1.0,,BenchmarkALPMatrix/float/random-bits/n=32/buckets=0/time=no-st/XOR/encode
simd,BenchmarkALPMatrix,float,random-bits,32,0,no-st,XOR2,decode,6,260.8,259.5,262.5,122.69938650306747,981.505,8.812,0.008147,8.147,8.136,0.01167,100.0,0.0,0.0,1.0,,BenchmarkALPMatrix/float/random-bits/n=32/buckets=0/time=no-st/XOR2/decode
simd,BenchmarkALPMatrix,float,random-bits,32,0,no-st,XOR2,encode,6,705.15,703.0,710.1,45.38041551442956,363.025,8.812,0.021729999999999996,21.729999999999997,21.634999999999998,0.100575,98.61,1328.0,8.0,1.0,,BenchmarkALPMatrix/float/random-bits/n=32/buckets=0/time=no-st/XOR2/encode
simd,BenchmarkALPMatrix,float,random-finite,1024,0,no-st,ALP,decode,6,4659.5,4653.0,4672.0,219.76606932074256,1758.08,7.401,0.004551,4.551,4.5335,0.017044999999999998,100.0,0.0,0.0,1.0,,BenchmarkALPMatrix/float/random-finite/n=1024/buckets=0/time=no-st/ALP/decode
simd,BenchmarkALPMatrix,float,random-finite,1024,0,no-st,ALP,encode,6,89559.5,89235.0,89818.0,11.433739580948979,91.47,7.401,0.087095,87.095,86.755,0.37829999999999997,99.68,49056.0,28.0,1.0,,BenchmarkALPMatrix/float/random-finite/n=1024/buckets=0/time=no-st/ALP/encode
simd,BenchmarkALPMatrix,float,random-finite,1024,0,no-st,XOR,decode,6,9213.0,9197.0,9238.0,111.14729187018344,889.155,8.386,0.008997499999999999,8.997499999999999,8.979,0.01884,100.0,0.0,0.0,1.0,,BenchmarkALPMatrix/float/random-finite/n=1024/buckets=0/time=no-st/XOR/decode
simd,BenchmarkALPMatrix,float,random-finite,1024,0,no-st,XOR,encode,6,18356.0,18255.0,18556.0,55.78557419917193,446.29499999999996,8.386,0.017655,17.655,17.525,0.14150000000000001,98.695,34592.0,16.0,1.0,,BenchmarkALPMatrix/float/random-finite/n=1024/buckets=0/time=no-st/XOR/encode
simd,BenchmarkALPMatrix,float,random-finite,1024,0,no-st,XOR2,decode,6,19759.0,19712.0,19793.0,51.82448504478972,414.59000000000003,11.02,0.019299999999999998,19.299999999999997,19.22,0.075125,100.0,0.0,0.0,1.0,,BenchmarkALPMatrix/float/random-finite/n=1024/buckets=0/time=no-st/XOR2/decode
simd,BenchmarkALPMatrix,float,random-finite,1024,0,no-st,XOR2,encode,6,23358.5,23217.0,23473.0,43.83843140612625,350.71,11.02,0.022445,22.445,22.255000000000003,0.18145,98.41999999999999,46896.0,17.0,1.0,,BenchmarkALPMatrix/float/random-finite/n=1024/buckets=0/time=no-st/XOR2/encode
simd,BenchmarkALPMatrix,float,random-finite,120,0,no-st,ALP,decode,6,558.6500000000001,555.8,561.9,214.80354425848023,1718.345,7.475,0.004656,4.656000000000001,4.65,0.0055805,100.0,0.0,0.0,1.0,,BenchmarkALPMatrix/float/random-finite/n=120/buckets=0/time=no-st/ALP/decode
simd,BenchmarkALPMatrix,float,random-finite,120,0,no-st,ALP,encode,6,10867.5,10801.0,10993.0,11.042097998619738,88.33500000000001,7.475,0.09015000000000001,90.15,89.94999999999999,0.2152,99.545,7600.0,14.0,1.0,,BenchmarkALPMatrix/float/random-finite/n=120/buckets=0/time=no-st/ALP/encode
simd,BenchmarkALPMatrix,float,random-finite,120,0,no-st,XOR,decode,6,1100.0,1098.0,1102.0,109.0909090909091,872.4000000000001,8.467,0.00917,9.17,9.159500000000001,0.011134999999999999,100.0,0.0,0.0,1.0,,BenchmarkALPMatrix/float/random-finite/n=120/buckets=0/time=no-st/XOR/decode
simd,BenchmarkALPMatrix,float,random-finite,120,0,no-st,XOR,encode,6,2239.0,2237.0,2244.0,53.59535506922733,428.7,8.467,0.018435000000000003,18.435000000000002,18.355,0.07892,98.8,3616.0,10.0,1.0,,BenchmarkALPMatrix/float/random-finite/n=120/buckets=0/time=no-st/XOR/encode
simd,BenchmarkALPMatrix,float,random-finite,120,0,no-st,XOR2,decode,6,926.2,921.6,927.7,129.56164975167349,1036.495,8.475,0.007718,7.718,7.7095,0.0089105,100.0,0.0,0.0,1.0,,BenchmarkALPMatrix/float/random-finite/n=120/buckets=0/time=no-st/XOR2/decode
simd,BenchmarkALPMatrix,float,random-finite,120,0,no-st,XOR2,encode,6,2223.5,2215.0,2231.0,53.96896784348999,431.71,8.475,0.018269999999999998,18.27,18.185000000000002,0.0763,98.78,3632.0,10.0,1.0,,BenchmarkALPMatrix/float/random-finite/n=120/buckets=0/time=no-st/XOR2/encode
simd,BenchmarkALPMatrix,float,random-finite,32,0,no-st,ALP,decode,6,206.7,206.2,207.0,154.8137397194001,1238.495,8.781,0.0064605,6.4605,6.4355,0.023885,100.0,0.0,0.0,1.0,,BenchmarkALPMatrix/float/random-finite/n=32/buckets=0/time=no-st/ALP/decode
simd,BenchmarkALPMatrix,float,random-finite,32,0,no-st,ALP,encode,6,7277.5,7253.0,7482.0,4.397114393679148,35.175,8.781,0.227,227.0,225.95,1.0310000000000001,99.805,2832.0,13.0,1.0,,BenchmarkALPMatrix/float/random-finite/n=32/buckets=0/time=no-st/ALP/encode
simd,BenchmarkALPMatrix,float,random-finite,32,0,no-st,XOR,decode,6,304.75,304.3,305.6,105.00410172272355,840.1700000000001,8.719,0.009522000000000001,9.522,9.5015,0.014755,100.0,0.0,0.0,1.0,,BenchmarkALPMatrix/float/random-finite/n=32/buckets=0/time=no-st/XOR/decode
simd,BenchmarkALPMatrix,float,random-finite,32,0,no-st,XOR,encode,6,699.65,695.5,706.9,45.73715429143143,365.885,8.719,0.02156,21.56,21.4,0.1671,98.72,1312.0,8.0,1.0,,BenchmarkALPMatrix/float/random-finite/n=32/buckets=0/time=no-st/XOR/encode
simd,BenchmarkALPMatrix,float,random-finite,32,0,no-st,XOR2,decode,6,257.3,256.9,258.3,124.36844150796735,994.92,8.75,0.008042000000000002,8.042000000000002,8.0145,0.02785,100.0,0.0,0.0,1.0,,BenchmarkALPMatrix/float/random-finite/n=32/buckets=0/time=no-st/XOR2/decode
simd,BenchmarkALPMatrix,float,random-finite,32,0,no-st,XOR2,encode,6,695.8499999999999,693.2,697.4,45.986922468922906,367.895,8.75,0.021435000000000003,21.435000000000002,21.265,0.16785,98.66499999999999,1328.0,8.0,1.0,,BenchmarkALPMatrix/float/random-finite/n=32/buckets=0/time=no-st/XOR2/encode
simd,BenchmarkALPMatrix,float,stale5,1024,0,no-st,ALP,decode,6,3250.0,3241.0,3281.0,315.0769230769231,2520.545,1.714,0.0031745000000000002,3.1745,3.1645000000000003,0.0098035,100.0,0.0,0.0,1.0,,BenchmarkALPMatrix/float/stale5/n=1024/buckets=0/time=no-st/ALP/decode
simd,BenchmarkALPMatrix,float,stale5,1024,0,no-st,ALP,encode,6,19609.0,19574.0,19647.0,52.22091896578102,417.775,1.714,0.01907,19.07,18.97,0.09081,99.58500000000001,13728.0,23.0,1.0,,BenchmarkALPMatrix/float/stale5/n=1024/buckets=0/time=no-st/ALP/encode
simd,BenchmarkALPMatrix,float,stale5,1024,0,no-st,XOR,decode,6,9116.5,9109.0,9129.0,112.32380847913124,898.615,8.075,0.008902,8.902000000000001,8.8845,0.01719,100.0,0.0,0.0,1.0,,BenchmarkALPMatrix/float/stale5/n=1024/buckets=0/time=no-st/XOR/decode
simd,BenchmarkALPMatrix,float,stale5,1024,0,no-st,XOR,encode,6,22707.5,22601.0,22931.0,45.095232852581745,360.765,8.075,0.021925,21.925,21.775,0.1439,98.905,34592.0,16.0,1.0,,BenchmarkALPMatrix/float/stale5/n=1024/buckets=0/time=no-st/XOR/encode
simd,BenchmarkALPMatrix,float,stale5,1024,0,no-st,XOR2,decode,6,19130.5,19093.0,19154.0,53.52709024855597,428.21000000000004,8.07,0.018685000000000004,18.685000000000002,18.615000000000002,0.060505,100.0,0.0,0.0,1.0,,BenchmarkALPMatrix/float/stale5/n=1024/buckets=0/time=no-st/XOR2/decode
simd,BenchmarkALPMatrix,float,stale5,1024,0,no-st,XOR2,encode,6,19949.0,19922.0,20110.0,51.3308937791368,410.645,8.07,0.01925,19.25,19.09,0.16305,98.78,34608.0,16.0,1.0,,BenchmarkALPMatrix/float/stale5/n=1024/buckets=0/time=no-st/XOR2/encode
simd,BenchmarkALPMatrix,float,stale5,120,0,no-st,ALP,decode,6,388.75,388.2,389.8,308.68167202572346,2469.355,1.808,0.0032400000000000003,3.24,3.231,0.009864000000000001,100.0,0.0,0.0,1.0,,BenchmarkALPMatrix/float/stale5/n=120/buckets=0/time=no-st/ALP/decode
simd,BenchmarkALPMatrix,float,stale5,120,0,no-st,ALP,encode,6,2842.0,2826.0,2873.0,42.223786066150595,337.78999999999996,1.808,0.02325,23.25,23.025,0.2478,98.145,7600.0,14.0,1.0,,BenchmarkALPMatrix/float/stale5/n=120/buckets=0/time=no-st/ALP/encode
simd,BenchmarkALPMatrix,float,stale5,120,0,no-st,XOR,decode,6,1088.0,1085.0,1096.0,110.29411764705883,882.415,7.7,0.009067,9.067,9.047,0.019955,100.0,0.0,0.0,1.0,,BenchmarkALPMatrix/float/stale5/n=120/buckets=0/time=no-st/XOR/decode
simd,BenchmarkALPMatrix,float,stale5,120,0,no-st,XOR,encode,6,2673.5,2667.0,2685.0,44.88498223302786,359.075,7.7,0.022054999999999998,22.055,21.895,0.1429,99.07,3616.0,10.0,1.0,,BenchmarkALPMatrix/float/stale5/n=120/buckets=0/time=no-st/XOR/encode
simd,BenchmarkALPMatrix,float,stale5,120,0,no-st,XOR2,decode,6,875.5,867.9,879.1,137.06453455168474,1096.5349999999999,5.7,0.0072959999999999995,7.295999999999999,7.2669999999999995,0.024524999999999998,100.0,0.0,0.0,1.0,,BenchmarkALPMatrix/float/stale5/n=120/buckets=0/time=no-st/XOR2/decode
simd,BenchmarkALPMatrix,float,stale5,120,0,no-st,XOR2,encode,6,1822.0,1815.0,1833.0,65.86169045005488,526.77,5.7,0.015050000000000001,15.05,14.925,0.13265,99.15,2224.0,9.0,1.0,,BenchmarkALPMatrix/float/stale5/n=120/buckets=0/time=no-st/XOR2/encode
simd,BenchmarkALPMatrix,float,stale5,32,0,no-st,ALP,decode,6,146.8,145.6,147.8,217.98365122615803,1744.155,3.031,0.004587,4.587,4.5565,0.01882,100.0,0.0,0.0,1.0,,BenchmarkALPMatrix/float/stale5/n=32/buckets=0/time=no-st/ALP/decode
simd,BenchmarkALPMatrix,float,stale5,32,0,no-st,ALP,encode,6,1673.0,1665.0,1683.0,19.127316198445907,153.01999999999998,3.031,0.0518,51.8,51.46,0.33840000000000003,99.07499999999999,2256.0,12.0,1.0,,BenchmarkALPMatrix/float/stale5/n=32/buckets=0/time=no-st/ALP/encode
simd,BenchmarkALPMatrix,float,stale5,32,0,no-st,XOR,decode,6,287.75,285.7,290.4,111.20764552562989,889.5999999999999,7.094,0.0089945,8.9945,8.964500000000001,0.02129,100.0,0.0,0.0,1.0,,BenchmarkALPMatrix/float/stale5/n=32/buckets=0/time=no-st/XOR/decode
simd,BenchmarkALPMatrix,float,stale5,32,0,no-st,XOR,encode,6,713.55,711.2,719.7,44.846191577324646,358.78499999999997,7.094,0.022144999999999998,22.145,22.005,0.14095000000000002,99.255,800.0,7.0,1.0,,BenchmarkALPMatrix/float/stale5/n=32/buckets=0/time=no-st/XOR/encode
simd,BenchmarkALPMatrix,float,stale5,32,0,no-st,XOR2,decode,6,236.64999999999998,236.0,240.3,135.22079019649271,1081.79,6.438,0.007398,7.398,7.377000000000001,0.02528,100.0,0.0,0.0,1.0,,BenchmarkALPMatrix/float/stale5/n=32/buckets=0/time=no-st/XOR2/decode
simd,BenchmarkALPMatrix,float,stale5,32,0,no-st,XOR2,encode,6,564.45,559.8,572.0,56.69235539020285,453.51,6.438,0.017435000000000003,17.435000000000002,17.305,0.11624999999999999,98.86,816.0,7.0,1.0,,BenchmarkALPMatrix/float/stale5/n=32/buckets=0/time=no-st/XOR2/encode
