backend,suite,family,pattern,samples,buckets,timing,codec,operation,observations,ns/op,min-ns/op,max-ns/op,M-samples/s,MB/s,encoded-B/sample,cpu-seconds/M-samples,cpu-ns/sample,user-cpu-ns/sample,sys-cpu-ns/sample,cpu-%core,B/op,allocs/op,chunks/op,accepted-%,benchmark
scalar,BenchmarkALPMatrix,float-histogram,bursty,1024,8,regular,ALPv3,decode,6,29860.5,29669.0,29955.0,34.29279482928953,3017.75,25.34,0.029134999999999998,29.134999999999998,28.884999999999998,0.26055,99.92,0.0,0.0,1.0,,BenchmarkALPMatrix/float-histogram/bursty/n=1024/buckets=8/time=regular/ALPv3/decode
scalar,BenchmarkALPMatrix,float-histogram,bursty,1024,8,regular,ALPv3,encode,6,635062.0,627920.0,644353.0,1.6124409900135734,141.9,25.34,0.6180999999999999,618.0999999999999,612.35,6.0265,99.63,274224.0,81.0,1.0,,BenchmarkALPMatrix/float-histogram/bursty/n=1024/buckets=8/time=regular/ALPv3/encode
scalar,BenchmarkALPMatrix,float-histogram,bursty,1024,8,regular,legacy,decode,6,83995.0,83475.0,84518.0,12.191201857253407,1072.83,24.82,0.08189500000000001,81.89500000000001,81.36,0.55735,99.905,16.0,2.0,1.0,,BenchmarkALPMatrix/float-histogram/bursty/n=1024/buckets=8/time=regular/legacy/decode
scalar,BenchmarkALPMatrix,float-histogram,bursty,1024,8,regular,legacy,encode,6,240216.5,237288.0,258258.0,4.262821246667069,375.135,24.82,0.23335000000000003,233.35000000000002,230.64999999999998,2.6505,99.43,114032.0,24.0,1.0,,BenchmarkALPMatrix/float-histogram/bursty/n=1024/buckets=8/time=regular/legacy/encode
scalar,BenchmarkALPMatrix,float-histogram,bursty,120,128,regular,ALPv3,decode,6,23748.0,23719.0,23769.0,5.053057099545224,5295.595,230.2,0.1979,197.9,197.4,0.51115,100.0,0.0,0.0,1.0,,BenchmarkALPMatrix/float-histogram/bursty/n=120/buckets=128/time=regular/ALPv3/decode
scalar,BenchmarkALPMatrix,float-histogram,bursty,120,128,regular,ALPv3,encode,6,561176.0,554800.0,571699.0,0.213836657305373,224.105,230.2,4.665,4665.0,4650.0,16.335,99.76,234064.0,72.0,1.0,,BenchmarkALPMatrix/float-histogram/bursty/n=120/buckets=128/time=regular/ALPv3/encode
scalar,BenchmarkALPMatrix,float-histogram,bursty,120,128,regular,legacy,decode,6,80805.0,79209.0,84675.0,1.485056617783553,1556.38,169.2,0.6733,673.3,672.4,1.2445,100.0,16.0,2.0,1.0,,BenchmarkALPMatrix/float-histogram/bursty/n=120/buckets=128/time=regular/legacy/decode
scalar,BenchmarkALPMatrix,float-histogram,bursty,120,128,regular,legacy,encode,6,264818.0,260183.0,273860.0,0.45314140277473586,474.925,169.2,2.2015,2201.5,2194.0,6.995,99.83500000000001,87280.0,23.0,1.0,,BenchmarkALPMatrix/float-histogram/bursty/n=120/buckets=128/time=regular/legacy/encode
scalar,BenchmarkALPMatrix,float-histogram,bursty,120,8,regular,ALPv3,decode,6,3533.0,3498.0,3546.0,33.96546844041891,2988.91,22.76,0.02933,29.33,29.03,0.2917,99.67500000000001,0.0,0.0,1.0,,BenchmarkALPMatrix/float-histogram/bursty/n=120/buckets=8/time=regular/ALPv3/decode
scalar,BenchmarkALPMatrix,float-histogram,bursty,120,8,regular,ALPv3,encode,6,56270.5,55808.0,57522.0,2.132556135097431,187.665,22.76,0.46720000000000006,467.20000000000005,462.55,4.6754999999999995,99.59,23152.0,57.0,1.0,,BenchmarkALPMatrix/float-histogram/bursty/n=120/buckets=8/time=regular/ALPv3/encode
scalar,BenchmarkALPMatrix,float-histogram,bursty,120,8,regular,legacy,decode,6,7688.0,7627.0,7743.0,15.608740894901144,1373.5,20.66,0.06400499999999999,64.005,63.81,0.28890000000000005,99.895,16.0,2.0,1.0,,BenchmarkALPMatrix/float-histogram/bursty/n=120/buckets=8/time=regular/legacy/decode
scalar,BenchmarkALPMatrix,float-histogram,bursty,120,8,regular,legacy,encode,6,27040.0,26799.0,27513.0,4.437869822485207,390.53499999999997,20.66,0.22440000000000002,224.4,222.05,2.2960000000000003,99.63,9072.0,16.0,1.0,,BenchmarkALPMatrix/float-histogram/bursty/n=120/buckets=8/time=regular/legacy/encode
scalar,BenchmarkALPMatrix,float-histogram,bursty,32,8,regular,ALPv3,decode,6,1004.0,1002.0,1007.0,31.872509960159363,2805.635,23.34,0.031369999999999995,31.369999999999997,31.275,0.099295,100.0,0.0,0.0,1.0,,BenchmarkALPMatrix/float-histogram/bursty/n=32/buckets=8/time=regular/ALPv3/decode
scalar,BenchmarkALPMatrix,float-histogram,bursty,32,8,regular,ALPv3,encode,6,20374.0,20305.0,20423.0,1.5706292333366054,138.215,23.34,0.6353,635.3,632.55,2.8289999999999997,99.83,6848.0,49.0,1.0,,BenchmarkALPMatrix/float-histogram/bursty/n=32/buckets=8/time=regular/ALPv3/encode
scalar,BenchmarkALPMatrix,float-histogram,bursty,32,8,regular,legacy,decode,6,2055.0,2051.0,2061.0,15.571776155717762,1370.48,21.62,0.06421500000000001,64.215,64.06,0.13415,100.0,16.0,2.0,1.0,,BenchmarkALPMatrix/float-histogram/bursty/n=32/buckets=8/time=regular/legacy/decode
scalar,BenchmarkALPMatrix,float-histogram,bursty,32,8,regular,legacy,encode,6,7843.0,7802.0,7861.0,4.080071401249522,359.06,21.62,0.24475,244.75,243.95,0.78685,99.86,2544.0,13.0,1.0,,BenchmarkALPMatrix/float-histogram/bursty/n=32/buckets=8/time=regular/legacy/encode
scalar,BenchmarkALPMatrix,float-histogram,fractional,120,128,regular,ALPv3,decode,6,23492.5,23392.0,23610.0,5.108013195700756,5353.2,225.1,0.19560000000000002,195.60000000000002,193.8,1.734,99.905,0.0,0.0,1.0,,BenchmarkALPMatrix/float-histogram/fractional/n=120/buckets=128/time=regular/ALPv3/decode
scalar,BenchmarkALPMatrix,float-histogram,fractional,120,128,regular,ALPv3,encode,6,846630.0,838894.0,857746.0,0.1417384217426739,148.54500000000002,225.1,7.002,7002.0,6926.0,74.435,99.195,662736.0,78.0,1.0,,BenchmarkALPMatrix/float-histogram/fractional/n=120/buckets=128/time=regular/ALPv3/encode
scalar,BenchmarkALPMatrix,float-histogram,fractional,120,128,regular,legacy,decode,6,127232.0,126767.0,128579.0,0.943158953722334,988.435,943.0,1.0585,1058.5,1050.5,7.957000000000001,99.78,16.0,2.0,1.0,,BenchmarkALPMatrix/float-histogram/fractional/n=120/buckets=128/time=regular/legacy/decode
scalar,BenchmarkALPMatrix,float-histogram,fractional,120,128,regular,legacy,encode,6,445705.5,441462.0,469577.0,0.2692360762880422,282.16,943.0,3.6725,3672.5,3626.5,43.400000000000006,98.8,517360.0,29.0,1.0,,BenchmarkALPMatrix/float-histogram/fractional/n=120/buckets=128/time=regular/legacy/encode
scalar,BenchmarkALPMatrix,float-histogram,fractional,120,8,regular,ALPv3,decode,6,3539.5,3527.0,3553.0,33.90309365729623,2983.495,32.19,0.029455,29.455,29.2,0.2497,99.92,0.0,0.0,1.0,,BenchmarkALPMatrix/float-histogram/fractional/n=120/buckets=8/time=regular/ALPv3/decode
scalar,BenchmarkALPMatrix,float-histogram,fractional,120,8,regular,ALPv3,encode,6,105981.0,104961.0,107943.0,1.1322784272652646,99.64,32.19,0.8774000000000001,877.4000000000001,868.4,9.867999999999999,99.34,66416.0,63.0,1.0,,BenchmarkALPMatrix/float-histogram/fractional/n=120/buckets=8/time=regular/ALPv3/encode
scalar,BenchmarkALPMatrix,float-histogram,fractional,120,8,regular,legacy,decode,6,11113.5,11059.0,11167.0,10.79767849912269,950.21,79.88,0.09247,92.47,91.785,0.6937,99.875,16.0,2.0,1.0,,BenchmarkALPMatrix/float-histogram/fractional/n=120/buckets=8/time=regular/legacy/decode
scalar,BenchmarkALPMatrix,float-histogram,fractional,120,8,regular,legacy,encode,6,40159.5,40013.0,40757.0,2.9880850110185633,262.95,79.88,0.33125,331.25,327.3,3.8795,98.925,47216.0,21.0,1.0,,BenchmarkALPMatrix/float-histogram/fractional/n=120/buckets=8/time=regular/legacy/encode
scalar,BenchmarkALPMatrix,float-histogram,gauge,120,128,regular,ALPv3,decode,6,25021.0,24907.0,25446.0,4.795971384037409,5026.110000000001,249.4,0.2084,208.4,206.6,1.8815,99.88499999999999,0.0,0.0,1.0,,BenchmarkALPMatrix/float-histogram/gauge/n=120/buckets=128/time=regular/ALPv3/decode
scalar,BenchmarkALPMatrix,float-histogram,gauge,120,128,regular,ALPv3,encode,6,529557.0,525437.0,537820.0,0.22660450149842226,237.485,249.4,4.3855,4385.5,4326.5,48.480000000000004,99.345,350656.0,313.0,1.0,,BenchmarkALPMatrix/float-histogram/gauge/n=120/buckets=128/time=regular/ALPv3/encode
scalar,BenchmarkALPMatrix,float-histogram,gauge,120,128,regular,legacy,decode,6,102982.0,102100.0,103920.0,1.16525217999262,1221.185,323.6,0.85705,857.05,850.6,7.175000000000001,99.8,16.0,2.0,1.0,,BenchmarkALPMatrix/float-histogram/gauge/n=120/buckets=128/time=regular/legacy/decode
scalar,BenchmarkALPMatrix,float-histogram,gauge,120,128,regular,legacy,encode,6,270181.0,266485.0,275710.0,0.4441467016555568,465.47,323.6,2.2395,2239.5,2217.5,22.05,99.425,158816.0,263.0,1.0,,BenchmarkALPMatrix/float-histogram/gauge/n=120/buckets=128/time=regular/legacy/encode
scalar,BenchmarkALPMatrix,float-histogram,gauge,120,8,regular,ALPv3,decode,6,3401.0,3361.0,3420.0,35.283740076448105,3104.92,23.96,0.028295,28.295,28.015,0.2663,99.86500000000001,0.0,0.0,1.0,,BenchmarkALPMatrix/float-histogram/gauge/n=120/buckets=8/time=regular/ALPv3/decode
scalar,BenchmarkALPMatrix,float-histogram,gauge,120,8,regular,ALPv3,encode,6,56977.5,56840.0,57403.0,2.1060945109911806,185.33499999999998,23.96,0.47279999999999994,472.79999999999995,469.15,4.239,99.555,29152.0,296.0,1.0,,BenchmarkALPMatrix/float-histogram/gauge/n=120/buckets=8/time=regular/ALPv3/encode
scalar,BenchmarkALPMatrix,float-histogram,gauge,120,8,regular,legacy,decode,6,9034.0,9011.0,9113.0,13.283152534868275,1168.88,30.62,0.075195,75.195,74.89,0.4686,99.89,16.0,2.0,1.0,,BenchmarkALPMatrix/float-histogram/gauge/n=120/buckets=8/time=regular/legacy/decode
scalar,BenchmarkALPMatrix,float-histogram,gauge,120,8,regular,legacy,encode,6,27357.5,27298.0,27550.0,4.386365713241341,386.0,30.62,0.2265,226.5,224.3,2.3,99.38499999999999,15072.0,255.0,1.0,,BenchmarkALPMatrix/float-histogram/gauge/n=120/buckets=8/time=regular/legacy/encode
scalar,BenchmarkALPMatrix,float-histogram,layout,120,128,regular,ALPv3,decode,6,23646.5,23632.0,23710.0,5.074746791279893,5358.945,253.0,0.1971,197.1,196.55,0.5206999999999999,100.0,0.0,0.0,2.0,,BenchmarkALPMatrix/float-histogram/layout/n=120/buckets=128/time=regular/ALPv3/decode
scalar,BenchmarkALPMatrix,float-histogram,layout,120,128,regular,ALPv3,encode,6,510425.5,508943.0,511685.0,0.23509797218203243,248.26,253.0,4.239,4239.0,4223.5,16.33,99.655,263112.0,133.0,2.0,,BenchmarkALPMatrix/float-histogram/layout/n=120/buckets=128/time=regular/ALPv3/encode
scalar,BenchmarkALPMatrix,float-histogram,layout,120,128,regular,legacy,decode,6,100206.5,100059.0,101201.0,1.197527106525026,1264.5900000000001,186.3,0.83515,835.15,833.7,1.6535,100.0,32.0,4.0,2.0,,BenchmarkALPMatrix/float-histogram/layout/n=120/buckets=128/time=regular/legacy/decode
scalar,BenchmarkALPMatrix,float-histogram,layout,120,128,regular,legacy,encode,6,283646.0,282443.0,287703.0,0.42306254979798763,446.755,186.3,2.3595,2359.5,2353.0,7.739000000000001,99.82,98248.0,41.0,2.0,,BenchmarkALPMatrix/float-histogram/layout/n=120/buckets=128/time=regular/legacy/encode
scalar,BenchmarkALPMatrix,float-histogram,layout,120,8,regular,ALPv3,decode,6,3738.5,3726.0,3765.0,32.09843520128394,3081.585,20.47,0.031115,31.115000000000002,30.855,0.26234999999999997,99.905,0.0,0.0,2.0,,BenchmarkALPMatrix/float-histogram/layout/n=120/buckets=8/time=regular/ALPv3/decode
scalar,BenchmarkALPMatrix,float-histogram,layout,120,8,regular,ALPv3,encode,6,69947.5,69534.0,70121.0,1.7155723935809,164.7,20.47,0.5807,580.7,575.05,5.8125,99.695,19112.0,102.0,2.0,,BenchmarkALPMatrix/float-histogram/layout/n=120/buckets=8/time=regular/ALPv3/encode
scalar,BenchmarkALPMatrix,float-histogram,layout,120,8,regular,legacy,decode,6,9767.5,9758.0,9789.0,12.285641156897876,1179.44,22.52,0.08130000000000001,81.30000000000001,80.835,0.54735,99.905,32.0,4.0,2.0,,BenchmarkALPMatrix/float-histogram/layout/n=120/buckets=8/time=regular/legacy/decode
scalar,BenchmarkALPMatrix,float-histogram,layout,120,8,regular,legacy,encode,6,31788.0,31635.0,32322.0,3.7750094375235936,362.4,22.52,0.26425,264.25,261.85,2.5869999999999997,99.745,7656.0,27.0,2.0,,BenchmarkALPMatrix/float-histogram/layout/n=120/buckets=8/time=regular/legacy/encode
scalar,BenchmarkALPMatrix,float-histogram,noisy-fractional,120,128,regular,ALPv3,decode,6,36306.0,36198.0,36461.0,3.305238803503553,3463.8900000000003,832.6,0.30215,302.15,299.3,3.0105,99.875,0.0,0.0,1.0,,BenchmarkALPMatrix/float-histogram/noisy-fractional/n=120/buckets=128/time=regular/ALPv3/decode
scalar,BenchmarkALPMatrix,float-histogram,noisy-fractional,120,128,regular,ALPv3,encode,6,1448222.0,1437972.0,1472487.0,0.08286022446834808,86.84,832.6,11.972,11972.0,11849.0,128.5,99.2,1143376.0,83.0,1.0,,BenchmarkALPMatrix/float-histogram/noisy-fractional/n=120/buckets=128/time=regular/ALPv3/encode
scalar,BenchmarkALPMatrix,float-histogram,noisy-fractional,120,128,regular,legacy,decode,6,127222.0,127001.0,129075.0,0.9432330886167487,988.51,940.9,1.0585,1058.5,1052.0,7.665,99.855,16.0,2.0,1.0,,BenchmarkALPMatrix/float-histogram/noisy-fractional/n=120/buckets=128/time=regular/legacy/decode
scalar,BenchmarkALPMatrix,float-histogram,noisy-fractional,120,128,regular,legacy,encode,6,421937.5,413547.0,426885.0,0.284402310768775,298.055,940.9,3.472,3472.0,3430.5,34.72,98.775,517360.0,29.0,1.0,,BenchmarkALPMatrix/float-histogram/noisy-fractional/n=120/buckets=128/time=regular/legacy/encode
scalar,BenchmarkALPMatrix,float-histogram,noisy-fractional,120,8,regular,ALPv3,decode,6,4399.5,4396.0,4404.0,27.27582679849983,2400.07,73.67,0.036664999999999996,36.665,36.56,0.1167,100.0,0.0,0.0,1.0,,BenchmarkALPMatrix/float-histogram/noisy-fractional/n=120/buckets=8/time=regular/ALPv3/decode
scalar,BenchmarkALPMatrix,float-histogram,noisy-fractional,120,8,regular,ALPv3,encode,6,123519.0,123299.0,124506.0,0.9715104558812814,85.495,73.67,1.0245,1024.5,1019.0,5.916,99.51,93552.0,66.0,1.0,,BenchmarkALPMatrix/float-histogram/noisy-fractional/n=120/buckets=8/time=regular/ALPv3/encode
scalar,BenchmarkALPMatrix,float-histogram,noisy-fractional,120,8,regular,legacy,decode,6,10949.5,10939.0,10968.0,10.959404539020047,964.4300000000001,79.34,0.09124000000000002,91.24000000000001,91.07,0.1373,100.0,16.0,2.0,1.0,,BenchmarkALPMatrix/float-histogram/noisy-fractional/n=120/buckets=8/time=regular/legacy/decode
scalar,BenchmarkALPMatrix,float-histogram,noisy-fractional,120,8,regular,legacy,encode,6,34744.5,34660.0,34977.0,3.4537840521521392,303.935,79.34,0.28675,286.75,285.15,1.6404999999999998,99.045,47216.0,21.0,1.0,,BenchmarkALPMatrix/float-histogram/noisy-fractional/n=120/buckets=8/time=regular/legacy/encode
scalar,BenchmarkALPMatrix,float-histogram,resets,120,128,regular,ALPv3,decode,6,24779.0,24743.0,24908.0,4.842810444327858,5075.24,222.7,0.2063,206.3,204.7,1.6835,99.9,0.0,0.0,4.0,,BenchmarkALPMatrix/float-histogram/resets/n=120/buckets=128/time=regular/ALPv3/decode
scalar,BenchmarkALPMatrix,float-histogram,resets,120,128,regular,ALPv3,encode,6,558975.0,547915.0,565287.0,0.2146786528914531,224.985,222.7,4.637,4637.0,4594.0,45.705,99.56,250096.0,237.0,4.0,,BenchmarkALPMatrix/float-histogram/resets/n=120/buckets=128/time=regular/ALPv3/encode
scalar,BenchmarkALPMatrix,float-histogram,resets,120,128,regular,legacy,decode,6,104687.0,103992.0,105328.0,1.1462741314585383,1201.305,213.7,0.8717,871.7,866.55,4.745,99.92,64.0,8.0,4.0,,BenchmarkALPMatrix/float-histogram/resets/n=120/buckets=128/time=regular/legacy/decode
scalar,BenchmarkALPMatrix,float-histogram,resets,120,128,regular,legacy,encode,6,316853.0,312823.0,319273.0,0.37872451894096,396.905,213.7,2.6305,2630.5,2604.5,25.295,99.625,108592.0,69.0,4.0,,BenchmarkALPMatrix/float-histogram/resets/n=120/buckets=128/time=regular/legacy/encode
scalar,BenchmarkALPMatrix,float-histogram,resets,120,8,regular,ALPv3,decode,6,3892.0,3830.0,4171.0,30.832476875642342,2713.24,18.77,0.03237999999999999,32.379999999999995,32.065,0.2978,99.92500000000001,0.0,0.0,4.0,,BenchmarkALPMatrix/float-histogram/resets/n=120/buckets=8/time=regular/ALPv3/decode
scalar,BenchmarkALPMatrix,float-histogram,resets,120,8,regular,ALPv3,encode,6,83523.5,83449.0,84474.0,1.436721401761181,126.435,18.77,0.69445,694.45,688.65,6.384,99.735,22128.0,185.0,4.0,,BenchmarkALPMatrix/float-histogram/resets/n=120/buckets=8/time=regular/ALPv3/encode
scalar,BenchmarkALPMatrix,float-histogram,resets,120,8,regular,legacy,decode,6,9268.5,9234.0,9318.0,12.947078815342289,1139.355,24.01,0.07721000000000001,77.21000000000001,76.66499999999999,0.6129,99.96,64.0,8.0,4.0,,BenchmarkALPMatrix/float-histogram/resets/n=120/buckets=8/time=regular/legacy/decode
scalar,BenchmarkALPMatrix,float-histogram,resets,120,8,regular,legacy,encode,6,33206.0,32874.0,33905.0,3.6138047340842014,318.02,24.01,0.274,274.0,271.5,2.6580000000000004,99.42500000000001,9264.0,45.0,4.0,,BenchmarkALPMatrix/float-histogram/resets/n=120/buckets=8/time=regular/legacy/encode
scalar,BenchmarkALPMatrix,float-histogram,smooth,1024,8,regular,ALPv3,decode,6,29543.0,29378.0,29666.0,34.66134109602952,3050.2200000000003,21.46,0.02879,28.79,28.54,0.24285,99.85499999999999,0.0,0.0,1.0,,BenchmarkALPMatrix/float-histogram/smooth/n=1024/buckets=8/time=regular/ALPv3/decode
scalar,BenchmarkALPMatrix,float-histogram,smooth,1024,8,regular,ALPv3,encode,6,477008.0,473443.0,487903.0,2.1467145205111864,188.91,21.46,0.46245,462.45000000000005,458.3,4.8655,99.285,242864.0,80.0,1.0,,BenchmarkALPMatrix/float-histogram/smooth/n=1024/buckets=8/time=regular/ALPv3/encode
scalar,BenchmarkALPMatrix,float-histogram,smooth,1024,8,regular,legacy,decode,6,85442.0,84790.0,86020.0,11.984738184967581,1054.6599999999999,24.34,0.08328,83.28,82.61,0.67995,99.85499999999999,16.0,2.0,1.0,,BenchmarkALPMatrix/float-histogram/smooth/n=1024/buckets=8/time=regular/legacy/decode
scalar,BenchmarkALPMatrix,float-histogram,smooth,1024,8,regular,legacy,encode,6,238096.5,236689.0,239835.0,4.3007772058808085,378.47,24.34,0.23114999999999997,231.14999999999998,228.89999999999998,2.3135000000000003,99.41,114032.0,24.0,1.0,,BenchmarkALPMatrix/float-histogram/smooth/n=1024/buckets=8/time=regular/legacy/encode
scalar,BenchmarkALPMatrix,float-histogram,smooth,120,1031,regular,ALPv3,decode,6,172513.0,171443.0,173795.0,0.6955997519027551,5754.01,1296.0,1.4365,1436.5,1423.5,12.625,99.91,0.0,0.0,1.0,,BenchmarkALPMatrix/float-histogram/smooth/n=120/buckets=1031/time=regular/ALPv3/decode
scalar,BenchmarkALPMatrix,float-histogram,smooth,120,1031,regular,ALPv3,encode,6,3746978.0,3736280.0,3778413.0,0.03202580853156864,264.91499999999996,1296.0,31.1735,31173.5,30851.5,328.75,99.755,1572946.0,85.0,1.0,,BenchmarkALPMatrix/float-histogram/smooth/n=120/buckets=1031/time=regular/ALPv3/encode
scalar,BenchmarkALPMatrix,float-histogram,smooth,120,1031,regular,legacy,decode,6,790030.5,786227.0,794444.0,0.15189286995881804,1256.4650000000001,1353.0,6.575,6575.0,6527.0,46.05,99.87,16.0,2.0,1.0,,BenchmarkALPMatrix/float-histogram/smooth/n=120/buckets=1031/time=regular/legacy/decode
scalar,BenchmarkALPMatrix,float-histogram,smooth,120,1031,regular,legacy,encode,6,2092671.5,2052754.0,2098013.0,0.057342970456662694,474.34000000000003,1353.0,17.3335,17333.5,17134.5,196.7,99.67500000000001,706288.0,30.0,1.0,,BenchmarkALPMatrix/float-histogram/smooth/n=120/buckets=1031/time=regular/legacy/encode
scalar,BenchmarkALPMatrix,float-histogram,smooth,120,128,regular,ALPv3,decode,6,23804.5,23720.0,23822.0,5.041063664433195,5282.985000000001,250.1,0.19795,197.95,196.10000000000002,1.8984999999999999,99.865,0.0,0.0,1.0,,BenchmarkALPMatrix/float-histogram/smooth/n=120/buckets=128/time=regular/ALPv3/decode
scalar,BenchmarkALPMatrix,float-histogram,smooth,120,128,regular,ALPv3,encode,6,499681.0,497938.0,509833.0,0.24015321775292636,251.68,250.1,4.14,4140.0,4098.5,42.135000000000005,99.42500000000001,279120.0,73.0,1.0,,BenchmarkALPMatrix/float-histogram/smooth/n=120/buckets=128/time=regular/ALPv3/encode
scalar,BenchmarkALPMatrix,float-histogram,smooth,120,128,regular,legacy,decode,6,100842.5,99357.0,102207.0,1.1899744651312691,1247.1,177.2,0.838,838.0,830.8499999999999,8.0895,99.715,16.0,2.0,1.0,,BenchmarkALPMatrix/float-histogram/smooth/n=120/buckets=128/time=regular/legacy/decode
scalar,BenchmarkALPMatrix,float-histogram,smooth,120,128,regular,legacy,encode,6,280322.0,274248.0,289752.0,0.42807913756323085,448.63,177.2,2.328,2328.0,2303.0,24.91,99.63,87280.0,23.0,1.0,,BenchmarkALPMatrix/float-histogram/smooth/n=120/buckets=128/time=regular/legacy/encode
scalar,BenchmarkALPMatrix,float-histogram,smooth,120,8,regular,ALPv1,decode,6,3513.0,3483.0,3524.0,34.158838599487616,3005.77,19.77,0.029225,29.225,28.96,0.2688,99.825,0.0,0.0,1.0,,BenchmarkALPMatrix/float-histogram/smooth/n=120/buckets=8/time=regular/ALPv1/decode
scalar,BenchmarkALPMatrix,float-histogram,smooth,120,8,regular,ALPv1,decode-cold,6,6710.5,6604.0,6975.0,17.882423068325757,1573.745,19.77,0.05501,55.010000000000005,54.114999999999995,0.82805,98.30000000000001,12896.0,15.0,1.0,,BenchmarkALPMatrix/float-histogram/smooth/n=120/buckets=8/time=regular/ALPv1/decode-cold
scalar,BenchmarkALPMatrix,float-histogram,smooth,120,8,regular,ALPv1,encode,6,57749.5,57160.0,58308.0,2.077940068745184,182.86,19.77,0.479,479.0,474.85,4.3815,99.595,19904.0,56.0,1.0,,BenchmarkALPMatrix/float-histogram/smooth/n=120/buckets=8/time=regular/ALPv1/encode
scalar,BenchmarkALPMatrix,float-histogram,smooth,120,8,regular,ALPv3,decode,6,3585.0,3570.0,3626.0,33.47280334728033,2945.585,19.02,0.029560000000000003,29.560000000000002,29.07,0.49345,98.91,0.0,0.0,1.0,,BenchmarkALPMatrix/float-histogram/smooth/n=120/buckets=8/time=regular/ALPv3/decode
scalar,BenchmarkALPMatrix,float-histogram,smooth,120,8,regular,ALPv3,decode-cold,6,6796.0,6645.0,7044.0,17.657445556209534,1554.23,19.02,0.055115,55.114999999999995,54.394999999999996,0.7191000000000001,97.91499999999999,12896.0,15.0,1.0,,BenchmarkALPMatrix/float-histogram/smooth/n=120/buckets=8/time=regular/ALPv3/decode-cold
scalar,BenchmarkALPMatrix,float-histogram,smooth,120,8,regular,ALPv3,encode,6,60201.0,58231.0,61320.0,1.993322370060298,175.435,19.02,0.4967,496.7,489.45,7.3004999999999995,99.04499999999999,19312.0,56.0,1.0,,BenchmarkALPMatrix/float-histogram/smooth/n=120/buckets=8/time=regular/ALPv3/encode
scalar,BenchmarkALPMatrix,float-histogram,smooth,120,8,regular,legacy,decode,6,8936.0,8892.0,8952.0,13.42882721575649,1181.75,20.69,0.07436,74.36,73.82,0.5349999999999999,99.86500000000001,16.0,2.0,1.0,,BenchmarkALPMatrix/float-histogram/smooth/n=120/buckets=8/time=regular/legacy/decode
scalar,BenchmarkALPMatrix,float-histogram,smooth,120,8,regular,legacy,decode-cold,6,9950.0,9752.0,10040.0,12.06030150753769,1061.35,20.69,0.08278999999999999,82.78999999999999,82.02000000000001,0.7262,99.845,784.0,15.0,1.0,,BenchmarkALPMatrix/float-histogram/smooth/n=120/buckets=8/time=regular/legacy/decode-cold
scalar,BenchmarkALPMatrix,float-histogram,smooth,120,8,regular,legacy,encode,6,28273.0,27906.0,28412.0,4.2443320482439075,373.505,20.69,0.23460000000000003,234.60000000000002,232.39999999999998,2.1654999999999998,99.6,9072.0,16.0,1.0,,BenchmarkALPMatrix/float-histogram/smooth/n=120/buckets=8/time=regular/legacy/encode
scalar,BenchmarkALPMatrix,float-histogram,smooth,32,8,regular,ALPv3,decode,6,990.75,987.2,990.9,32.298763562957355,2842.3900000000003,18.34,0.03096,30.96,30.875,0.086835,100.0,0.0,0.0,1.0,,BenchmarkALPMatrix/float-histogram/smooth/n=32/buckets=8/time=regular/ALPv3/decode
scalar,BenchmarkALPMatrix,float-histogram,smooth,32,8,regular,ALPv3,encode,6,21165.5,21032.0,21266.0,1.5118943563818479,133.04000000000002,18.34,0.6601500000000001,660.1500000000001,657.8,1.7595,99.88,5824.0,48.0,1.0,,BenchmarkALPMatrix/float-histogram/smooth/n=32/buckets=8/time=regular/ALPv3/encode
scalar,BenchmarkALPMatrix,float-histogram,smooth,32,8,regular,legacy,decode,6,2426.0,2417.0,2444.0,13.190436933223413,1160.6100000000001,23.91,0.07584,75.84,75.625,0.20825,100.0,16.0,2.0,1.0,,BenchmarkALPMatrix/float-histogram/smooth/n=32/buckets=8/time=regular/legacy/decode
scalar,BenchmarkALPMatrix,float-histogram,smooth,32,8,regular,legacy,encode,6,8439.5,8422.0,8476.0,3.7916938207239768,333.655,23.91,0.26339999999999997,263.4,262.5,0.84015,99.86500000000001,2544.0,13.0,1.0,,BenchmarkALPMatrix/float-histogram/smooth/n=32/buckets=8/time=regular/legacy/encode
scalar,BenchmarkALPMatrix,float-histogram,stale,120,128,regular,ALPv3,decode,6,27767.5,27468.0,28255.0,4.321598991626902,4307.83,254.9,0.23075,230.75,228.65,1.98,99.71000000000001,6240.0,24.0,6.0,,BenchmarkALPMatrix/float-histogram/stale/n=120/buckets=128/time=regular/ALPv3/decode
scalar,BenchmarkALPMatrix,float-histogram,stale,120,128,regular,ALPv3,encode,6,567673.5,562964.0,591112.0,0.21138911715977582,210.715,254.9,4.699,4699.0,4657.5,48.53,99.44999999999999,285168.0,344.0,6.0,,BenchmarkALPMatrix/float-histogram/stale/n=120/buckets=128/time=regular/ALPv3/encode
scalar,BenchmarkALPMatrix,float-histogram,stale,120,128,regular,legacy,decode,6,101243.0,100566.0,102637.0,1.185267129579329,1181.4699999999998,211.8,0.8421000000000001,842.1,834.2,7.6515,99.81,7296.0,42.0,6.0,,BenchmarkALPMatrix/float-histogram/stale/n=120/buckets=128/time=regular/legacy/decode
scalar,BenchmarkALPMatrix,float-histogram,stale,120,128,regular,legacy,encode,6,300982.5,294337.0,302790.0,0.39869427624529663,397.41499999999996,211.8,2.494,2494.0,2464.5,27.005000000000003,99.45,121328.0,96.0,6.0,,BenchmarkALPMatrix/float-histogram/stale/n=120/buckets=128/time=regular/legacy/encode
scalar,BenchmarkALPMatrix,float-histogram,stale,120,8,regular,ALPv3,decode,6,5486.0,5286.0,5630.0,21.873860736419978,1855.01,22.45,0.045625,45.625,45.16,0.48095,99.805,480.0,24.0,6.0,,BenchmarkALPMatrix/float-histogram/stale/n=120/buckets=8/time=regular/ALPv3/decode
scalar,BenchmarkALPMatrix,float-histogram,stale,120,8,regular,ALPv3,encode,6,94751.5,94531.0,95342.0,1.2664707155031847,107.4,22.45,0.7874,787.4,782.7,6.734,99.705,27664.0,273.0,6.0,,BenchmarkALPMatrix/float-histogram/stale/n=120/buckets=8/time=regular/ALPv3/encode
scalar,BenchmarkALPMatrix,float-histogram,stale,120,8,regular,legacy,decode,6,10740.5,10713.0,10765.0,11.172664214887575,947.465,24.8,0.08932999999999999,89.33,88.5,0.84165,99.79,1536.0,42.0,6.0,,BenchmarkALPMatrix/float-histogram/stale/n=120/buckets=8/time=regular/legacy/decode
scalar,BenchmarkALPMatrix,float-histogram,stale,120,8,regular,legacy,encode,6,30898.0,30635.0,30980.0,3.8837465208104085,329.34,24.8,0.25680000000000003,256.8,254.05,2.404,99.705,9328.0,61.0,6.0,,BenchmarkALPMatrix/float-histogram/stale/n=120/buckets=8/time=regular/legacy/encode
scalar,BenchmarkALPMatrix,float,computed,1024,0,regular,ALP,decode,6,4787.0,4768.0,4925.0,213.91268017547526,1711.2649999999999,6.737,0.0046625,4.6625,4.6155,0.046425,99.77000000000001,0.0,0.0,1.0,,BenchmarkALPMatrix/float/computed/n=1024/buckets=0/time=regular/ALP/decode
scalar,BenchmarkALPMatrix,float,computed,1024,0,regular,ALP,encode,6,91588.5,90963.0,92684.0,11.180442959541864,89.445,6.737,0.089115,89.115,88.465,0.8376,99.62,38304.0,27.0,1.0,,BenchmarkALPMatrix/float/computed/n=1024/buckets=0/time=regular/ALP/encode
scalar,BenchmarkALPMatrix,float,computed,1024,0,regular,XOR2,decode,6,18292.0,18194.0,18449.0,55.98075661491362,447.85,9.646,0.017835,17.835,17.715,0.1182,99.84,0.0,0.0,1.0,,BenchmarkALPMatrix/float/computed/n=1024/buckets=0/time=regular/XOR2/decode
scalar,BenchmarkALPMatrix,float,computed,1024,0,regular,XOR2,encode,6,21522.0,21379.0,21785.0,47.5792212619645,380.64,9.646,0.020625,20.625,20.36,0.2791,98.16499999999999,46896.0,17.0,1.0,,BenchmarkALPMatrix/float/computed/n=1024/buckets=0/time=regular/XOR2/encode
scalar,BenchmarkALPMatrix,float,computed,120,0,changing-st,ALP,decode,6,792.7,788.2,796.8,151.381354863126,1211.07,7.9,0.0065975,6.5975,6.539,0.060195,99.88,0.0,0.0,1.0,,BenchmarkALPMatrix/float/computed/n=120/buckets=0/time=changing-st/ALP/decode
scalar,BenchmarkALPMatrix,float,computed,120,0,changing-st,ALP,encode,6,10289.0,10243.0,10655.0,11.66294100495675,93.305,7.9,0.08517,85.17,84.25999999999999,0.9119,99.28,7600.0,14.0,1.0,,BenchmarkALPMatrix/float/computed/n=120/buckets=0/time=changing-st/ALP/encode
scalar,BenchmarkALPMatrix,float,computed,120,0,changing-st,XOR2,decode,6,2493.0,2248.0,5599.0,48.13477737665463,388.235,9.575,0.02014,20.14,18.735,1.4228500000000002,97.125,0.0,0.0,1.0,,BenchmarkALPMatrix/float/computed/n=120/buckets=0/time=changing-st/XOR2/decode
scalar,BenchmarkALPMatrix,float,computed,120,0,changing-st,XOR2,encode,6,2577.5,2550.0,2590.0,46.55674102812803,372.46500000000003,9.575,0.021204999999999998,21.205,20.924999999999997,0.27235,98.75,3632.0,10.0,1.0,,BenchmarkALPMatrix/float/computed/n=120/buckets=0/time=changing-st/XOR2/encode
scalar,BenchmarkALPMatrix,float,computed,120,0,jitter,ALP,decode,6,852.0,845.0,860.6,140.8450704225352,1126.745,8.708,0.0070945,7.0945,7.0325,0.059574999999999996,99.92,0.0,0.0,1.0,,BenchmarkALPMatrix/float/computed/n=120/buckets=0/time=jitter/ALP/decode
scalar,BenchmarkALPMatrix,float,computed,120,0,jitter,ALP,encode,6,10440.0,10369.0,10543.0,11.494252873563218,91.955,8.708,0.08641999999999998,86.41999999999999,85.52,0.92735,99.265,9008.0,15.0,1.0,,BenchmarkALPMatrix/float/computed/n=120/buckets=0/time=jitter/ALP/encode
scalar,BenchmarkALPMatrix,float,computed,120,0,jitter,XOR2,decode,6,1284.5,1281.0,1286.0,93.42156481121059,747.355,8.983,0.01069,10.69,10.620000000000001,0.072575,99.89,0.0,0.0,1.0,,BenchmarkALPMatrix/float/computed/n=120/buckets=0/time=jitter/XOR2/decode
scalar,BenchmarkALPMatrix,float,computed,120,0,jitter,XOR2,encode,6,2320.5,2315.0,2344.0,51.71299288946348,413.695,8.983,0.019094999999999997,19.095,18.869999999999997,0.22555,98.61,3632.0,10.0,1.0,,BenchmarkALPMatrix/float/computed/n=120/buckets=0/time=jitter/XOR2/encode
scalar,BenchmarkALPMatrix,float,computed,120,0,regular,ALP,decode,6,571.0,570.2,575.8,210.15761821366024,1681.1799999999998,6.808,0.004753,4.753,4.7095,0.046020000000000005,99.85,0.0,0.0,1.0,,BenchmarkALPMatrix/float/computed/n=120/buckets=0/time=regular/ALP/decode
scalar,BenchmarkALPMatrix,float,computed,120,0,regular,ALP,encode,6,10491.5,10302.0,10912.0,11.437830624791498,91.505,6.808,0.08669,86.69,85.86500000000001,0.8497,99.04499999999999,7600.0,14.0,1.0,,BenchmarkALPMatrix/float/computed/n=120/buckets=0/time=regular/ALP/encode
scalar,BenchmarkALPMatrix,float,computed,120,0,regular,XOR2,decode,6,927.45,925.1,939.0,129.3870289503477,1035.115,7.142,0.0077155,7.7155000000000005,7.663,0.057694999999999996,99.735,0.0,0.0,1.0,,BenchmarkALPMatrix/float/computed/n=120/buckets=0/time=regular/XOR2/decode
scalar,BenchmarkALPMatrix,float,computed,120,0,regular,XOR2,encode,6,2043.0,2027.0,2071.0,58.737151248164466,469.85,7.142,0.01685,16.85,16.645,0.20305,99.035,2224.0,9.0,1.0,,BenchmarkALPMatrix/float/computed/n=120/buckets=0/time=regular/XOR2/encode
scalar,BenchmarkALPMatrix,float,computed,32,0,regular,ALP,decode,6,207.14999999999998,206.8,207.6,154.47743181269612,1235.87,8.281,0.0064605,6.4605,6.402,0.059770000000000004,99.82499999999999,0.0,0.0,1.0,,BenchmarkALPMatrix/float/computed/n=32/buckets=0/time=regular/ALP/decode
scalar,BenchmarkALPMatrix,float,computed,32,0,regular,ALP,encode,6,7191.0,7088.0,7309.0,4.450006953135865,35.6,8.281,0.22355,223.55,221.39999999999998,2.1705,99.455,2832.0,13.0,1.0,,BenchmarkALPMatrix/float/computed/n=32/buckets=0/time=regular/ALP/encode
scalar,BenchmarkALPMatrix,float,computed,32,0,regular,XOR2,decode,6,273.7,272.2,275.5,116.91633175009135,935.345,7.531,0.0085405,8.5405,8.472000000000001,0.07333,99.82,0.0,0.0,1.0,,BenchmarkALPMatrix/float/computed/n=32/buckets=0/time=regular/XOR2/decode
scalar,BenchmarkALPMatrix,float,computed,32,0,regular,XOR2,encode,6,621.45,612.7,630.6,51.4924772708987,411.935,7.531,0.019215,19.215,18.965,0.2333,98.88,816.0,7.0,1.0,,BenchmarkALPMatrix/float/computed/n=32/buckets=0/time=regular/XOR2/encode
scalar,BenchmarkALPMatrix,float,constant,1024,0,regular,ALP,decode,6,2333.5,2323.0,2350.0,438.8257981572745,3511.245,0.3545,0.0022765,2.2765,2.2560000000000002,0.020615,99.86,0.0,0.0,1.0,,BenchmarkALPMatrix/float/constant/n=1024/buckets=0/time=regular/ALP/decode
scalar,BenchmarkALPMatrix,float,constant,1024,0,regular,ALP,encode,6,5649.0,5620.0,5705.0,181.2710214197203,1450.0949999999998,0.3545,0.005451,5.4510000000000005,5.3835,0.067555,98.805,7968.0,20.0,1.0,,BenchmarkALPMatrix/float/constant/n=1024/buckets=0/time=regular/ALP/encode
scalar,BenchmarkALPMatrix,float,constant,1024,0,regular,XOR2,decode,6,14253.5,14189.0,14337.0,71.84200371838496,574.745,2.775,0.013900000000000001,13.9,13.815000000000001,0.08138000000000001,99.91,0.0,0.0,1.0,,BenchmarkALPMatrix/float/constant/n=1024/buckets=0/time=regular/XOR2/decode
scalar,BenchmarkALPMatrix,float,constant,1024,0,regular,XOR2,encode,6,8704.0,8638.0,9021.0,117.6470588235294,941.2149999999999,2.775,0.008429,8.429,8.3385,0.09357499999999999,99.16,8752.0,12.0,1.0,,BenchmarkALPMatrix/float/constant/n=1024/buckets=0/time=regular/XOR2/encode
scalar,BenchmarkALPMatrix,float,constant,120,0,regular,ALP,decode,6,289.85,288.5,316.6,414.0072451267897,3312.0950000000003,0.4,0.0023875000000000003,2.3875,2.3125,0.07032,98.72,0.0,0.0,1.0,,BenchmarkALPMatrix/float/constant/n=120/buckets=0/time=regular/ALP/decode
scalar,BenchmarkALPMatrix,float,constant,120,0,regular,ALP,encode,6,1424.0,1309.0,1505.0,84.26966292134831,674.2750000000001,0.4,0.011269999999999999,11.27,10.86,0.40854999999999997,94.97,7600.0,14.0,1.0,,BenchmarkALPMatrix/float/constant/n=120/buckets=0/time=regular/ALP/encode
scalar,BenchmarkALPMatrix,float,constant,120,0,regular,XOR2,decode,6,385.55,372.4,395.0,311.2436778627934,2490.075,0.3083,0.0032110000000000003,3.2110000000000003,3.2,0.010325,99.99000000000001,0.0,0.0,1.0,,BenchmarkALPMatrix/float/constant/n=120/buckets=0/time=regular/XOR2/decode
scalar,BenchmarkALPMatrix,float,constant,120,0,regular,XOR2,encode,6,617.8,607.9,685.0,194.23761735189382,1553.9,0.3083,0.005093,5.093,5.044499999999999,0.052135,98.965,560.0,6.0,1.0,,BenchmarkALPMatrix/float/constant/n=120/buckets=0/time=regular/XOR2/encode
scalar,BenchmarkALPMatrix,float,constant,32,0,regular,ALP,decode,6,86.16,85.87,86.71,371.4020427112349,2971.315,1.5,0.0026925,2.6925,2.685,0.0092945,100.0,0.0,0.0,1.0,,BenchmarkALPMatrix/float/constant/n=32/buckets=0/time=regular/ALP/decode
scalar,BenchmarkALPMatrix,float,constant,32,0,regular,ALP,encode,6,454.4,452.8,455.4,70.42253521126761,563.38,1.5,0.013730000000000001,13.73,13.53,0.22265000000000001,96.9,2256.0,12.0,1.0,,BenchmarkALPMatrix/float/constant/n=32/buckets=0/time=regular/ALP/encode
scalar,BenchmarkALPMatrix,float,constant,32,0,regular,XOR2,decode,6,154.75,152.5,155.9,206.78513731825524,1654.6550000000002,0.8125,0.0048345,4.8345,4.8260000000000005,0.014839999999999999,100.0,0.0,0.0,1.0,,BenchmarkALPMatrix/float/constant/n=32/buckets=0/time=regular/XOR2/decode
scalar,BenchmarkALPMatrix,float,constant,32,0,regular,XOR2,encode,6,257.8,256.8,258.9,124.12723041117144,992.915,0.8125,0.00793,7.93,7.868,0.06337999999999999,98.465,560.0,6.0,1.0,,BenchmarkALPMatrix/float/constant/n=32/buckets=0/time=regular/XOR2/encode
scalar,BenchmarkALPMatrix,float,counter,1024,0,regular,ALP,decode,6,3616.5,3605.0,3841.0,283.1466887875017,2265.115,1.769,0.0035294999999999997,3.5294999999999996,3.496,0.033115000000000006,99.875,0.0,0.0,1.0,,BenchmarkALPMatrix/float/counter/n=1024/buckets=0/time=regular/ALP/decode
scalar,BenchmarkALPMatrix,float,counter,1024,0,regular,ALP,encode,6,16242.5,15956.0,16323.0,63.04448206864707,504.355,1.769,0.015715,15.715,15.52,0.16115000000000002,99.175,13984.0,23.0,1.0,,BenchmarkALPMatrix/float/counter/n=1024/buckets=0/time=regular/ALP/encode
scalar,BenchmarkALPMatrix,float,counter,1024,0,regular,XOR2,decode,6,16163.5,16154.0,16397.0,63.352615460760354,506.81,4.688,0.015774999999999997,15.774999999999999,15.715,0.11935,99.92500000000001,0.0,0.0,1.0,,BenchmarkALPMatrix/float/counter/n=1024/buckets=0/time=regular/XOR2/decode
scalar,BenchmarkALPMatrix,float,counter,1024,0,regular,XOR2,encode,6,15368.5,15087.0,15736.0,66.62979470995869,533.0450000000001,4.688,0.014855,14.855,14.695,0.173,99.12,18224.0,14.0,1.0,,BenchmarkALPMatrix/float/counter/n=1024/buckets=0/time=regular/XOR2/encode
scalar,BenchmarkALPMatrix,float,counter,120,0,regular,ALP,decode,6,427.05,426.5,429.0,280.99754127151385,2247.945,1.842,0.003559,3.559,3.5484999999999998,0.009374,100.0,0.0,0.0,1.0,,BenchmarkALPMatrix/float/counter/n=120/buckets=0/time=regular/ALP/decode
scalar,BenchmarkALPMatrix,float,counter,120,0,regular,ALP,encode,6,2873.0,2865.0,2899.0,41.768186564566655,334.15999999999997,1.842,0.02355,23.55,23.295,0.1933,98.17500000000001,7600.0,14.0,1.0,,BenchmarkALPMatrix/float/counter/n=120/buckets=0/time=regular/ALP/encode
scalar,BenchmarkALPMatrix,float,counter,120,0,regular,XOR2,decode,6,731.0,725.8,744.4,164.15868673050616,1313.255,2.0,0.0060915,6.0915,6.084,0.011120000000000001,99.995,0.0,0.0,1.0,,BenchmarkALPMatrix/float/counter/n=120/buckets=0/time=regular/XOR2/decode
scalar,BenchmarkALPMatrix,float,counter,120,0,regular,XOR2,encode,6,1219.5,1214.0,1223.0,98.4009840098401,787.2149999999999,2.0,0.010119999999999999,10.12,10.08,0.03783,99.61,816.0,7.0,1.0,,BenchmarkALPMatrix/float/counter/n=120/buckets=0/time=regular/XOR2/encode
scalar,BenchmarkALPMatrix,float,counter,32,0,regular,ALP,decode,6,146.45,145.9,147.8,218.50460908159783,1748.1100000000001,3.156,0.004576499999999999,4.576499999999999,4.5600000000000005,0.01678,99.995,0.0,0.0,1.0,,BenchmarkALPMatrix/float/counter/n=32/buckets=0/time=regular/ALP/decode
scalar,BenchmarkALPMatrix,float,counter,32,0,regular,ALP,encode,6,1715.0,1711.0,1742.0,18.658892128279884,149.3,3.156,0.053065,53.065,52.675,0.3873,99.04499999999999,2256.0,12.0,1.0,,BenchmarkALPMatrix/float/counter/n=32/buckets=0/time=regular/ALP/encode
scalar,BenchmarkALPMatrix,float,counter,32,0,regular,XOR2,decode,6,230.95,228.6,234.7,138.55812946525222,1108.255,2.344,0.007218500000000001,7.218500000000001,7.17,0.01965,99.995,0.0,0.0,1.0,,BenchmarkALPMatrix/float/counter/n=32/buckets=0/time=regular/XOR2/decode
scalar,BenchmarkALPMatrix,float,counter,32,0,regular,XOR2,encode,6,444.9,420.0,482.2,71.92627556754327,575.4300000000001,2.344,0.013734999999999999,13.735,13.54,0.19455,98.805,560.0,6.0,1.0,,BenchmarkALPMatrix/float/counter/n=32/buckets=0/time=regular/XOR2/encode
scalar,BenchmarkALPMatrix,float,decimal2,1024,0,regular,ALP,decode,6,3482.5,3480.0,3484.0,294.0416367552046,2352.5,1.269,0.003401,3.401,3.3895,0.012029999999999999,100.0,0.0,0.0,1.0,,BenchmarkALPMatrix/float/decimal2/n=1024/buckets=0/time=regular/ALP/decode
scalar,BenchmarkALPMatrix,float,decimal2,1024,0,regular,ALP,encode,6,15766.5,15695.0,16003.0,64.94783242951829,519.575,1.269,0.015335000000000001,15.335,15.245000000000001,0.09092,99.58500000000001,11296.0,22.0,1.0,,BenchmarkALPMatrix/float/decimal2/n=1024/buckets=0/time=regular/ALP/encode
scalar,BenchmarkALPMatrix,float,decimal2,1024,0,regular,XOR2,decode,6,19134.5,19108.0,19162.0,53.51590059839557,428.13,8.309,0.018685000000000004,18.685000000000002,18.645,0.0357,100.0,0.0,0.0,1.0,,BenchmarkALPMatrix/float/decimal2/n=1024/buckets=0/time=regular/XOR2/decode
scalar,BenchmarkALPMatrix,float,decimal2,1024,0,regular,XOR2,encode,6,20154.0,20074.0,20253.0,50.80877245211869,406.46000000000004,8.309,0.01943,19.43,19.255,0.17115,98.775,34608.0,16.0,1.0,,BenchmarkALPMatrix/float/decimal2/n=1024/buckets=0/time=regular/XOR2/encode
scalar,BenchmarkALPMatrix,float,decimal2,120,0,changing-st,ALP,decode,6,658.25,653.3,659.6,182.30155715913406,1458.4699999999998,2.467,0.005471500000000001,5.471500000000001,5.4165,0.055415,99.795,0.0,0.0,1.0,,BenchmarkALPMatrix/float/decimal2/n=120/buckets=0/time=changing-st/ALP/decode
scalar,BenchmarkALPMatrix,float,decimal2,120,0,changing-st,ALP,encode,6,3157.5,3123.0,3206.0,38.00475059382423,304.05,2.467,0.025765,25.765,25.445,0.2818,97.865,7600.0,14.0,1.0,,BenchmarkALPMatrix/float/decimal2/n=120/buckets=0/time=changing-st/ALP/encode
scalar,BenchmarkALPMatrix,float,decimal2,120,0,changing-st,XOR2,decode,6,2134.5,2116.0,2145.0,56.21925509486999,449.735,8.242,0.01775,17.75,17.575,0.1782,99.805,0.0,0.0,1.0,,BenchmarkALPMatrix/float/decimal2/n=120/buckets=0/time=changing-st/XOR2/decode
scalar,BenchmarkALPMatrix,float,decimal2,120,0,changing-st,XOR2,encode,6,2489.0,2462.0,2510.0,48.21213338690237,385.71500000000003,8.242,0.020460000000000002,20.46,20.205,0.23635,98.715,3632.0,10.0,1.0,,BenchmarkALPMatrix/float/decimal2/n=120/buckets=0/time=changing-st/XOR2/encode
scalar,BenchmarkALPMatrix,float,decimal2,120,0,jitter,ALP,decode,6,773.25,731.4,790.2,155.18913676042678,1241.605,3.275,0.0064145,6.4145,6.3580000000000005,0.058525,99.75999999999999,0.0,0.0,1.0,,BenchmarkALPMatrix/float/decimal2/n=120/buckets=0/time=jitter/ALP/decode
scalar,BenchmarkALPMatrix,float,decimal2,120,0,jitter,ALP,encode,6,3187.5,3169.0,3206.0,37.64705882352941,301.185,3.275,0.026025,26.025,25.67,0.3701,98.11500000000001,7600.0,14.0,1.0,,BenchmarkALPMatrix/float/decimal2/n=120/buckets=0/time=jitter/ALP/encode
scalar,BenchmarkALPMatrix,float,decimal2,120,0,jitter,XOR2,decode,6,1208.5,1193.0,1217.0,99.29664873810509,794.44,7.667,0.010055,10.055,9.981,0.076225,99.83,0.0,0.0,1.0,,BenchmarkALPMatrix/float/decimal2/n=120/buckets=0/time=jitter/XOR2/decode
scalar,BenchmarkALPMatrix,float,decimal2,120,0,jitter,XOR2,encode,6,2191.5,2167.0,2215.0,54.757015742642025,438.1,7.667,0.018,18.0,17.785,0.22735,98.505,3632.0,10.0,1.0,,BenchmarkALPMatrix/float/decimal2/n=120/buckets=0/time=jitter/XOR2/encode
scalar,BenchmarkALPMatrix,float,decimal2,120,0,regular,ALP,decode,6,417.45000000000005,415.1,419.4,287.4595759971254,2299.705,1.375,0.0034695,3.4695,3.444,0.02853,99.89,0.0,0.0,1.0,,BenchmarkALPMatrix/float/decimal2/n=120/buckets=0/time=regular/ALP/decode
scalar,BenchmarkALPMatrix,float,decimal2,120,0,regular,ALP,decode-cold,6,568.15,563.6,571.3,211.2118278623603,1689.6950000000002,1.375,0.0046295,4.6295,4.567500000000001,0.059255,97.94,1552.0,4.0,1.0,,BenchmarkALPMatrix/float/decimal2/n=120/buckets=0/time=regular/ALP/decode-cold
scalar,BenchmarkALPMatrix,float,decimal2,120,0,regular,ALP,encode,6,3037.0,2999.0,3066.0,39.51267698386566,316.08,1.375,0.024735,24.735,24.395,0.36735,97.89,7600.0,14.0,1.0,,BenchmarkALPMatrix/float/decimal2/n=120/buckets=0/time=regular/ALP/encode
scalar,BenchmarkALPMatrix,float,decimal2,120,0,regular,XOR2,decode,6,914.3,910.3,919.8,131.24794925079297,1049.98,5.8,0.007608500000000001,7.6085,7.559,0.054845,99.88499999999999,0.0,0.0,1.0,,BenchmarkALPMatrix/float/decimal2/n=120/buckets=0/time=regular/XOR2/decode
scalar,BenchmarkALPMatrix,float,decimal2,120,0,regular,XOR2,decode-cold,6,955.9000000000001,948.6,969.5,125.53614394811171,1004.2850000000001,5.8,0.007948,7.948,7.878,0.07989,99.64500000000001,144.0,2.0,1.0,,BenchmarkALPMatrix/float/decimal2/n=120/buckets=0/time=regular/XOR2/decode-cold
scalar,BenchmarkALPMatrix,float,decimal2,120,0,regular,XOR2,encode,6,1949.5,1903.0,2019.0,61.55424467812259,492.52,5.8,0.016035,16.035,15.86,0.17465,98.615,2224.0,9.0,1.0,,BenchmarkALPMatrix/float/decimal2/n=120/buckets=0/time=regular/XOR2/encode
scalar,BenchmarkALPMatrix,float,decimal2,32,0,regular,ALP,decode,6,151.7,150.6,154.3,210.94264996704024,1687.33,2.656,0.0047385000000000005,4.7385,4.7,0.040404999999999996,99.9,0.0,0.0,1.0,,BenchmarkALPMatrix/float/decimal2/n=32/buckets=0/time=regular/ALP/decode
scalar,BenchmarkALPMatrix,float,decimal2,32,0,regular,ALP,encode,6,1779.0,1727.0,1862.0,17.987633501967398,143.915,2.656,0.054924999999999995,54.925,54.28,0.53145,98.8,2256.0,12.0,1.0,,BenchmarkALPMatrix/float/decimal2/n=32/buckets=0/time=regular/ALP/encode
scalar,BenchmarkALPMatrix,float,decimal2,32,0,regular,XOR2,decode,6,250.45,249.2,260.4,127.77001397484528,1022.3,6.188,0.0078125,7.8125,7.7575,0.05058,99.83,0.0,0.0,1.0,,BenchmarkALPMatrix/float/decimal2/n=32/buckets=0/time=regular/XOR2/decode
scalar,BenchmarkALPMatrix,float,decimal2,32,0,regular,XOR2,encode,6,577.85,569.3,592.6,55.37769317296876,443.115,6.188,0.01785,17.85,17.61,0.19665,98.555,816.0,7.0,1.0,,BenchmarkALPMatrix/float/decimal2/n=32/buckets=0/time=regular/XOR2/encode
scalar,BenchmarkALPMatrix,float,decimal6,1024,0,regular,ALP,decode,6,5202.0,4410.0,5362.0,196.84736639753942,1575.165,1.356,0.0050805,5.0805,5.069,0.012965,100.0,0.0,0.0,1.0,,BenchmarkALPMatrix/float/decimal6/n=1024/buckets=0/time=regular/ALP/decode
scalar,BenchmarkALPMatrix,float,decimal6,1024,0,regular,ALP,encode,6,21141.5,20191.0,21610.0,48.435541470567365,387.495,1.356,0.020585,20.585,20.5,0.08164,99.71,11296.0,22.0,1.0,,BenchmarkALPMatrix/float/decimal6/n=1024/buckets=0/time=regular/ALP/encode
scalar,BenchmarkALPMatrix,float,decimal6,1024,0,regular,XOR2,decode,6,19549.0,19476.0,19580.0,52.38119596910328,419.04999999999995,8.272,0.01909,19.09,19.055,0.032104999999999995,100.0,0.0,0.0,1.0,,BenchmarkALPMatrix/float/decimal6/n=1024/buckets=0/time=regular/XOR2/decode
scalar,BenchmarkALPMatrix,float,decimal6,1024,0,regular,XOR2,encode,6,20733.0,20522.0,20845.0,49.38986157333719,395.115,8.272,0.01999,19.990000000000002,19.86,0.12440000000000001,98.77,34608.0,16.0,1.0,,BenchmarkALPMatrix/float/decimal6/n=1024/buckets=0/time=regular/XOR2/encode
scalar,BenchmarkALPMatrix,float,decimal6,120,0,regular,ALP,decode,6,427.65,424.2,430.9,280.6032970887408,2244.7799999999997,1.458,0.0035525,3.5525,3.5175,0.034985,99.68,0.0,0.0,1.0,,BenchmarkALPMatrix/float/decimal6/n=120/buckets=0/time=regular/ALP/decode
scalar,BenchmarkALPMatrix,float,decimal6,120,0,regular,ALP,encode,6,7359.5,7317.0,7441.0,16.30545553366397,130.445,1.458,0.0608,60.8,60.125,0.70355,99.065,7600.0,14.0,1.0,,BenchmarkALPMatrix/float/decimal6/n=120/buckets=0/time=regular/ALP/encode
scalar,BenchmarkALPMatrix,float,decimal6,120,0,regular,XOR2,decode,6,954.5999999999999,952.0,975.8,125.7071024512885,1005.6949999999999,5.767,0.007937,7.936999999999999,7.873,0.066805,99.78999999999999,0.0,0.0,1.0,,BenchmarkALPMatrix/float/decimal6/n=120/buckets=0/time=regular/XOR2/decode
scalar,BenchmarkALPMatrix,float,decimal6,120,0,regular,XOR2,encode,6,1894.0,1873.0,1907.0,63.357972544878564,506.825,5.767,0.01563,15.63,15.45,0.17815,99.005,2224.0,9.0,1.0,,BenchmarkALPMatrix/float/decimal6/n=120/buckets=0/time=regular/XOR2/encode
scalar,BenchmarkALPMatrix,float,decimal6,32,0,regular,ALP,decode,6,148.05,147.5,148.1,216.14319486659912,1729.53,2.656,0.004625999999999999,4.6259999999999994,4.614,0.01127,100.0,0.0,0.0,1.0,,BenchmarkALPMatrix/float/decimal6/n=32/buckets=0/time=regular/ALP/decode
scalar,BenchmarkALPMatrix,float,decimal6,32,0,regular,ALP,encode,6,5908.0,5870.0,5989.0,5.416384563303994,43.334999999999994,2.656,0.18425,184.25,183.5,0.6154,99.81,2256.0,12.0,1.0,,BenchmarkALPMatrix/float/decimal6/n=32/buckets=0/time=regular/ALP/encode
scalar,BenchmarkALPMatrix,float,decimal6,32,0,regular,XOR2,decode,6,251.8,250.2,252.4,127.08498808578236,1016.7,6.219,0.007869,7.869,7.8545,0.013930000000000001,100.0,0.0,0.0,1.0,,BenchmarkALPMatrix/float/decimal6/n=32/buckets=0/time=regular/XOR2/decode
scalar,BenchmarkALPMatrix,float,decimal6,32,0,regular,XOR2,encode,6,565.95,564.3,568.1,56.54209735842389,452.32,6.219,0.017485,17.485,17.4,0.090695,99.035,816.0,7.0,1.0,,BenchmarkALPMatrix/float/decimal6/n=32/buckets=0/time=regular/XOR2/encode
scalar,BenchmarkALPMatrix,float,noisy-decimal,1024,0,regular,ALP,decode,6,3587.0,3575.0,3643.0,285.47532757178703,2283.9049999999997,2.144,0.0034980000000000002,3.498,3.466,0.032089999999999994,99.815,0.0,0.0,1.0,,BenchmarkALPMatrix/float/noisy-decimal/n=1024/buckets=0/time=regular/ALP/decode
scalar,BenchmarkALPMatrix,float,noisy-decimal,1024,0,regular,ALP,encode,6,16894.5,16676.0,17392.0,60.61144159341798,484.885,2.144,0.016314999999999996,16.314999999999998,16.095,0.22625,98.91,17312.0,24.0,1.0,,BenchmarkALPMatrix/float/noisy-decimal/n=1024/buckets=0/time=regular/ALP/encode
scalar,BenchmarkALPMatrix,float,noisy-decimal,1024,0,regular,XOR2,decode,6,13404.0,13174.0,13480.0,76.39510593852582,611.1700000000001,9.646,0.013054999999999999,13.055,12.975000000000001,0.09105,99.875,0.0,0.0,1.0,,BenchmarkALPMatrix/float/noisy-decimal/n=1024/buckets=0/time=regular/XOR2/decode
scalar,BenchmarkALPMatrix,float,noisy-decimal,1024,0,regular,XOR2,encode,6,21429.0,21207.0,22197.0,47.785710952447616,382.28999999999996,9.646,0.020550000000000002,20.55,20.27,0.28375,98.28,46896.0,17.0,1.0,,BenchmarkALPMatrix/float/noisy-decimal/n=1024/buckets=0/time=regular/XOR2/encode
scalar,BenchmarkALPMatrix,float,noisy-decimal,120,0,regular,ALP,decode,6,436.05,435.4,438.3,275.19779841761266,2201.54,2.242,0.0036295000000000003,3.6295,3.5955000000000004,0.033685,99.845,0.0,0.0,1.0,,BenchmarkALPMatrix/float/noisy-decimal/n=120/buckets=0/time=regular/ALP/decode
scalar,BenchmarkALPMatrix,float,noisy-decimal,120,0,regular,ALP,encode,6,3034.5,2994.0,3088.0,39.54522985664854,316.365,2.242,0.02475,24.75,24.39,0.3587,97.89500000000001,7600.0,14.0,1.0,,BenchmarkALPMatrix/float/noisy-decimal/n=120/buckets=0/time=regular/ALP/encode
scalar,BenchmarkALPMatrix,float,noisy-decimal,120,0,regular,XOR2,decode,6,938.6500000000001,932.8,944.3,127.84317903371863,1022.7449999999999,7.15,0.007809,7.809,7.769,0.046560000000000004,99.885,0.0,0.0,1.0,,BenchmarkALPMatrix/float/noisy-decimal/n=120/buckets=0/time=regular/XOR2/decode
scalar,BenchmarkALPMatrix,float,noisy-decimal,120,0,regular,XOR2,encode,6,2021.5,1997.0,2046.0,59.36186000494682,474.90999999999997,7.15,0.01668,16.68,16.475,0.19640000000000002,98.995,2224.0,9.0,1.0,,BenchmarkALPMatrix/float/noisy-decimal/n=120/buckets=0/time=regular/XOR2/encode
scalar,BenchmarkALPMatrix,float,noisy-decimal,32,0,regular,ALP,decode,6,155.75,154.9,157.7,205.45746388443018,1643.635,3.656,0.004857,4.857,4.807,0.04886,99.78999999999999,0.0,0.0,1.0,,BenchmarkALPMatrix/float/noisy-decimal/n=32/buckets=0/time=regular/ALP/decode
scalar,BenchmarkALPMatrix,float,noisy-decimal,32,0,regular,ALP,encode,6,1792.0,1791.0,1811.0,17.857142857142858,142.83,3.656,0.055375,55.375,54.69499999999999,0.6653500000000001,98.855,2256.0,12.0,1.0,,BenchmarkALPMatrix/float/noisy-decimal/n=32/buckets=0/time=regular/ALP/encode
scalar,BenchmarkALPMatrix,float,noisy-decimal,32,0,regular,XOR2,decode,6,272.20000000000005,271.6,274.0,117.56061719324025,940.65,7.562,0.0084845,8.4845,8.431,0.07131,99.9,0.0,0.0,1.0,,BenchmarkALPMatrix/float/noisy-decimal/n=32/buckets=0/time=regular/XOR2/decode
scalar,BenchmarkALPMatrix,float,noisy-decimal,32,0,regular,XOR2,encode,6,628.1,627.0,633.4,50.947301385129755,407.565,7.562,0.019405000000000002,19.405,19.155,0.24785000000000001,98.9,816.0,7.0,1.0,,BenchmarkALPMatrix/float/noisy-decimal/n=32/buckets=0/time=regular/XOR2/encode
scalar,BenchmarkALPMatrix,float,outliers20,1024,0,regular,ALP,decode,6,3572.0,3568.0,3579.0,286.6741321388578,2293.375,3.271,0.003489,3.489,3.4775,0.011515000000000001,100.0,0.0,0.0,1.0,,BenchmarkALPMatrix/float/outliers20/n=1024/buckets=0/time=regular/ALP/decode
scalar,BenchmarkALPMatrix,float,outliers20,1024,0,regular,ALP,encode,6,70073.5,69952.0,72664.0,14.61322753965479,116.905,3.271,0.068335,68.33500000000001,68.07,0.25270000000000004,99.86,22560.0,25.0,1.0,,BenchmarkALPMatrix/float/outliers20/n=1024/buckets=0/time=regular/ALP/encode
scalar,BenchmarkALPMatrix,float,outliers20,1024,0,regular,XOR2,decode,6,18766.0,18688.0,18831.0,54.56676968986465,436.53499999999997,10.02,0.018299999999999997,18.299999999999997,18.25,0.047705,99.965,0.0,0.0,1.0,,BenchmarkALPMatrix/float/outliers20/n=1024/buckets=0/time=regular/XOR2/decode
scalar,BenchmarkALPMatrix,float,outliers20,1024,0,regular,XOR2,encode,6,21739.5,21609.0,22119.0,47.10319924561283,376.825,10.02,0.02091,20.91,20.744999999999997,0.1613,98.485,46896.0,17.0,1.0,,BenchmarkALPMatrix/float/outliers20/n=1024/buckets=0/time=regular/XOR2/encode
scalar,BenchmarkALPMatrix,float,outliers20,120,0,regular,ALP,decode,6,440.85,440.1,441.8,272.20142905750254,2177.5699999999997,5.042,0.003674,3.6740000000000004,3.661,0.011564999999999999,100.0,0.0,0.0,1.0,,BenchmarkALPMatrix/float/outliers20/n=120/buckets=0/time=regular/ALP/decode
scalar,BenchmarkALPMatrix,float,outliers20,120,0,regular,ALP,encode,6,7979.0,7930.0,8052.0,15.039478631407444,120.315,5.042,0.06597,65.97,65.595,0.3202,99.315,7600.0,14.0,1.0,,BenchmarkALPMatrix/float/outliers20/n=120/buckets=0/time=regular/ALP/encode
scalar,BenchmarkALPMatrix,float,outliers20,120,0,regular,XOR2,decode,6,950.3,947.6,954.7,126.27591286962013,1010.19,7.475,0.0079205,7.9205,7.9025,0.019450000000000002,100.0,0.0,0.0,1.0,,BenchmarkALPMatrix/float/outliers20/n=120/buckets=0/time=regular/XOR2/decode
scalar,BenchmarkALPMatrix,float,outliers20,120,0,regular,XOR2,encode,6,2092.0,2087.0,2101.0,57.361376673040155,458.97,7.475,0.01721,17.21,17.085,0.1241,98.75999999999999,3632.0,10.0,1.0,,BenchmarkALPMatrix/float/outliers20/n=120/buckets=0/time=regular/XOR2/encode
scalar,BenchmarkALPMatrix,float,outliers20,32,0,regular,ALP,decode,6,154.5,153.7,156.0,207.11974110032364,1656.75,4.844,0.0048200000000000005,4.82,4.7780000000000005,0.044065,99.85,0.0,0.0,1.0,,BenchmarkALPMatrix/float/outliers20/n=32/buckets=0/time=regular/ALP/decode
scalar,BenchmarkALPMatrix,float,outliers20,32,0,regular,ALP,encode,6,6300.5,6225.0,6351.0,5.078961987143877,40.635000000000005,4.844,0.19615,196.14999999999998,194.1,1.884,99.61500000000001,2256.0,12.0,1.0,,BenchmarkALPMatrix/float/outliers20/n=32/buckets=0/time=regular/ALP/encode
scalar,BenchmarkALPMatrix,float,outliers20,32,0,regular,XOR2,decode,6,265.05,264.4,267.2,120.73193737030748,965.865,7.75,0.008272999999999999,8.273,8.219999999999999,0.053935,99.895,0.0,0.0,1.0,,BenchmarkALPMatrix/float/outliers20/n=32/buckets=0/time=regular/XOR2/decode
scalar,BenchmarkALPMatrix,float,outliers20,32,0,regular,XOR2,encode,6,624.05,614.1,635.0,51.277942472558294,410.23,7.75,0.019305,19.305,19.08,0.22295,99.005,816.0,7.0,1.0,,BenchmarkALPMatrix/float/outliers20/n=32/buckets=0/time=regular/XOR2/encode
scalar,BenchmarkALPMatrix,float,random-bits,1024,0,regular,ALP,decode,6,2575.0,2572.0,2582.0,397.66990291262135,3181.0649999999996,8.292,0.002516,2.516,2.5084999999999997,0.0068685,100.0,0.0,0.0,1.0,,BenchmarkALPMatrix/float/random-bits/n=1024/buckets=0/time=regular/ALP/decode
scalar,BenchmarkALPMatrix,float,random-bits,1024,0,regular,ALP,encode,6,105375.5,104838.0,106968.0,9.717628860598527,77.74,8.292,0.1026,102.6,102.19999999999999,0.3372,99.735,50336.0,28.0,1.0,,BenchmarkALPMatrix/float/random-bits/n=1024/buckets=0/time=regular/ALP/encode
scalar,BenchmarkALPMatrix,float,random-bits,1024,0,regular,XOR2,decode,6,22728.0,19771.0,51104.0,45.05455825413587,366.025,11.02,0.021395,21.395,19.62,1.777765,96.78,0.0,0.0,1.0,,BenchmarkALPMatrix/float/random-bits/n=1024/buckets=0/time=regular/XOR2/decode
scalar,BenchmarkALPMatrix,float,random-bits,1024,0,regular,XOR2,encode,6,23233.5,23113.0,23422.0,44.0742892805647,352.595,11.02,0.022324999999999998,22.325,22.175,0.1563,98.55,46896.0,17.0,1.0,,BenchmarkALPMatrix/float/random-bits/n=1024/buckets=0/time=regular/XOR2/encode
scalar,BenchmarkALPMatrix,float,random-bits,120,0,regular,ALP,decode,6,312.3,310.7,313.2,384.24591738712775,3074.325,8.333,0.0025960000000000002,2.596,2.5725,0.022715,99.885,0.0,0.0,1.0,,BenchmarkALPMatrix/float/random-bits/n=120/buckets=0/time=regular/ALP/decode
scalar,BenchmarkALPMatrix,float,random-bits,120,0,regular,ALP,decode-cold,6,428.75,426.7,431.7,279.88338192419826,2239.125,8.333,0.0034815000000000002,3.4815,3.4290000000000003,0.055025,97.52000000000001,1296.0,3.0,1.0,,BenchmarkALPMatrix/float/random-bits/n=120/buckets=0/time=regular/ALP/decode-cold
scalar,BenchmarkALPMatrix,float,random-bits,120,0,regular,ALP,encode,6,13012.5,12845.0,13072.0,9.221902017291066,73.775,8.333,0.10755,107.55000000000001,106.44999999999999,1.095,99.435,9008.0,15.0,1.0,,BenchmarkALPMatrix/float/random-bits/n=120/buckets=0/time=regular/ALP/encode
scalar,BenchmarkALPMatrix,float,random-bits,120,0,regular,XOR2,decode,6,982.8,971.5,998.8,122.1001221001221,976.8199999999999,8.517,0.008163,8.163,8.097999999999999,0.0593,99.805,0.0,0.0,1.0,,BenchmarkALPMatrix/float/random-bits/n=120/buckets=0/time=regular/XOR2/decode
scalar,BenchmarkALPMatrix,float,random-bits,120,0,regular,XOR2,decode-cold,6,1033.5,1010.0,1046.0,116.11030478955007,929.0699999999999,8.517,0.0085795,8.5795,8.492999999999999,0.08403,99.84,144.0,2.0,1.0,,BenchmarkALPMatrix/float/random-bits/n=120/buckets=0/time=regular/XOR2/decode-cold
scalar,BenchmarkALPMatrix,float,random-bits,120,0,regular,XOR2,encode,6,2371.5,2304.0,2452.0,50.60088551549652,404.875,8.517,0.019395,19.395,19.064999999999998,0.25115,98.465,3632.0,10.0,1.0,,BenchmarkALPMatrix/float/random-bits/n=120/buckets=0/time=regular/XOR2/encode
scalar,BenchmarkALPMatrix,float,random-bits,32,0,regular,ALP,decode,6,93.87,93.62,94.14,340.89698519228716,2727.2650000000003,9.25,0.002934,2.934,2.9265,0.007852999999999999,100.0,0.0,0.0,1.0,,BenchmarkALPMatrix/float/random-bits/n=32/buckets=0/time=regular/ALP/decode
scalar,BenchmarkALPMatrix,float,random-bits,32,0,regular,ALP,encode,6,7237.5,7160.0,7310.0,4.4214162348877375,35.370000000000005,9.25,0.22569999999999998,225.7,224.89999999999998,0.8401000000000001,99.805,2832.0,13.0,1.0,,BenchmarkALPMatrix/float/random-bits/n=32/buckets=0/time=regular/ALP/encode
scalar,BenchmarkALPMatrix,float,random-bits,32,0,regular,XOR2,decode,6,269.20000000000005,268.7,269.6,118.87072808320949,951.03,8.906,0.008411000000000002,8.411000000000001,8.3965,0.016495000000000003,100.0,0.0,0.0,1.0,,BenchmarkALPMatrix/float/random-bits/n=32/buckets=0/time=regular/XOR2/decode
scalar,BenchmarkALPMatrix,float,random-bits,32,0,regular,XOR2,encode,6,705.55,704.3,711.2,45.35468783218766,362.84000000000003,8.906,0.021765,21.765,21.63,0.14035,98.71000000000001,1328.0,8.0,1.0,,BenchmarkALPMatrix/float/random-bits/n=32/buckets=0/time=regular/XOR2/encode
scalar,BenchmarkALPMatrix,float,random-finite,1024,0,regular,ALP,decode,6,4697.0,4676.0,4701.0,218.0114967000213,1743.99,7.464,0.0045875,4.5875,4.571,0.01593,100.0,0.0,0.0,1.0,,BenchmarkALPMatrix/float/random-finite/n=1024/buckets=0/time=regular/ALP/decode
scalar,BenchmarkALPMatrix,float,random-finite,1024,0,regular,ALP,encode,6,100733.5,100660.0,101687.0,10.16543652310304,81.32499999999999,7.464,0.09812,98.12,97.725,0.43674999999999997,99.725,49056.0,28.0,1.0,,BenchmarkALPMatrix/float/random-finite/n=1024/buckets=0/time=regular/ALP/encode
scalar,BenchmarkALPMatrix,float,random-finite,1024,0,regular,XOR2,decode,6,19861.0,19824.0,19868.0,51.558330396253965,412.47,11.02,0.019395,19.395,19.33,0.066935,100.0,0.0,0.0,1.0,,BenchmarkALPMatrix/float/random-finite/n=1024/buckets=0/time=regular/XOR2/decode
scalar,BenchmarkALPMatrix,float,random-finite,1024,0,regular,XOR2,encode,6,23453.5,23230.0,23707.0,43.66086085232481,349.28999999999996,11.02,0.022564999999999998,22.564999999999998,22.314999999999998,0.20645,98.60499999999999,46896.0,17.0,1.0,,BenchmarkALPMatrix/float/random-finite/n=1024/buckets=0/time=regular/XOR2/encode
scalar,BenchmarkALPMatrix,float,random-finite,120,0,regular,ALP,decode,6,574.0,570.4,579.9,209.05923344947735,1672.48,7.542,0.004778,4.7780000000000005,4.731999999999999,0.044454999999999995,99.83500000000001,0.0,0.0,1.0,,BenchmarkALPMatrix/float/random-finite/n=120/buckets=0/time=regular/ALP/decode
scalar,BenchmarkALPMatrix,float,random-finite,120,0,regular,ALP,encode,6,12510.0,12416.0,12582.0,9.59232613908873,76.74,7.542,0.1037,103.7,102.55,1.184,99.47,7600.0,14.0,1.0,,BenchmarkALPMatrix/float/random-finite/n=120/buckets=0/time=regular/ALP/encode
scalar,BenchmarkALPMatrix,float,random-finite,120,0,regular,XOR2,decode,6,981.1,975.3,987.5,122.3116909591275,978.51,8.5,0.0081655,8.1655,8.118500000000001,0.05047,99.865,0.0,0.0,1.0,,BenchmarkALPMatrix/float/random-finite/n=120/buckets=0/time=regular/XOR2/decode
scalar,BenchmarkALPMatrix,float,random-finite,120,0,regular,XOR2,encode,6,2277.5,2268.0,2317.0,52.689352360043905,421.46500000000003,8.5,0.01875,18.75,18.515,0.22999999999999998,98.75999999999999,3632.0,10.0,1.0,,BenchmarkALPMatrix/float/random-finite/n=120/buckets=0/time=regular/XOR2/encode
scalar,BenchmarkALPMatrix,float,random-finite,32,0,regular,ALP,decode,6,220.55,206.2,222.6,145.09181591475854,1160.905,9.031,0.006891500000000001,6.891500000000001,6.874499999999999,0.017669999999999998,100.0,0.0,0.0,1.0,,BenchmarkALPMatrix/float/random-finite/n=32/buckets=0/time=regular/ALP/decode
scalar,BenchmarkALPMatrix,float,random-finite,32,0,regular,ALP,encode,6,7506.0,7415.0,7643.0,4.263256061817213,34.105000000000004,9.031,0.23405,234.05,233.2,0.9367000000000001,99.82,2832.0,13.0,1.0,,BenchmarkALPMatrix/float/random-finite/n=32/buckets=0/time=regular/ALP/encode
scalar,BenchmarkALPMatrix,float,random-finite,32,0,regular,XOR2,decode,6,288.8,276.7,311.9,110.80332409972299,887.865,8.844,0.0090255,9.025500000000001,9.0085,0.016805,100.0,0.0,0.0,1.0,,BenchmarkALPMatrix/float/random-finite/n=32/buckets=0/time=regular/XOR2/decode
scalar,BenchmarkALPMatrix,float,random-finite,32,0,regular,XOR2,encode,6,695.45,693.1,702.1,46.01337263642246,368.1,8.844,0.021445,21.445,21.314999999999998,0.1295,98.7,1328.0,8.0,1.0,,BenchmarkALPMatrix/float/random-finite/n=32/buckets=0/time=regular/XOR2/encode
scalar,BenchmarkALPMatrix,float,stale5,1024,0,regular,ALP,decode,6,3535.0,3515.0,3551.0,289.6746817538897,2317.24,1.776,0.003449,3.449,3.418,0.031164999999999998,99.9,0.0,0.0,1.0,,BenchmarkALPMatrix/float/stale5/n=1024/buckets=0/time=regular/ALP/decode
scalar,BenchmarkALPMatrix,float,stale5,1024,0,regular,ALP,encode,6,21611.5,21454.0,21727.0,47.38218078337922,379.055,1.776,0.020980000000000002,20.98,20.715,0.2264,99.41499999999999,13984.0,23.0,1.0,,BenchmarkALPMatrix/float/stale5/n=1024/buckets=0/time=regular/ALP/encode
scalar,BenchmarkALPMatrix,float,stale5,1024,0,regular,XOR2,decode,6,19404.0,19317.0,19515.0,52.77262420119563,422.185,8.069,0.01893,18.93,18.8,0.12415,99.895,0.0,0.0,1.0,,BenchmarkALPMatrix/float/stale5/n=1024/buckets=0/time=regular/XOR2/decode
scalar,BenchmarkALPMatrix,float,stale5,1024,0,regular,XOR2,encode,6,20533.0,20420.0,20626.0,49.870939463302975,398.965,8.069,0.019765,19.765,19.505,0.2501,98.565,34608.0,16.0,1.0,,BenchmarkALPMatrix/float/stale5/n=1024/buckets=0/time=regular/XOR2/encode
scalar,BenchmarkALPMatrix,float,stale5,120,0,regular,ALP,decode,6,425.15,422.0,448.5,282.25332235681526,2257.795,1.875,0.003534,3.534,3.498,0.0382,99.735,0.0,0.0,1.0,,BenchmarkALPMatrix/float/stale5/n=120/buckets=0/time=regular/ALP/decode
scalar,BenchmarkALPMatrix,float,stale5,120,0,regular,ALP,encode,6,3013.0,2960.0,3040.0,39.827414537006305,318.64,1.875,0.024515000000000002,24.515,24.185000000000002,0.3034,98.02000000000001,7600.0,14.0,1.0,,BenchmarkALPMatrix/float/stale5/n=120/buckets=0/time=regular/ALP/encode
scalar,BenchmarkALPMatrix,float,stale5,120,0,regular,XOR2,decode,6,893.4,886.8,899.3,134.31833445265278,1074.555,5.725,0.0074385,7.4384999999999994,7.365,0.065975,99.92,0.0,0.0,1.0,,BenchmarkALPMatrix/float/stale5/n=120/buckets=0/time=regular/XOR2/decode
scalar,BenchmarkALPMatrix,float,stale5,120,0,regular,XOR2,encode,6,1841.0,1832.0,1904.0,65.18196632265074,521.385,5.725,0.015210000000000001,15.21,15.045,0.17305,99.095,2224.0,9.0,1.0,,BenchmarkALPMatrix/float/stale5/n=120/buckets=0/time=regular/XOR2/encode
scalar,BenchmarkALPMatrix,float,stale5,32,0,regular,ALP,decode,6,149.0,148.0,151.4,214.76510067114094,1718.105,3.281,0.004656499999999999,4.656499999999999,4.6345,0.012979999999999998,100.0,0.0,0.0,1.0,,BenchmarkALPMatrix/float/stale5/n=32/buckets=0/time=regular/ALP/decode
scalar,BenchmarkALPMatrix,float,stale5,32,0,regular,ALP,encode,6,1706.0,1685.0,1765.0,18.757327080890974,150.07,3.281,0.05281,52.81,52.43,0.3504,99.06,2256.0,12.0,1.0,,BenchmarkALPMatrix/float/stale5/n=32/buckets=0/time=regular/ALP/encode
scalar,BenchmarkALPMatrix,float,stale5,32,0,regular,XOR2,decode,6,244.85,243.2,249.7,130.69226056769452,1045.65,6.531,0.0076525,7.6525,7.635,0.016989999999999998,99.995,0.0,0.0,1.0,,BenchmarkALPMatrix/float/stale5/n=32/buckets=0/time=regular/XOR2/decode
scalar,BenchmarkALPMatrix,float,stale5,32,0,regular,XOR2,encode,6,563.45,561.2,566.4,56.79297186973112,454.345,6.531,0.017424999999999996,17.424999999999997,17.325,0.09885,99.015,816.0,7.0,1.0,,BenchmarkALPMatrix/float/stale5/n=32/buckets=0/time=regular/XOR2/encode
scalar,BenchmarkALPMatrix,integer-histogram,bursty,1024,8,regular,ALPv3,decode,6,38583.5,38574.0,38630.0,26.539842160509025,2335.5,19.51,0.03768,37.68,37.585,0.10300000000000001,100.0,0.0,0.0,1.0,,BenchmarkALPMatrix/integer-histogram/bursty/n=1024/buckets=8/time=regular/ALPv3/decode
scalar,BenchmarkALPMatrix,integer-histogram,bursty,1024,8,regular,ALPv3,decode-float,6,39552.0,39489.0,39585.0,25.889967637540455,2278.32,19.51,0.038625,38.625,38.525000000000006,0.106765,100.0,0.0,0.0,1.0,,BenchmarkALPMatrix/integer-histogram/bursty/n=1024/buckets=8/time=regular/ALPv3/decode-float
scalar,BenchmarkALPMatrix,integer-histogram,bursty,1024,8,regular,ALPv3,encode,6,451811.0,449643.0,453599.0,2.26643441616074,199.445,19.51,0.44015,440.15,438.15,2.029,99.73,188720.0,83.0,1.0,,BenchmarkALPMatrix/integer-histogram/bursty/n=1024/buckets=8/time=regular/ALPv3/encode
scalar,BenchmarkALPMatrix,integer-histogram,bursty,1024,8,regular,legacy,decode,6,88660.0,88439.0,88784.0,11.549740581998647,1016.38,16.43,0.08659,86.59,86.38499999999999,0.2056,100.0,16.0,2.0,1.0,,BenchmarkALPMatrix/integer-histogram/bursty/n=1024/buckets=8/time=regular/legacy/decode
scalar,BenchmarkALPMatrix,integer-histogram,bursty,1024,8,regular,legacy,decode-float,6,90110.5,89906.0,90249.0,11.363825525327238,1000.015,16.43,0.088,88.0,87.72,0.29745,100.0,16.0,2.0,1.0,,BenchmarkALPMatrix/integer-histogram/bursty/n=1024/buckets=8/time=regular/legacy/decode-float
scalar,BenchmarkALPMatrix,integer-histogram,bursty,1024,8,regular,legacy,encode,6,217551.5,216275.0,219374.0,4.7069314622055005,414.21000000000004,16.43,0.21195,211.95,211.3,0.62305,99.745,85408.0,25.0,1.0,,BenchmarkALPMatrix/integer-histogram/bursty/n=1024/buckets=8/time=regular/legacy/encode
scalar,BenchmarkALPMatrix,integer-histogram,bursty,120,128,regular,ALPv3,decode,6,35106.0,34881.0,35424.0,3.4182191078448128,3582.365,131.3,0.29185,291.85,288.85,2.5540000000000003,99.75999999999999,0.0,0.0,1.0,,BenchmarkALPMatrix/integer-histogram/bursty/n=120/buckets=128/time=regular/ALPv3/decode
scalar,BenchmarkALPMatrix,integer-histogram,bursty,120,128,regular,ALPv3,decode-float,6,36453.5,36324.0,36635.0,3.291864978671458,3449.84,131.3,0.30335,303.35,300.9,2.622,99.87,0.0,0.0,1.0,,BenchmarkALPMatrix/integer-histogram/bursty/n=120/buckets=128/time=regular/ALPv3/decode-float
scalar,BenchmarkALPMatrix,integer-histogram,bursty,120,128,regular,ALPv3,encode,6,458530.5,450733.0,481697.0,0.2617056008269897,274.275,131.3,3.8005,3800.5,3759.0,41.25,99.47,138496.0,73.0,1.0,,BenchmarkALPMatrix/integer-histogram/bursty/n=120/buckets=128/time=regular/ALPv3/encode
scalar,BenchmarkALPMatrix,integer-histogram,bursty,120,128,regular,legacy,decode,6,99828.5,98710.0,102153.0,1.2020615355334399,1259.755,94.92,0.82835,828.35,820.25,8.2165,99.525,16.0,2.0,1.0,,BenchmarkALPMatrix/integer-histogram/bursty/n=120/buckets=128/time=regular/legacy/decode
scalar,BenchmarkALPMatrix,integer-histogram,bursty,120,128,regular,legacy,decode-float,6,103904.5,102460.0,105116.0,1.1549066691048029,1210.335,94.92,0.8631,863.1,853.55,7.884,99.65,16.0,2.0,1.0,,BenchmarkALPMatrix/integer-histogram/bursty/n=120/buckets=128/time=regular/legacy/decode-float
scalar,BenchmarkALPMatrix,integer-histogram,bursty,120,128,regular,legacy,encode,6,268220.0,260338.0,285879.0,0.44739393035567815,468.88,94.92,2.1875,2187.5,2132.5,56.81999999999999,98.015,49184.0,23.0,1.0,,BenchmarkALPMatrix/integer-histogram/bursty/n=120/buckets=128/time=regular/legacy/encode
scalar,BenchmarkALPMatrix,integer-histogram,bursty,120,8,regular,ALPv3,decode,6,4752.0,4732.0,4770.0,25.252525252525253,2222.265,20.36,0.03954,39.54,39.205,0.33845000000000003,99.89,0.0,0.0,1.0,,BenchmarkALPMatrix/integer-histogram/bursty/n=120/buckets=8/time=regular/ALPv3/decode
scalar,BenchmarkALPMatrix,integer-histogram,bursty,120,8,regular,ALPv3,decode-float,6,4828.0,4813.0,4845.0,24.855012427506214,2187.16,20.36,0.04021,40.21,39.879999999999995,0.32035,99.91499999999999,0.0,0.0,1.0,,BenchmarkALPMatrix/integer-histogram/bursty/n=120/buckets=8/time=regular/ALPv3/decode-float
scalar,BenchmarkALPMatrix,integer-histogram,bursty,120,8,regular,ALPv3,encode,6,52024.5,51629.0,52401.0,2.3066055416198137,202.98000000000002,20.36,0.43185,431.85,428.3,3.7325,99.655,17008.0,60.0,1.0,,BenchmarkALPMatrix/integer-histogram/bursty/n=120/buckets=8/time=regular/ALPv3/encode
scalar,BenchmarkALPMatrix,integer-histogram,bursty,120,8,regular,legacy,decode,6,8730.5,8698.0,8762.0,13.744917244144093,1209.56,14.06,0.07274,72.74,72.17500000000001,0.46099999999999997,99.935,16.0,2.0,1.0,,BenchmarkALPMatrix/integer-histogram/bursty/n=120/buckets=8/time=regular/legacy/decode
scalar,BenchmarkALPMatrix,integer-histogram,bursty,120,8,regular,legacy,decode-float,6,9053.0,9024.0,9068.0,13.25527449464266,1166.455,14.06,0.07537,75.37,74.765,0.5677,99.91499999999999,16.0,2.0,1.0,,BenchmarkALPMatrix/integer-histogram/bursty/n=120/buckets=8/time=regular/legacy/decode-float
scalar,BenchmarkALPMatrix,integer-histogram,bursty,120,8,regular,legacy,encode,6,23637.5,23433.0,23972.0,5.076679005817028,446.75,14.06,0.19644999999999999,196.45,194.60000000000002,1.6925,99.725,6048.0,17.0,1.0,,BenchmarkALPMatrix/integer-histogram/bursty/n=120/buckets=8/time=regular/legacy/encode
scalar,BenchmarkALPMatrix,integer-histogram,bursty,32,8,regular,ALPv3,decode,6,1299.5,1296.0,1305.0,24.624855713736054,2167.21,18.16,0.04061,40.61,40.525000000000006,0.09337999999999999,100.0,0.0,0.0,1.0,,BenchmarkALPMatrix/integer-histogram/bursty/n=32/buckets=8/time=regular/ALPv3/decode
scalar,BenchmarkALPMatrix,integer-histogram,bursty,32,8,regular,ALPv3,decode-float,6,1332.0,1330.0,1336.0,24.024024024024023,2113.7349999999997,18.16,0.041635,41.635,41.54,0.10885,100.0,0.0,0.0,1.0,,BenchmarkALPMatrix/integer-histogram/bursty/n=32/buckets=8/time=regular/ALPv3/decode-float
scalar,BenchmarkALPMatrix,integer-histogram,bursty,32,8,regular,ALPv3,encode,6,18037.0,17862.0,18087.0,1.7741309530409712,156.125,18.16,0.5622,562.2,560.05,1.772,99.86,5312.0,52.0,1.0,,BenchmarkALPMatrix/integer-histogram/bursty/n=32/buckets=8/time=regular/ALPv3/encode
scalar,BenchmarkALPMatrix,integer-histogram,bursty,32,8,regular,legacy,decode,6,2104.5,2101.0,2128.0,15.205511998099311,1338.025,14.16,0.06578,65.78,65.68,0.11234999999999999,100.0,16.0,2.0,1.0,,BenchmarkALPMatrix/integer-histogram/bursty/n=32/buckets=8/time=regular/legacy/decode
scalar,BenchmarkALPMatrix,integer-histogram,bursty,32,8,regular,legacy,decode-float,6,2191.5,2182.0,2199.0,14.60187086470454,1285.08,14.16,0.06849000000000001,68.49000000000001,68.27000000000001,0.18195,100.0,16.0,2.0,1.0,,BenchmarkALPMatrix/integer-histogram/bursty/n=32/buckets=8/time=regular/legacy/decode-float
scalar,BenchmarkALPMatrix,integer-histogram,bursty,32,8,regular,legacy,encode,6,6282.0,6176.0,6333.0,5.093919134033747,448.235,14.16,0.1961,196.1,195.45,0.85825,99.9,1696.0,14.0,1.0,,BenchmarkALPMatrix/integer-histogram/bursty/n=32/buckets=8/time=regular/legacy/encode
scalar,BenchmarkALPMatrix,integer-histogram,gauge,120,128,regular,ALPv3,decode,6,37451.5,37425.0,37589.0,3.204144026273981,3357.985,298.4,0.31215,312.15,311.45000000000005,0.80175,100.0,0.0,0.0,1.0,,BenchmarkALPMatrix/integer-histogram/gauge/n=120/buckets=128/time=regular/ALPv3/decode
scalar,BenchmarkALPMatrix,integer-histogram,gauge,120,128,regular,ALPv3,decode-float,6,39196.5,38924.0,39322.0,3.0614978378171522,3208.42,298.4,0.32639999999999997,326.4,325.75,0.6940500000000001,100.0,0.0,0.0,1.0,,BenchmarkALPMatrix/integer-histogram/gauge/n=120/buckets=128/time=regular/ALPv3/decode-float
scalar,BenchmarkALPMatrix,integer-histogram,gauge,120,128,regular,ALPv3,encode,6,679160.5,677151.0,682754.0,0.17668872085464335,185.17000000000002,298.4,5.6355,5635.5,5615.5,20.495,99.57,421488.0,319.0,1.0,,BenchmarkALPMatrix/integer-histogram/gauge/n=120/buckets=128/time=regular/ALPv3/encode
scalar,BenchmarkALPMatrix,integer-histogram,gauge,120,128,regular,legacy,decode,6,202525.0,202157.0,203162.0,0.592519442044192,620.96,375.4,1.688,1688.0,1685.0,3.1695,100.0,16.0,2.0,1.0,,BenchmarkALPMatrix/integer-histogram/gauge/n=120/buckets=128/time=regular/legacy/decode
scalar,BenchmarkALPMatrix,integer-histogram,gauge,120,128,regular,legacy,decode-float,6,206699.5,206601.0,206999.0,0.5805529282847806,608.4200000000001,375.4,1.7225,1722.5,1719.5,4.335,100.0,16.0,2.0,1.0,,BenchmarkALPMatrix/integer-histogram/gauge/n=120/buckets=128/time=regular/legacy/decode-float
scalar,BenchmarkALPMatrix,integer-histogram,gauge,120,128,regular,legacy,encode,6,372192.5,371356.0,376484.0,0.3224138046844039,337.89,375.4,3.0895,3089.5,3079.5,9.821,99.6,216208.0,266.0,1.0,,BenchmarkALPMatrix/integer-histogram/gauge/n=120/buckets=128/time=regular/legacy/encode
scalar,BenchmarkALPMatrix,integer-histogram,gauge,120,8,regular,ALPv3,decode,6,4865.0,4833.0,4915.0,24.665981500513876,2170.62,26.14,0.04047,40.47,40.045,0.41000000000000003,99.83,0.0,0.0,1.0,,BenchmarkALPMatrix/integer-histogram/gauge/n=120/buckets=8/time=regular/ALPv3/decode
scalar,BenchmarkALPMatrix,integer-histogram,gauge,120,8,regular,ALPv3,decode-float,6,5007.0,4970.0,5044.0,23.96644697423607,2109.12,26.14,0.041635000000000005,41.635000000000005,41.26,0.3609,99.875,0.0,0.0,1.0,,BenchmarkALPMatrix/integer-histogram/gauge/n=120/buckets=8/time=regular/ALPv3/decode-float
scalar,BenchmarkALPMatrix,integer-histogram,gauge,120,8,regular,ALPv3,encode,6,68033.0,67726.0,68859.0,1.7638498963738185,155.22,26.14,0.5649000000000001,564.9000000000001,559.6,5.725,99.605,29664.0,301.0,1.0,,BenchmarkALPMatrix/integer-histogram/gauge/n=120/buckets=8/time=regular/ALPv3/encode
scalar,BenchmarkALPMatrix,integer-histogram,gauge,120,8,regular,legacy,decode,6,15559.0,15504.0,15656.0,7.712577929172826,678.7049999999999,33.39,0.1295,129.5,128.4,1.153,99.89,16.0,2.0,1.0,,BenchmarkALPMatrix/integer-histogram/gauge/n=120/buckets=8/time=regular/legacy/decode
scalar,BenchmarkALPMatrix,integer-histogram,gauge,120,8,regular,legacy,decode-float,6,15905.5,15882.0,15965.0,7.544560057841627,663.925,33.39,0.13235000000000002,132.35000000000002,131.6,0.9440999999999999,99.895,16.0,2.0,1.0,,BenchmarkALPMatrix/integer-histogram/gauge/n=120/buckets=8/time=regular/legacy/decode-float
scalar,BenchmarkALPMatrix,integer-histogram,gauge,120,8,regular,legacy,encode,6,32594.0,32480.0,32988.0,3.6816592010799534,323.98,33.39,0.27065,270.65,268.15,2.7165,99.63,15120.0,257.0,1.0,,BenchmarkALPMatrix/integer-histogram/gauge/n=120/buckets=8/time=regular/legacy/encode
scalar,BenchmarkALPMatrix,integer-histogram,layout,120,128,regular,ALPv3,decode,6,33773.0,33025.0,34334.0,3.5531341604240074,3752.17,26.03,0.2815,281.5,275.45000000000005,6.32,100.0,0.0,0.0,2.0,,BenchmarkALPMatrix/integer-histogram/layout/n=120/buckets=128/time=regular/ALPv3/decode
scalar,BenchmarkALPMatrix,integer-histogram,layout,120,128,regular,ALPv3,decode-float,6,34247.0,33722.0,35094.0,3.5039565509387685,3700.185,26.03,0.2855,285.5,282.6,2.7264999999999997,100.0,0.0,0.0,2.0,,BenchmarkALPMatrix/integer-histogram/layout/n=120/buckets=128/time=regular/ALPv3/decode-float
scalar,BenchmarkALPMatrix,integer-histogram,layout,120,128,regular,ALPv3,encode,6,241104.0,239322.0,248792.0,0.4977105315548477,525.595,26.03,2.0035,2003.5,1997.0,7.643,99.92,44776.0,115.0,2.0,,BenchmarkALPMatrix/integer-histogram/layout/n=120/buckets=128/time=regular/ALPv3/encode
scalar,BenchmarkALPMatrix,integer-histogram,layout,120,128,regular,legacy,decode,6,46603.0,46527.0,46734.0,2.5749415273694827,2719.13,27.71,0.3883,388.29999999999995,387.65,0.61305,99.99,32.0,4.0,2.0,,BenchmarkALPMatrix/integer-histogram/layout/n=120/buckets=128/time=regular/legacy/decode
scalar,BenchmarkALPMatrix,integer-histogram,layout,120,128,regular,legacy,decode-float,6,51056.0,51033.0,51149.0,2.3503603885929176,2481.98,27.71,0.42555,425.55,424.4,1.2315,100.0,32.0,4.0,2.0,,BenchmarkALPMatrix/integer-histogram/layout/n=120/buckets=128/time=regular/legacy/decode-float
scalar,BenchmarkALPMatrix,integer-histogram,layout,120,128,regular,legacy,encode,6,129508.0,129223.0,129953.0,0.9265836859499027,978.47,27.71,1.0785,1078.5,1075.0,3.7264999999999997,99.945,15912.0,33.0,2.0,,BenchmarkALPMatrix/integer-histogram/layout/n=120/buckets=128/time=regular/legacy/encode
scalar,BenchmarkALPMatrix,integer-histogram,layout,120,8,regular,ALPv3,decode,6,4787.0,4768.0,4796.0,25.067892208063505,2406.57,7.567,0.039895,39.895,39.754999999999995,0.12625,100.0,0.0,0.0,2.0,,BenchmarkALPMatrix/integer-histogram/layout/n=120/buckets=8/time=regular/ALPv3/decode
scalar,BenchmarkALPMatrix,integer-histogram,layout,120,8,regular,ALPv3,decode-float,6,4817.0,4811.0,4826.0,24.911770811708532,2391.63,7.567,0.04014499999999999,40.144999999999996,39.989999999999995,0.14095,100.0,0.0,0.0,2.0,,BenchmarkALPMatrix/integer-histogram/layout/n=120/buckets=8/time=regular/ALPv3/decode-float
scalar,BenchmarkALPMatrix,integer-histogram,layout,120,8,regular,ALPv3,encode,6,45911.0,45726.0,45980.0,2.613752695432467,250.91500000000002,7.567,0.3822,382.2,380.29999999999995,1.766,99.89,11448.0,105.0,2.0,,BenchmarkALPMatrix/integer-histogram/layout/n=120/buckets=8/time=regular/ALPv3/encode
scalar,BenchmarkALPMatrix,integer-histogram,layout,120,8,regular,legacy,decode,6,5923.5,5909.0,5940.0,20.258293238794632,1944.825,9.4,0.049375,49.375,49.239999999999995,0.1505,100.0,32.0,4.0,2.0,,BenchmarkALPMatrix/integer-histogram/layout/n=120/buckets=8/time=regular/legacy/decode
scalar,BenchmarkALPMatrix,integer-histogram,layout,120,8,regular,legacy,decode-float,6,6114.0,6087.0,6133.0,19.627085377821395,1884.115,9.4,0.05096,50.96,50.785,0.16775,100.0,32.0,4.0,2.0,,BenchmarkALPMatrix/integer-histogram/layout/n=120/buckets=8/time=regular/legacy/decode-float
scalar,BenchmarkALPMatrix,integer-histogram,layout,120,8,regular,legacy,encode,6,17863.0,17649.0,18260.0,6.717796562727425,644.92,9.4,0.1487,148.7,148.0,0.7949999999999999,99.87,4968.0,29.0,2.0,,BenchmarkALPMatrix/integer-histogram/layout/n=120/buckets=8/time=regular/legacy/encode
scalar,BenchmarkALPMatrix,integer-histogram,resets,120,128,regular,ALPv3,decode,6,32469.5,32399.0,32522.0,3.6957760359722203,3873.17,33.3,0.2704,270.4,268.25,2.15,99.905,0.0,0.0,4.0,,BenchmarkALPMatrix/integer-histogram/resets/n=120/buckets=128/time=regular/ALPv3/decode
scalar,BenchmarkALPMatrix,integer-histogram,resets,120,128,regular,ALPv3,decode-float,6,33897.0,33802.0,34010.0,3.540136295247367,3710.0550000000003,33.3,0.28214999999999996,282.15,280.05,2.159,99.905,0.0,0.0,4.0,,BenchmarkALPMatrix/integer-histogram/resets/n=120/buckets=128/time=regular/ALPv3/decode-float
scalar,BenchmarkALPMatrix,integer-histogram,resets,120,128,regular,ALPv3,encode,6,260953.0,258826.0,265168.0,0.45985292370656783,481.92499999999995,33.3,2.1695,2169.5,2152.5,16.78,99.755,64944.0,209.0,4.0,,BenchmarkALPMatrix/integer-histogram/resets/n=120/buckets=128/time=regular/ALPv3/encode
scalar,BenchmarkALPMatrix,integer-histogram,resets,120,128,regular,legacy,decode,6,48562.0,48287.0,48893.0,2.4710679131831474,2589.685,29.44,0.40429999999999994,404.29999999999995,401.65,2.5995,99.86,64.0,8.0,4.0,,BenchmarkALPMatrix/integer-histogram/resets/n=120/buckets=128/time=regular/legacy/decode
scalar,BenchmarkALPMatrix,integer-histogram,resets,120,128,regular,legacy,decode-float,6,53434.0,53038.0,55301.0,2.2457611258749113,2353.625,29.44,0.44380000000000003,443.8,440.65,3.365,99.815,64.0,8.0,4.0,,BenchmarkALPMatrix/integer-histogram/resets/n=120/buckets=128/time=regular/legacy/decode-float
scalar,BenchmarkALPMatrix,integer-histogram,resets,120,128,regular,legacy,encode,6,134153.0,133477.0,136145.0,0.8945010547658271,937.435,29.44,1.116,1116.0,1105.0,11.065,99.85,17136.0,53.0,4.0,,BenchmarkALPMatrix/integer-histogram/resets/n=120/buckets=128/time=regular/legacy/encode
scalar,BenchmarkALPMatrix,integer-histogram,resets,120,8,regular,ALPv3,decode,6,4785.0,4774.0,4796.0,25.078369905956112,2206.895,10.9,0.03988,39.879999999999995,39.760000000000005,0.10965,100.0,0.0,0.0,4.0,,BenchmarkALPMatrix/integer-histogram/resets/n=120/buckets=8/time=regular/ALPv3/decode
scalar,BenchmarkALPMatrix,integer-histogram,resets,120,8,regular,ALPv3,decode-float,6,4878.5,4874.0,5424.0,24.59772471046428,2164.635,10.9,0.040655000000000004,40.655,40.56,0.10235,100.0,0.0,0.0,4.0,,BenchmarkALPMatrix/integer-histogram/resets/n=120/buckets=8/time=regular/ALPv3/decode-float
scalar,BenchmarkALPMatrix,integer-histogram,resets,120,8,regular,ALPv3,encode,6,57583.0,57169.0,57899.0,2.083948387544935,183.39,10.9,0.479,479.0,477.35,1.593,99.87,17136.0,197.0,4.0,,BenchmarkALPMatrix/integer-histogram/resets/n=120/buckets=8/time=regular/ALPv3/encode
scalar,BenchmarkALPMatrix,integer-histogram,resets,120,8,regular,legacy,decode,6,5758.5,5741.0,5777.0,20.83876009377442,1833.855,9.775,0.04799,47.989999999999995,47.879999999999995,0.11483499999999999,100.0,64.0,8.0,4.0,,BenchmarkALPMatrix/integer-histogram/resets/n=120/buckets=8/time=regular/legacy/decode
scalar,BenchmarkALPMatrix,integer-histogram,resets,120,8,regular,legacy,decode-float,6,5926.0,5903.0,5970.0,20.24974687816402,1781.8899999999999,9.775,0.049385,49.385,49.225,0.15739999999999998,100.0,64.0,8.0,4.0,,BenchmarkALPMatrix/integer-histogram/resets/n=120/buckets=8/time=regular/legacy/decode-float
scalar,BenchmarkALPMatrix,integer-histogram,resets,120,8,regular,legacy,encode,6,17214.5,17107.0,17259.0,6.970867582561213,613.4449999999999,9.775,0.14325,143.25,142.75,0.53125,99.845,5872.0,49.0,4.0,,BenchmarkALPMatrix/integer-histogram/resets/n=120/buckets=8/time=regular/legacy/encode
scalar,BenchmarkALPMatrix,integer-histogram,smooth,1024,8,regular,ALPv3,decode,6,36897.0,36814.0,37099.0,27.752933842859854,2442.2799999999997,4.749,0.035965000000000004,35.965,35.64,0.32130000000000003,99.82499999999999,0.0,0.0,1.0,,BenchmarkALPMatrix/integer-histogram/smooth/n=1024/buckets=8/time=regular/ALPv3/decode
scalar,BenchmarkALPMatrix,integer-histogram,smooth,1024,8,regular,ALPv3,decode-float,6,37209.5,37049.0,37481.0,27.519853800776684,2421.785,4.749,0.036254999999999996,36.254999999999995,35.915,0.3368,99.82,0.0,0.0,1.0,,BenchmarkALPMatrix/integer-histogram/smooth/n=1024/buckets=8/time=regular/ALPv3/decode-float
scalar,BenchmarkALPMatrix,integer-histogram,smooth,1024,8,regular,ALPv3,encode,6,304516.5,302432.0,323842.0,3.3627077678877826,295.925,4.749,0.2963,296.3,293.65,2.7779999999999996,99.64500000000001,75824.0,73.0,1.0,,BenchmarkALPMatrix/integer-histogram/smooth/n=1024/buckets=8/time=regular/ALPv3/encode
scalar,BenchmarkALPMatrix,integer-histogram,smooth,1024,8,regular,legacy,decode,6,53425.0,53081.0,54555.0,19.167056621431914,1686.6999999999998,11.29,0.05208,52.08,51.605000000000004,0.46685,99.83,16.0,2.0,1.0,,BenchmarkALPMatrix/integer-histogram/smooth/n=1024/buckets=8/time=regular/legacy/decode
scalar,BenchmarkALPMatrix,integer-histogram,smooth,1024,8,regular,legacy,decode-float,6,55215.5,54808.0,56620.0,18.545517110231728,1632.0149999999999,11.29,0.053795,53.795,53.295,0.43835,99.765,16.0,2.0,1.0,,BenchmarkALPMatrix/integer-histogram/smooth/n=1024/buckets=8/time=regular/legacy/decode-float
scalar,BenchmarkALPMatrix,integer-histogram,smooth,1024,8,regular,legacy,encode,6,141301.5,139873.0,158630.0,7.246915283984954,637.735,11.29,0.13745,137.45,136.2,1.2845,99.615,47264.0,23.0,1.0,,BenchmarkALPMatrix/integer-histogram/smooth/n=1024/buckets=8/time=regular/legacy/encode
scalar,BenchmarkALPMatrix,integer-histogram,smooth,120,1031,regular,ALPv3,decode,6,234497.5,234244.0,235106.0,0.5117325344619879,4233.05,129.6,1.954,1954.0,1948.5,5.7509999999999994,100.0,0.0,0.0,1.0,,BenchmarkALPMatrix/integer-histogram/smooth/n=120/buckets=1031/time=regular/ALPv3/decode
scalar,BenchmarkALPMatrix,integer-histogram,smooth,120,1031,regular,ALPv3,decode-float,6,263885.0,263533.0,264100.0,0.45474354358906344,3761.645,129.6,2.199,2199.0,2193.5,6.2415,100.0,0.0,0.0,1.0,,BenchmarkALPMatrix/integer-histogram/smooth/n=120/buckets=1031/time=regular/ALPv3/decode-float
scalar,BenchmarkALPMatrix,integer-histogram,smooth,120,1031,regular,ALPv3,encode,6,1627792.5,1625100.0,1637340.0,0.07371946977271367,609.81,129.6,13.5585,13558.5,13529.5,29.21,99.955,253824.0,75.0,1.0,,BenchmarkALPMatrix/integer-histogram/smooth/n=120/buckets=1031/time=regular/ALPv3/encode
scalar,BenchmarkALPMatrix,integer-histogram,smooth,120,1031,regular,legacy,decode,6,340935.5,340647.0,341186.0,0.35197273384555144,2911.5150000000003,146.6,2.841,2841.0,2835.5,4.9555,99.99000000000001,16.0,2.0,1.0,,BenchmarkALPMatrix/integer-histogram/smooth/n=120/buckets=1031/time=regular/legacy/decode
scalar,BenchmarkALPMatrix,integer-histogram,smooth,120,1031,regular,legacy,decode-float,6,400415.5,400057.0,400955.0,0.2996886983645738,2479.0249999999996,146.6,3.3365,3336.5,3328.5,8.835,100.0,16.0,2.0,1.0,,BenchmarkALPMatrix/integer-histogram/smooth/n=120/buckets=1031/time=regular/legacy/decode-float
scalar,BenchmarkALPMatrix,integer-histogram,smooth,120,1031,regular,legacy,encode,6,935180.0,932754.0,937672.0,0.12831754314677388,1061.445,146.6,7.79,7790.0,7767.5,26.475,99.95,104736.0,25.0,1.0,,BenchmarkALPMatrix/integer-histogram/smooth/n=120/buckets=1031/time=regular/legacy/encode
scalar,BenchmarkALPMatrix,integer-histogram,smooth,120,128,regular,ALPv3,decode,6,31776.5,31587.0,31922.0,3.7763756234953503,3957.635,21.23,0.26444999999999996,264.45,262.04999999999995,2.4365,99.865,0.0,0.0,1.0,,BenchmarkALPMatrix/integer-histogram/smooth/n=120/buckets=128/time=regular/ALPv3/decode
scalar,BenchmarkALPMatrix,integer-histogram,smooth,120,128,regular,ALPv3,decode-float,6,33257.0,33080.0,33311.0,3.6082629220915896,3781.4849999999997,21.23,0.2763,276.3,273.65,2.7315,99.785,0.0,0.0,1.0,,BenchmarkALPMatrix/integer-histogram/smooth/n=120/buckets=128/time=regular/ALPv3/decode-float
scalar,BenchmarkALPMatrix,integer-histogram,smooth,120,128,regular,ALPv3,encode,6,231206.0,230248.0,232450.0,0.5190176725517504,543.9300000000001,21.23,1.924,1924.0,1905.0,19.205,99.84,32128.0,62.0,1.0,,BenchmarkALPMatrix/integer-histogram/smooth/n=120/buckets=128/time=regular/ALPv3/encode
scalar,BenchmarkALPMatrix,integer-histogram,smooth,120,128,regular,legacy,decode,6,45609.0,45453.0,46052.0,2.631059659277774,2757.365,25.07,0.3795,379.5,377.2,2.258,99.86500000000001,16.0,2.0,1.0,,BenchmarkALPMatrix/integer-histogram/smooth/n=120/buckets=128/time=regular/legacy/decode
scalar,BenchmarkALPMatrix,integer-histogram,smooth,120,128,regular,legacy,decode-float,6,50074.5,49891.0,50347.0,2.396429320312734,2511.455,25.07,0.4169,416.9,413.4,3.5015,99.91,16.0,2.0,1.0,,BenchmarkALPMatrix/integer-histogram/smooth/n=120/buckets=128/time=regular/legacy/decode-float
scalar,BenchmarkALPMatrix,integer-histogram,smooth,120,128,regular,legacy,encode,6,128603.0,128250.0,128860.0,0.9331042044120277,977.895,25.07,1.0695,1069.5,1058.0,11.32,99.81,11040.0,18.0,1.0,,BenchmarkALPMatrix/integer-histogram/smooth/n=120/buckets=128/time=regular/legacy/encode
scalar,BenchmarkALPMatrix,integer-histogram,smooth,120,8,regular,ALPv1,decode,6,4062.0,4057.0,4093.0,29.542097488921712,2599.73,11.71,0.03386,33.86,33.760000000000005,0.093525,100.0,0.0,0.0,1.0,,BenchmarkALPMatrix/integer-histogram/smooth/n=120/buckets=8/time=regular/ALPv1/decode
scalar,BenchmarkALPMatrix,integer-histogram,smooth,120,8,regular,ALPv1,decode-cold,6,6877.5,6837.0,6910.0,17.448200654307524,1535.395,11.71,0.056595,56.595,56.28,0.33440000000000003,98.75999999999999,12080.0,16.0,1.0,,BenchmarkALPMatrix/integer-histogram/smooth/n=120/buckets=8/time=regular/ALPv1/decode-cold
scalar,BenchmarkALPMatrix,integer-histogram,smooth,120,8,regular,ALPv1,decode-float,6,4189.5,4185.0,4192.0,28.643036161833155,2520.455,11.71,0.03492,34.92,34.82,0.096715,100.0,0.0,0.0,1.0,,BenchmarkALPMatrix/integer-histogram/smooth/n=120/buckets=8/time=regular/ALPv1/decode-float
scalar,BenchmarkALPMatrix,integer-histogram,smooth,120,8,regular,ALPv1,encode,6,34756.0,34724.0,34932.0,3.4526412705719878,303.84000000000003,11.71,0.28929999999999995,289.29999999999995,288.35,0.8988499999999999,99.88,10432.0,57.0,1.0,,BenchmarkALPMatrix/integer-histogram/smooth/n=120/buckets=8/time=regular/ALPv1/encode
scalar,BenchmarkALPMatrix,integer-histogram,smooth,120,8,regular,ALPv3,decode,6,4369.0,4342.0,4417.0,27.466239414053558,2416.96,5.825,0.036414999999999996,36.415,36.325,0.08052000000000001,100.0,0.0,0.0,1.0,,BenchmarkALPMatrix/integer-histogram/smooth/n=120/buckets=8/time=regular/ALPv3/decode
scalar,BenchmarkALPMatrix,integer-histogram,smooth,120,8,regular,ALPv3,decode-cold,6,6662.5,6593.0,6717.0,18.01125703564728,1585.0149999999999,5.825,0.05534,55.34,55.09,0.2251,99.64500000000001,4272.0,16.0,1.0,,BenchmarkALPMatrix/integer-histogram/smooth/n=120/buckets=8/time=regular/ALPv3/decode-cold
scalar,BenchmarkALPMatrix,integer-histogram,smooth,120,8,regular,ALPv3,decode-float,6,4424.0,4412.0,4427.0,27.124773960217,2387.125,5.825,0.03687,36.87,36.77,0.098235,100.0,0.0,0.0,1.0,,BenchmarkALPMatrix/integer-histogram/smooth/n=120/buckets=8/time=regular/ALPv3/decode-float
scalar,BenchmarkALPMatrix,integer-histogram,smooth,120,8,regular,ALPv3,encode,6,35335.5,35091.0,35421.0,3.3960181686972026,298.85,5.825,0.29385,293.85,292.5,1.04165,99.89500000000001,8688.0,56.0,1.0,,BenchmarkALPMatrix/integer-histogram/smooth/n=120/buckets=8/time=regular/ALPv3/encode
scalar,BenchmarkALPMatrix,integer-histogram,smooth,120,8,regular,legacy,decode,6,5090.5,5068.0,5106.0,23.57332285630095,2074.48,8.917,0.04243,42.43,42.285,0.12785,100.0,16.0,2.0,1.0,,BenchmarkALPMatrix/integer-histogram/smooth/n=120/buckets=8/time=regular/legacy/decode
scalar,BenchmarkALPMatrix,integer-histogram,smooth,120,8,regular,legacy,decode-cold,6,5995.5,5944.0,6075.0,20.01501125844383,1761.32,8.917,0.049935,49.935,49.78,0.18625,99.95,880.0,15.0,1.0,,BenchmarkALPMatrix/integer-histogram/smooth/n=120/buckets=8/time=regular/legacy/decode-cold
scalar,BenchmarkALPMatrix,integer-histogram,smooth,120,8,regular,legacy,decode-float,6,5237.5,5235.0,5242.0,22.911694510739856,2016.205,8.917,0.043644999999999996,43.644999999999996,43.56,0.072825,100.0,16.0,2.0,1.0,,BenchmarkALPMatrix/integer-histogram/smooth/n=120/buckets=8/time=regular/legacy/decode-float
scalar,BenchmarkALPMatrix,integer-histogram,smooth,120,8,regular,legacy,encode,6,15025.5,14894.0,15090.0,7.9864230807627035,702.825,8.917,0.1251,125.1,124.75,0.38185,99.9,4000.0,16.0,1.0,,BenchmarkALPMatrix/integer-histogram/smooth/n=120/buckets=8/time=regular/legacy/encode
scalar,BenchmarkALPMatrix,integer-histogram,smooth,32,8,regular,ALPv3,decode,6,1271.0,1269.0,1281.0,25.177025963808024,2215.295,10.34,0.039735,39.735,39.63,0.091185,100.0,0.0,0.0,1.0,,BenchmarkALPMatrix/integer-histogram/smooth/n=32/buckets=8/time=regular/ALPv3/decode
scalar,BenchmarkALPMatrix,integer-histogram,smooth,32,8,regular,ALPv3,decode-float,6,1288.0,1287.0,1291.0,24.84472049689441,2186.15,10.34,0.04025499999999999,40.254999999999995,40.15,0.099695,100.0,0.0,0.0,1.0,,BenchmarkALPMatrix/integer-histogram/smooth/n=32/buckets=8/time=regular/ALPv3/decode-float
scalar,BenchmarkALPMatrix,integer-histogram,smooth,32,8,regular,ALPv3,encode,6,14772.0,14672.0,14901.0,2.166260492824262,190.63,10.34,0.461,461.0,459.7,1.346,99.86500000000001,4512.0,51.0,1.0,,BenchmarkALPMatrix/integer-histogram/smooth/n=32/buckets=8/time=regular/ALPv3/encode
scalar,BenchmarkALPMatrix,integer-histogram,smooth,32,8,regular,legacy,decode,6,1505.5,1501.0,1511.0,21.255396878113583,1870.35,9.719,0.047045000000000003,47.045,46.96,0.082755,100.0,16.0,2.0,1.0,,BenchmarkALPMatrix/integer-histogram/smooth/n=32/buckets=8/time=regular/legacy/decode
scalar,BenchmarkALPMatrix,integer-histogram,smooth,32,8,regular,legacy,decode-float,6,1548.5,1543.0,1557.0,20.665159832095576,1818.27,9.719,0.0484,48.4,48.225,0.1455,100.0,16.0,2.0,1.0,,BenchmarkALPMatrix/integer-histogram/smooth/n=32/buckets=8/time=regular/legacy/decode-float
scalar,BenchmarkALPMatrix,integer-histogram,smooth,32,8,regular,legacy,encode,6,4546.0,4496.0,4554.0,7.039155301363836,619.49,9.719,0.1418,141.8,141.4,0.4315,99.82,1696.0,14.0,1.0,,BenchmarkALPMatrix/integer-histogram/smooth/n=32/buckets=8/time=regular/legacy/encode
scalar,BenchmarkALPMatrix,integer-histogram,stale,120,128,regular,ALPv3,decode,6,36894.0,36562.0,37044.0,3.252561392096276,3242.1800000000003,62.02,0.30654999999999993,306.54999999999995,303.55,3.2735000000000003,99.72,6240.0,24.0,6.0,,BenchmarkALPMatrix/integer-histogram/stale/n=120/buckets=128/time=regular/ALPv3/decode
scalar,BenchmarkALPMatrix,integer-histogram,stale,120,128,regular,ALPv3,decode-float,6,38126.0,38069.0,38858.0,3.1474584273199393,3137.395,62.02,0.31705,317.05,314.04999999999995,3.05,99.76,6240.0,24.0,6.0,,BenchmarkALPMatrix/integer-histogram/stale/n=120/buckets=128/time=regular/ALPv3/decode-float
scalar,BenchmarkALPMatrix,integer-histogram,stale,120,128,regular,ALPv3,encode,6,290889.5,284196.0,294185.0,0.412527781167763,411.205,62.02,2.3905,2390.5,2368.5,24.875,99.265,107024.0,320.0,6.0,,BenchmarkALPMatrix/integer-histogram/stale/n=120/buckets=128/time=regular/ALPv3/encode
scalar,BenchmarkALPMatrix,integer-histogram,stale,120,128,regular,legacy,decode,6,52463.0,52200.0,53066.0,2.287326306158626,2280.0249999999996,36.73,0.43639999999999995,436.4,433.45,3.092,99.84,7296.0,42.0,6.0,,BenchmarkALPMatrix/integer-histogram/stale/n=120/buckets=128/time=regular/legacy/decode
scalar,BenchmarkALPMatrix,integer-histogram,stale,120,128,regular,legacy,decode-float,6,57231.5,56889.0,123395.0,2.09674742056385,2090.055,36.73,0.4761,476.1,471.54999999999995,4.614,99.8,7296.0,42.0,6.0,,BenchmarkALPMatrix/integer-histogram/stale/n=120/buckets=128/time=regular/legacy/decode-float
scalar,BenchmarkALPMatrix,integer-histogram,stale,120,128,regular,legacy,encode,6,134343.0,133744.0,135089.0,0.8932359706125366,890.38,36.73,1.116,1116.0,1104.5,11.665,99.675,25616.0,78.0,6.0,,BenchmarkALPMatrix/integer-histogram/stale/n=120/buckets=128/time=regular/legacy/encode
scalar,BenchmarkALPMatrix,integer-histogram,stale,120,8,regular,ALPv3,decode,6,6517.0,6308.0,6700.0,18.413380389749886,1561.425,20.02,0.054079999999999996,54.08,53.644999999999996,0.5487,99.85,480.0,24.0,6.0,,BenchmarkALPMatrix/integer-histogram/stale/n=120/buckets=8/time=regular/ALPv3/decode
scalar,BenchmarkALPMatrix,integer-histogram,stale,120,8,regular,ALPv3,decode-float,6,6358.0,6222.0,6824.0,18.87385970430953,1600.51,20.02,0.05292,52.92,52.44,0.48845000000000005,99.875,480.0,24.0,6.0,,BenchmarkALPMatrix/integer-histogram/stale/n=120/buckets=8/time=regular/ALPv3/decode-float
scalar,BenchmarkALPMatrix,integer-histogram,stale,120,8,regular,ALPv3,encode,6,74461.5,74097.0,75275.0,1.611571080356963,136.66,20.02,0.61825,618.25,611.5,6.6815,99.605,24176.0,293.0,6.0,,BenchmarkALPMatrix/integer-histogram/stale/n=120/buckets=8/time=regular/ALPv3/encode
scalar,BenchmarkALPMatrix,integer-histogram,stale,120,8,regular,legacy,decode,6,7609.0,7522.0,7672.0,15.77079773951899,1337.4099999999999,11.05,0.063265,63.265,62.95,0.48919999999999997,99.74000000000001,1536.0,42.0,6.0,,BenchmarkALPMatrix/integer-histogram/stale/n=120/buckets=8/time=regular/legacy/decode
scalar,BenchmarkALPMatrix,integer-histogram,stale,120,8,regular,legacy,decode-float,6,7890.5,7866.0,7972.0,15.208161713452887,1289.665,11.05,0.065625,65.625,65.005,0.6179,99.805,1536.0,42.0,6.0,,BenchmarkALPMatrix/integer-histogram/stale/n=120/buckets=8/time=regular/legacy/decode-float
scalar,BenchmarkALPMatrix,integer-histogram,stale,120,8,regular,legacy,encode,6,18309.0,18190.0,18435.0,6.554153694904145,555.79,11.05,0.15209999999999999,152.1,150.75,1.409,99.72999999999999,5648.0,66.0,6.0,,BenchmarkALPMatrix/integer-histogram/stale/n=120/buckets=8/time=regular/legacy/encode
scalar,BenchmarkALPMatrixTranscode,float-histogram,fractional,120,8,regular,adaptive,transcode,6,34147.0,33852.0,34732.0,3.514217940082584,309.255,23.66,0.28379999999999994,283.79999999999995,280.65,2.409,99.67500000000001,4362.0,16.0,,100.0,BenchmarkALPMatrixTranscode/float-histogram/fractional/n=120/buckets=8/time=regular/adaptive
scalar,BenchmarkALPMatrixTranscode,float-histogram,fractional,120,8,regular,forced,transcode,6,33950.5,33683.0,35999.0,3.534557664835569,311.03499999999997,23.66,0.2824,282.4,279.65,3.1079999999999997,99.815,4362.0,16.0,,100.0,BenchmarkALPMatrixTranscode/float-histogram/fractional/n=120/buckets=8/time=regular/forced
scalar,BenchmarkALPMatrixTranscode,float-histogram,noisy-fractional,120,128,regular,adaptive,transcode,6,957898.0,948666.0,972795.0,0.12527429851612593,131.285,832.6,7.933,7933.0,7889.0,54.875,99.38,623660.0,40.0,,100.0,BenchmarkALPMatrixTranscode/float-histogram/noisy-fractional/n=120/buckets=128/time=regular/adaptive
scalar,BenchmarkALPMatrixTranscode,float-histogram,noisy-fractional,120,128,regular,forced,transcode,6,966632.5,952650.0,972651.0,0.12414231882333772,130.10500000000002,832.6,8.0115,8011.5,7934.5,74.89500000000001,99.435,623660.0,40.0,,100.0,BenchmarkALPMatrixTranscode/float-histogram/noisy-fractional/n=120/buckets=128/time=regular/forced
scalar,BenchmarkALPMatrixTranscode,float,computed,120,0,regular,adaptive,transcode,6,116.75,116.1,117.9,1027.8372591006423,8221.345,7.142,0.0009720999999999999,0.9721,0.96445,0.007914000000000001,99.88,16.0,0.0,,0.0,BenchmarkALPMatrixTranscode/float/computed/n=120/buckets=0/time=regular/adaptive
scalar,BenchmarkALPMatrixTranscode,float,computed,120,0,regular,forced,transcode,6,10055.5,9973.0,10143.0,11.933767589876187,95.47,6.808,0.083685,83.685,82.95,0.7393000000000001,99.87,1136.0,3.0,,100.0,BenchmarkALPMatrixTranscode/float/computed/n=120/buckets=0/time=regular/forced
scalar,BenchmarkALPMatrixTranscode,float,decimal2,120,0,regular,adaptive,transcode,6,2572.5,2569.0,2586.0,46.647230320699705,373.20500000000004,1.375,0.021365000000000002,21.365000000000002,21.215,0.1355,99.625,944.0,3.0,,100.0,BenchmarkALPMatrixTranscode/float/decimal2/n=120/buckets=0/time=regular/adaptive
scalar,BenchmarkALPMatrixTranscode,float,decimal2,120,0,regular,forced,transcode,6,2535.5,2498.0,2558.0,47.327943206468156,378.64,1.375,0.021064999999999997,21.064999999999998,20.875,0.1953,99.68,944.0,3.0,,100.0,BenchmarkALPMatrixTranscode/float/decimal2/n=120/buckets=0/time=regular/forced
scalar,BenchmarkALPMatrixTranscode,float,random-bits,120,0,regular,adaptive,transcode,6,64.86500000000001,63.73,66.13,1849.9961458413625,14800.14,8.517,0.0005363,0.5363,0.5339499999999999,0.003262,99.61500000000001,16.0,0.0,,0.0,BenchmarkALPMatrixTranscode/float/random-bits/n=120/buckets=0/time=regular/adaptive
scalar,BenchmarkALPMatrixTranscode,float,random-bits,120,0,regular,forced,transcode,6,12819.5,12758.0,12938.0,9.360739498420376,74.88499999999999,8.333,0.1066,106.6,105.6,1.00895,99.805,1264.0,3.0,,100.0,BenchmarkALPMatrixTranscode/float/random-bits/n=120/buckets=0/time=regular/forced
scalar,BenchmarkALPMatrixTranscode,integer-histogram,bursty,120,128,regular,adaptive,transcode,6,189097.5,188744.0,189810.0,0.6345932653789712,665.0550000000001,94.92,1.573,1573.0,1561.5,11.46,99.795,20591.0,16.0,,0.0,BenchmarkALPMatrixTranscode/integer-histogram/bursty/n=120/buckets=128/time=regular/adaptive
scalar,BenchmarkALPMatrixTranscode,integer-histogram,bursty,120,128,regular,forced,transcode,6,190275.0,188641.0,192794.0,0.6306661411115491,660.9449999999999,131.3,1.5785,1578.5,1568.0,10.899999999999999,99.815,20591.5,16.0,,100.0,BenchmarkALPMatrixTranscode/integer-histogram/bursty/n=120/buckets=128/time=regular/forced
scalar,BenchmarkALPMatrixTranscode,integer-histogram,smooth,120,8,regular,adaptive,transcode,6,19528.5,19302.0,19803.0,6.14486519701974,540.76,5.825,0.16219999999999998,162.2,161.3,0.9669,99.815,2024.0,16.0,,100.0,BenchmarkALPMatrixTranscode/integer-histogram/smooth/n=120/buckets=8/time=regular/adaptive
scalar,BenchmarkALPMatrixTranscode,integer-histogram,smooth,120,8,regular,forced,transcode,6,19342.5,19098.0,19527.0,6.203955021326095,545.95,5.825,0.1608,160.8,159.0,1.9144999999999999,99.77,2024.0,16.0,,100.0,BenchmarkALPMatrixTranscode/integer-histogram/smooth/n=120/buckets=8/time=regular/forced
simd,BenchmarkALPMatrix,float-histogram,bursty,1024,8,regular,ALPv3,decode,6,24362.0,24258.0,24625.0,42.032673836302436,3698.875,25.34,0.02375,23.75,23.525,0.2279,99.86,0.0,0.0,1.0,,BenchmarkALPMatrix/float-histogram/bursty/n=1024/buckets=8/time=regular/ALPv3/decode
simd,BenchmarkALPMatrix,float-histogram,bursty,1024,8,regular,ALPv3,encode,6,576791.0,564325.0,603768.0,1.7753397677841714,156.23000000000002,25.34,0.56055,560.55,555.55,4.8735,99.41,274224.0,81.0,1.0,,BenchmarkALPMatrix/float-histogram/bursty/n=1024/buckets=8/time=regular/ALPv3/encode
simd,BenchmarkALPMatrix,float-histogram,bursty,1024,8,regular,legacy,decode,6,83892.0,83572.0,84135.0,12.206169837410004,1074.145,24.82,0.08179499999999999,81.79499999999999,80.985,0.78715,99.89,16.0,2.0,1.0,,BenchmarkALPMatrix/float-histogram/bursty/n=1024/buckets=8/time=regular/legacy/decode
simd,BenchmarkALPMatrix,float-histogram,bursty,1024,8,regular,legacy,encode,6,238875.0,236428.0,242840.0,4.28676085818943,377.235,24.82,0.23165,231.65,229.25,2.4205,99.47,114032.0,24.0,1.0,,BenchmarkALPMatrix/float-histogram/bursty/n=1024/buckets=8/time=regular/legacy/encode
simd,BenchmarkALPMatrix,float-histogram,bursty,120,128,regular,ALPv3,decode,6,21168.0,21130.0,21320.0,5.668934240362812,5941.11,230.2,0.17645,176.45,176.0,0.4254,100.0,0.0,0.0,1.0,,BenchmarkALPMatrix/float-histogram/bursty/n=120/buckets=128/time=regular/ALPv3/decode
simd,BenchmarkALPMatrix,float-histogram,bursty,120,128,regular,ALPv3,encode,6,493357.5,488332.0,507743.0,0.24323132819507154,254.91,230.2,4.0965,4096.5,4082.5,14.115,99.705,234064.0,72.0,1.0,,BenchmarkALPMatrix/float-histogram/bursty/n=120/buckets=128/time=regular/ALPv3/encode
simd,BenchmarkALPMatrix,float-histogram,bursty,120,128,regular,legacy,decode,6,77990.0,76254.0,81949.0,1.5386588024105654,1612.695,169.2,0.6498999999999999,649.9,648.9,1.1999,99.995,16.0,2.0,1.0,,BenchmarkALPMatrix/float-histogram/bursty/n=120/buckets=128/time=regular/legacy/decode
simd,BenchmarkALPMatrix,float-histogram,bursty,120,128,regular,legacy,encode,6,267958.5,264791.0,291080.0,0.4478305409233146,469.335,169.2,2.2255,2225.5,2220.0,7.522,99.82499999999999,87280.0,23.0,1.0,,BenchmarkALPMatrix/float-histogram/bursty/n=120/buckets=128/time=regular/legacy/encode
simd,BenchmarkALPMatrix,float-histogram,bursty,120,8,regular,ALPv3,decode,6,2921.0,2904.0,2940.0,41.08182129407737,3615.375,22.76,0.02432,24.32,24.09,0.24495,99.88499999999999,0.0,0.0,1.0,,BenchmarkALPMatrix/float-histogram/bursty/n=120/buckets=8/time=regular/ALPv3/decode
simd,BenchmarkALPMatrix,float-histogram,bursty,120,8,regular,ALPv3,encode,6,53774.5,53287.0,54219.0,2.231540972022055,196.375,22.76,0.44625,446.25,441.35,4.247,99.6,23152.0,57.0,1.0,,BenchmarkALPMatrix/float-histogram/bursty/n=120/buckets=8/time=regular/ALPv3/encode
simd,BenchmarkALPMatrix,float-histogram,bursty,120,8,regular,legacy,decode,6,7574.5,7536.0,7607.0,15.842629876559508,1394.12,20.66,0.06308,63.08,62.65,0.39344999999999997,99.92,16.0,2.0,1.0,,BenchmarkALPMatrix/float-histogram/bursty/n=120/buckets=8/time=regular/legacy/decode
simd,BenchmarkALPMatrix,float-histogram,bursty,120,8,regular,legacy,encode,6,27164.0,26963.0,27247.0,4.417611544691503,388.75,20.66,0.22565000000000002,225.65,223.45,2.2135,99.69,9072.0,16.0,1.0,,BenchmarkALPMatrix/float-histogram/bursty/n=120/buckets=8/time=regular/legacy/encode
simd,BenchmarkALPMatrix,float-histogram,bursty,32,8,regular,ALPv3,decode,6,824.2,820.9,826.2,38.82552778451832,3416.665,23.34,0.025755000000000004,25.755000000000003,25.67,0.10605,100.0,0.0,0.0,1.0,,BenchmarkALPMatrix/float-histogram/bursty/n=32/buckets=8/time=regular/ALPv3/decode
simd,BenchmarkALPMatrix,float-histogram,bursty,32,8,regular,ALPv3,encode,6,19678.0,19626.0,19759.0,1.6261815225124505,143.1,23.34,0.6140999999999999,614.0999999999999,611.4,2.6745,99.82499999999999,6848.0,49.0,1.0,,BenchmarkALPMatrix/float-histogram/bursty/n=32/buckets=8/time=regular/ALPv3/encode
simd,BenchmarkALPMatrix,float-histogram,bursty,32,8,regular,legacy,decode,6,2060.0,2058.0,2065.0,15.533980582524272,1367.02,21.62,0.064375,64.375,64.22,0.17835,100.0,16.0,2.0,1.0,,BenchmarkALPMatrix/float-histogram/bursty/n=32/buckets=8/time=regular/legacy/decode
simd,BenchmarkALPMatrix,float-histogram,bursty,32,8,regular,legacy,encode,6,7874.5,7850.0,7903.0,4.063750079370119,357.625,21.62,0.2457,245.7,244.39999999999998,1.095,99.86500000000001,2544.0,13.0,1.0,,BenchmarkALPMatrix/float-histogram/bursty/n=32/buckets=8/time=regular/legacy/encode
simd,BenchmarkALPMatrix,float-histogram,fractional,120,128,regular,ALPv3,decode,6,21063.5,20855.0,21109.0,5.69705889334631,5970.445,225.1,0.17425,174.25,172.15,2.0975,99.47,0.0,0.0,1.0,,BenchmarkALPMatrix/float-histogram/fractional/n=120/buckets=128/time=regular/ALPv3/decode
simd,BenchmarkALPMatrix,float-histogram,fractional,120,128,regular,ALPv3,encode,6,800376.0,782450.0,844410.0,0.14992953311943386,157.13,225.1,6.596,6596.0,6501.0,93.95500000000001,98.835,662736.0,78.0,1.0,,BenchmarkALPMatrix/float-histogram/fractional/n=120/buckets=128/time=regular/ALPv3/encode
simd,BenchmarkALPMatrix,float-histogram,fractional,120,128,regular,legacy,decode,6,127126.5,126396.0,127767.0,0.9439416644051397,989.25,943.0,1.058,1058.0,1049.5,8.1415,99.93,16.0,2.0,1.0,,BenchmarkALPMatrix/float-histogram/fractional/n=120/buckets=128/time=regular/legacy/decode
simd,BenchmarkALPMatrix,float-histogram,fractional,120,128,regular,legacy,encode,6,445655.5,441465.0,462451.0,0.2692662830370095,282.19500000000005,943.0,3.67,3670.0,3627.5,43.995000000000005,98.71000000000001,517360.0,29.0,1.0,,BenchmarkALPMatrix/float-histogram/fractional/n=120/buckets=128/time=regular/legacy/encode
simd,BenchmarkALPMatrix,float-histogram,fractional,120,8,regular,ALPv3,decode,6,3036.5,3017.0,3215.0,39.519183270212416,3477.2299999999996,32.19,0.025225,25.225,24.96,0.27905,99.685,0.0,0.0,1.0,,BenchmarkALPMatrix/float-histogram/fractional/n=120/buckets=8/time=regular/ALPv3/decode
simd,BenchmarkALPMatrix,float-histogram,fractional,120,8,regular,ALPv3,encode,6,88021.0,87262.0,92368.0,1.3633110280501244,119.97,32.19,0.728,728.0,719.4,8.605,99.16,66416.0,63.0,1.0,,BenchmarkALPMatrix/float-histogram/fractional/n=120/buckets=8/time=regular/ALPv3/encode
simd,BenchmarkALPMatrix,float-histogram,fractional,120,8,regular,legacy,decode,6,11140.0,11099.0,11985.0,10.771992818671455,947.95,79.88,0.09266999999999999,92.66999999999999,92.11500000000001,0.68015,99.775,16.0,2.0,1.0,,BenchmarkALPMatrix/float-histogram/fractional/n=120/buckets=8/time=regular/legacy/decode
simd,BenchmarkALPMatrix,float-histogram,fractional,120,8,regular,legacy,encode,6,40230.5,40066.0,40345.0,2.982811548452045,262.49,79.88,0.332,332.0,327.6,4.0695,99.03999999999999,47216.0,21.0,1.0,,BenchmarkALPMatrix/float-histogram/fractional/n=120/buckets=8/time=regular/legacy/encode
simd,BenchmarkALPMatrix,float-histogram,gauge,120,128,regular,ALPv3,decode,6,22983.0,22837.0,23174.0,5.221250489492234,5471.965,249.4,0.19125,191.25,189.8,1.6385,99.83500000000001,0.0,0.0,1.0,,BenchmarkALPMatrix/float-histogram/gauge/n=120/buckets=128/time=regular/ALPv3/decode
simd,BenchmarkALPMatrix,float-histogram,gauge,120,128,regular,ALPv3,encode,6,508240.0,500197.0,509152.0,0.23610892491736188,247.44,249.4,4.208,4208.0,4165.5,44.66,99.33,350656.0,313.0,1.0,,BenchmarkALPMatrix/float-histogram/gauge/n=120/buckets=128/time=regular/ALPv3/encode
simd,BenchmarkALPMatrix,float-histogram,gauge,120,128,regular,legacy,decode,6,102499.0,101977.0,102545.0,1.1707431292012604,1226.94,323.6,0.85245,852.45,845.9,5.487500000000001,99.81,16.0,2.0,1.0,,BenchmarkALPMatrix/float-histogram/gauge/n=120/buckets=128/time=regular/legacy/decode
simd,BenchmarkALPMatrix,float-histogram,gauge,120,128,regular,legacy,encode,6,275762.0,271750.0,291702.0,0.43515785351136127,456.04499999999996,323.6,2.2815,2281.5,2255.0,26.450000000000003,99.05000000000001,158816.0,263.0,1.0,,BenchmarkALPMatrix/float-histogram/gauge/n=120/buckets=128/time=regular/legacy/encode
simd,BenchmarkALPMatrix,float-histogram,gauge,120,8,regular,ALPv3,decode,6,2766.5,2761.0,2796.0,43.376106994397254,3817.065,23.96,0.02302,23.02,22.87,0.19635,99.815,0.0,0.0,1.0,,BenchmarkALPMatrix/float-histogram/gauge/n=120/buckets=8/time=regular/ALPv3/decode
simd,BenchmarkALPMatrix,float-histogram,gauge,120,8,regular,ALPv3,encode,6,54602.5,54195.0,55050.0,2.197701570440914,193.395,23.96,0.45215,452.15,448.15,4.664,99.4,29152.0,296.0,1.0,,BenchmarkALPMatrix/float-histogram/gauge/n=120/buckets=8/time=regular/ALPv3/encode
simd,BenchmarkALPMatrix,float-histogram,gauge,120,8,regular,legacy,decode,6,9027.5,8986.0,9060.0,13.292716698975353,1169.7600000000002,30.62,0.07512,75.12,74.565,0.59455,99.83,16.0,2.0,1.0,,BenchmarkALPMatrix/float-histogram/gauge/n=120/buckets=8/time=regular/legacy/decode
simd,BenchmarkALPMatrix,float-histogram,gauge,120,8,regular,legacy,encode,6,27507.0,27319.0,27751.0,4.362525902497546,383.905,30.62,0.2278,227.8,225.5,2.346,99.525,15072.0,255.0,1.0,,BenchmarkALPMatrix/float-histogram/gauge/n=120/buckets=8/time=regular/legacy/encode
simd,BenchmarkALPMatrix,float-histogram,layout,120,128,regular,ALPv3,decode,6,16352.5,16343.0,16416.0,7.338327472863477,7749.295,253.0,0.1363,136.3,135.95,0.32999999999999996,100.0,0.0,0.0,2.0,,BenchmarkALPMatrix/float-histogram/layout/n=120/buckets=128/time=regular/ALPv3/decode
simd,BenchmarkALPMatrix,float-histogram,layout,120,128,regular,ALPv3,encode,6,486435.0,479406.0,490267.0,0.2466927749853526,260.51,253.0,4.0385,4038.5,4026.0,14.530000000000001,99.63499999999999,263112.0,133.0,2.0,,BenchmarkALPMatrix/float-histogram/layout/n=120/buckets=128/time=regular/ALPv3/encode
simd,BenchmarkALPMatrix,float-histogram,layout,120,128,regular,legacy,decode,6,99969.5,99906.0,101044.0,1.2003661116640576,1267.59,186.3,0.8331,833.0999999999999,831.6,1.522,100.0,32.0,4.0,2.0,,BenchmarkALPMatrix/float-histogram/layout/n=120/buckets=128/time=regular/legacy/decode
simd,BenchmarkALPMatrix,float-histogram,layout,120,128,regular,legacy,encode,6,283443.5,281812.0,287461.0,0.42336479756988604,447.08,186.3,2.358,2358.0,2351.0,7.0015,99.81,98248.0,41.0,2.0,,BenchmarkALPMatrix/float-histogram/layout/n=120/buckets=128/time=regular/legacy/encode
simd,BenchmarkALPMatrix,float-histogram,layout,120,8,regular,ALPv3,decode,6,3083.5,3072.0,3105.0,38.916815307280686,3736.035,20.47,0.02568,25.68,25.439999999999998,0.23545,99.895,0.0,0.0,2.0,,BenchmarkALPMatrix/float-histogram/layout/n=120/buckets=8/time=regular/ALPv3/decode
simd,BenchmarkALPMatrix,float-histogram,layout,120,8,regular,ALPv3,encode,6,66731.5,66099.0,67252.0,1.7982512007073121,172.635,20.47,0.55425,554.25,549.25,5.006,99.685,19112.0,102.0,2.0,,BenchmarkALPMatrix/float-histogram/layout/n=120/buckets=8/time=regular/ALPv3/encode
simd,BenchmarkALPMatrix,float-histogram,layout,120,8,regular,legacy,decode,6,9864.5,9818.0,9900.0,12.164833493841552,1167.795,22.52,0.08202000000000001,82.02000000000001,81.33,0.7638,99.86,32.0,4.0,2.0,,BenchmarkALPMatrix/float-histogram/layout/n=120/buckets=8/time=regular/legacy/decode
simd,BenchmarkALPMatrix,float-histogram,layout,120,8,regular,legacy,encode,6,32022.5,31746.0,32245.0,3.7473651338902334,359.75,22.52,0.2657,265.7,263.0,2.6995,99.64500000000001,7656.0,27.0,2.0,,BenchmarkALPMatrix/float-histogram/layout/n=120/buckets=8/time=regular/legacy/encode
simd,BenchmarkALPMatrix,float-histogram,noisy-fractional,120,128,regular,ALPv3,decode,6,36308.0,36048.0,36724.0,3.305056736807315,3463.7200000000003,832.6,0.30225,302.25,300.7,0.9736,99.89,0.0,0.0,1.0,,BenchmarkALPMatrix/float-histogram/noisy-fractional/n=120/buckets=128/time=regular/ALPv3/decode
simd,BenchmarkALPMatrix,float-histogram,noisy-fractional,120,128,regular,ALPv3,encode,6,1121376.5,1097005.0,1200216.0,0.10701133829717316,112.155,832.6,9.212,9212.0,9134.0,86.165,98.58000000000001,1143376.0,83.0,1.0,,BenchmarkALPMatrix/float-histogram/noisy-fractional/n=120/buckets=128/time=regular/ALPv3/encode
simd,BenchmarkALPMatrix,float-histogram,noisy-fractional,120,128,regular,legacy,decode,6,126503.5,125916.0,127089.0,0.9485903552075634,994.125,940.9,1.0525,1052.5,1049.5,3.0055,99.88,16.0,2.0,1.0,,BenchmarkALPMatrix/float-histogram/noisy-fractional/n=120/buckets=128/time=regular/legacy/decode
simd,BenchmarkALPMatrix,float-histogram,noisy-fractional,120,128,regular,legacy,encode,6,428801.0,425193.0,438659.0,0.27985009363317714,293.28,940.9,3.5315,3531.5,3513.5,20.25,98.83,517360.0,29.0,1.0,,BenchmarkALPMatrix/float-histogram/noisy-fractional/n=120/buckets=128/time=regular/legacy/encode
simd,BenchmarkALPMatrix,float-histogram,noisy-fractional,120,8,regular,ALPv3,decode,6,4416.5,4382.0,4466.0,27.17083663534473,2391.115,73.67,0.036815,36.815,36.644999999999996,0.15115,100.0,0.0,0.0,1.0,,BenchmarkALPMatrix/float-histogram/noisy-fractional/n=120/buckets=8/time=regular/ALPv3/decode
simd,BenchmarkALPMatrix,float-histogram,noisy-fractional,120,8,regular,ALPv3,encode,6,102981.5,102587.0,106666.0,1.165257837572768,102.545,73.67,0.853,853.0,847.2,4.965,99.375,93552.0,66.0,1.0,,BenchmarkALPMatrix/float-histogram/noisy-fractional/n=120/buckets=8/time=regular/ALPv3/encode
simd,BenchmarkALPMatrix,float-histogram,noisy-fractional,120,8,regular,legacy,decode,6,10962.5,10915.0,11011.0,10.946408209806158,963.3050000000001,79.34,0.09136000000000001,91.36000000000001,91.12,0.2609,100.0,16.0,2.0,1.0,,BenchmarkALPMatrix/float-histogram/noisy-fractional/n=120/buckets=8/time=regular/legacy/decode
simd,BenchmarkALPMatrix,float-histogram,noisy-fractional,120,8,regular,legacy,encode,6,34995.5,34756.0,39873.0,3.429012301581632,301.75,79.34,0.28885,288.85,286.25,2.6195000000000004,99.035,47216.0,21.0,1.0,,BenchmarkALPMatrix/float-histogram/noisy-fractional/n=120/buckets=8/time=regular/legacy/encode
simd,BenchmarkALPMatrix,float-histogram,resets,120,128,regular,ALPv3,decode,6,16891.5,16837.0,16992.0,7.104164816623745,7445.115,222.7,0.1406,140.6,139.45,1.1925,99.85,0.0,0.0,4.0,,BenchmarkALPMatrix/float-histogram/resets/n=120/buckets=128/time=regular/ALPv3/decode
simd,BenchmarkALPMatrix,float-histogram,resets,120,128,regular,ALPv3,encode,6,534884.5,531965.0,542810.0,0.22434749931994663,235.12,222.7,4.4345,4434.5,4395.5,41.58,99.525,250096.0,237.0,4.0,,BenchmarkALPMatrix/float-histogram/resets/n=120/buckets=128/time=regular/ALPv3/encode
simd,BenchmarkALPMatrix,float-histogram,resets,120,128,regular,legacy,decode,6,103772.0,102786.0,103886.0,1.1563812974598158,1211.885,213.7,0.8629,862.9,856.45,4.6899999999999995,99.895,64.0,8.0,4.0,,BenchmarkALPMatrix/float-histogram/resets/n=120/buckets=128/time=regular/legacy/decode
simd,BenchmarkALPMatrix,float-histogram,resets,120,128,regular,legacy,encode,6,320775.0,312298.0,333683.0,0.3740939911152677,392.04999999999995,213.7,2.64,2640.0,2617.5,22.91,99.49000000000001,108592.0,69.0,4.0,,BenchmarkALPMatrix/float-histogram/resets/n=120/buckets=128/time=regular/legacy/encode
simd,BenchmarkALPMatrix,float-histogram,resets,120,8,regular,ALPv3,decode,6,3124.5,3106.0,3155.0,38.406144983197315,3379.535,18.77,0.02601,26.009999999999998,25.79,0.19985,99.905,0.0,0.0,4.0,,BenchmarkALPMatrix/float-histogram/resets/n=120/buckets=8/time=regular/ALPv3/decode
simd,BenchmarkALPMatrix,float-histogram,resets,120,8,regular,ALPv3,encode,6,81200.5,80725.0,81727.0,1.4778234124174112,130.05,18.77,0.67445,674.45,667.55,6.789,99.68,22128.0,185.0,4.0,,BenchmarkALPMatrix/float-histogram/resets/n=120/buckets=8/time=regular/ALPv3/encode
simd,BenchmarkALPMatrix,float-histogram,resets,120,8,regular,legacy,decode,6,9308.5,9280.0,9386.0,12.891443304506634,1134.49,24.01,0.077395,77.39500000000001,76.88,0.55765,99.78,64.0,8.0,4.0,,BenchmarkALPMatrix/float-histogram/resets/n=120/buckets=8/time=regular/legacy/decode
simd,BenchmarkALPMatrix,float-histogram,resets,120,8,regular,legacy,encode,6,32808.5,32591.0,33129.0,3.6575887346266973,321.87,24.01,0.27235000000000004,272.35,269.5,2.8674999999999997,99.6,9264.0,45.0,4.0,,BenchmarkALPMatrix/float-histogram/resets/n=120/buckets=8/time=regular/legacy/encode
simd,BenchmarkALPMatrix,float-histogram,smooth,1024,8,regular,ALPv3,decode,6,24416.5,24319.0,24678.0,41.93885282493396,3690.615,21.46,0.02381,23.810000000000002,23.59,0.21155000000000002,99.87,0.0,0.0,1.0,,BenchmarkALPMatrix/float-histogram/smooth/n=1024/buckets=8/time=regular/ALPv3/decode
simd,BenchmarkALPMatrix,float-histogram,smooth,1024,8,regular,ALPv3,encode,6,460947.5,453426.0,468060.0,2.221511126538272,195.49,21.46,0.44715,447.15,442.9,4.252,99.335,242864.0,80.0,1.0,,BenchmarkALPMatrix/float-histogram/smooth/n=1024/buckets=8/time=regular/ALPv3/encode
simd,BenchmarkALPMatrix,float-histogram,smooth,1024,8,regular,legacy,decode,6,86901.5,85258.0,90143.0,11.783455981772466,1036.97,24.34,0.084465,84.465,83.5,0.96785,99.53,16.0,2.0,1.0,,BenchmarkALPMatrix/float-histogram/smooth/n=1024/buckets=8/time=regular/legacy/decode
simd,BenchmarkALPMatrix,float-histogram,smooth,1024,8,regular,legacy,encode,6,245006.0,238144.0,270482.0,4.179489481890239,367.82,24.34,0.23739999999999997,237.39999999999998,234.45,2.747,99.18,114032.0,24.0,1.0,,BenchmarkALPMatrix/float-histogram/smooth/n=1024/buckets=8/time=regular/legacy/encode
simd,BenchmarkALPMatrix,float-histogram,smooth,120,1031,regular,ALPv3,decode,6,149486.0,148714.0,150481.0,0.8027507592684264,6640.365,1296.0,1.245,1245.0,1234.0,11.0,99.92,0.0,0.0,1.0,,BenchmarkALPMatrix/float-histogram/smooth/n=120/buckets=1031/time=regular/ALPv3/decode
simd,BenchmarkALPMatrix,float-histogram,smooth,120,1031,regular,ALPv3,encode,6,3626325.0,3605898.0,3672970.0,0.0330913528158673,273.73,1296.0,30.141,30141.0,29834.0,291.15,99.73,1572946.0,85.0,1.0,,BenchmarkALPMatrix/float-histogram/smooth/n=120/buckets=1031/time=regular/ALPv3/encode
simd,BenchmarkALPMatrix,float-histogram,smooth,120,1031,regular,legacy,decode,6,789110.5,785081.0,790895.0,0.15206995724933328,1257.9250000000002,1353.0,6.5645,6564.5,6503.5,60.0,99.82499999999999,16.0,2.0,1.0,,BenchmarkALPMatrix/float-histogram/smooth/n=120/buckets=1031/time=regular/legacy/decode
simd,BenchmarkALPMatrix,float-histogram,smooth,120,1031,regular,legacy,encode,6,2101696.0,2079008.0,2114154.0,0.05709674472426079,472.305,1353.0,17.4705,17470.5,17298.5,172.2,99.78999999999999,706288.0,30.0,1.0,,BenchmarkALPMatrix/float-histogram/smooth/n=120/buckets=1031/time=regular/legacy/encode
simd,BenchmarkALPMatrix,float-histogram,smooth,120,128,regular,ALPv3,decode,6,16000.0,15927.0,16308.0,7.5,7859.9400000000005,250.1,0.13319999999999999,133.2,132.1,1.092,99.94999999999999,0.0,0.0,1.0,,BenchmarkALPMatrix/float-histogram/smooth/n=120/buckets=128/time=regular/ALPv3/decode
simd,BenchmarkALPMatrix,float-histogram,smooth,120,128,regular,ALPv3,encode,6,478900.5,473418.0,482015.0,0.2505739710023272,262.605,250.1,3.97,3970.0,3935.5,37.215,99.475,279120.0,73.0,1.0,,BenchmarkALPMatrix/float-histogram/smooth/n=120/buckets=128/time=regular/ALPv3/encode
simd,BenchmarkALPMatrix,float-histogram,smooth,120,128,regular,legacy,decode,6,100319.5,99777.0,101363.0,1.1961782106170784,1253.595,177.2,0.83515,835.15,831.3,5.194,99.89500000000001,16.0,2.0,1.0,,BenchmarkALPMatrix/float-histogram/smooth/n=120/buckets=128/time=regular/legacy/decode
simd,BenchmarkALPMatrix,float-histogram,smooth,120,128,regular,legacy,encode,6,279507.0,277182.0,295237.0,0.42932735137223754,449.94,177.2,2.3185,2318.5,2300.0,22.03,99.515,87280.0,23.0,1.0,,BenchmarkALPMatrix/float-histogram/smooth/n=120/buckets=128/time=regular/legacy/encode
simd,BenchmarkALPMatrix,float-histogram,smooth,120,8,regular,ALPv1,decode,6,2957.5,2902.0,3015.0,40.57480980557904,3570.965,19.77,0.024545,24.545,24.315,0.22315000000000002,99.77,0.0,0.0,1.0,,BenchmarkALPMatrix/float-histogram/smooth/n=120/buckets=8/time=regular/ALPv1/decode
simd,BenchmarkALPMatrix,float-histogram,smooth,120,8,regular,ALPv1,decode-cold,6,6261.0,6119.0,6706.0,19.166267369429804,1686.75,19.77,0.051215000000000004,51.215,50.45,0.7968999999999999,98.125,12896.0,15.0,1.0,,BenchmarkALPMatrix/float-histogram/smooth/n=120/buckets=8/time=regular/ALPv1/decode-cold
simd,BenchmarkALPMatrix,float-histogram,smooth,120,8,regular,ALPv1,encode,6,55619.5,54487.0,56819.0,2.1575166982802796,189.86,19.77,0.46,460.0,455.25,4.2705,99.505,19904.0,56.0,1.0,,BenchmarkALPMatrix/float-histogram/smooth/n=120/buckets=8/time=regular/ALPv1/encode
simd,BenchmarkALPMatrix,float-histogram,smooth,120,8,regular,ALPv3,decode,6,3048.5,2968.0,3175.0,39.36362145317369,3464.91,19.02,0.02535,25.35,25.134999999999998,0.23370000000000002,99.845,0.0,0.0,1.0,,BenchmarkALPMatrix/float-histogram/smooth/n=120/buckets=8/time=regular/ALPv3/decode
simd,BenchmarkALPMatrix,float-histogram,smooth,120,8,regular,ALPv3,decode-cold,6,6186.5,6114.0,6260.0,19.397074274630242,1706.94,19.02,0.05056,50.56,49.925,0.661,98.235,12896.0,15.0,1.0,,BenchmarkALPMatrix/float-histogram/smooth/n=120/buckets=8/time=regular/ALPv3/decode-cold
simd,BenchmarkALPMatrix,float-histogram,smooth,120,8,regular,ALPv3,encode,6,55198.0,54475.0,55626.0,2.173991811297511,191.315,19.02,0.4582,458.2,453.7,4.4350000000000005,99.61,19312.0,56.0,1.0,,BenchmarkALPMatrix/float-histogram/smooth/n=120/buckets=8/time=regular/ALPv3/encode
simd,BenchmarkALPMatrix,float-histogram,smooth,120,8,regular,legacy,decode,6,9011.0,8952.0,9029.0,13.317056930418378,1171.94,20.69,0.07497,74.97,74.495,0.50425,99.92500000000001,16.0,2.0,1.0,,BenchmarkALPMatrix/float-histogram/smooth/n=120/buckets=8/time=regular/legacy/decode
simd,BenchmarkALPMatrix,float-histogram,smooth,120,8,regular,legacy,decode-cold,6,10059.5,9936.0,10076.0,11.929022317212585,1049.7350000000001,20.69,0.08368,83.68,82.845,0.82965,99.815,784.0,15.0,1.0,,BenchmarkALPMatrix/float-histogram/smooth/n=120/buckets=8/time=regular/legacy/decode-cold
simd,BenchmarkALPMatrix,float-histogram,smooth,120,8,regular,legacy,encode,6,28132.0,27893.0,28328.0,4.265605004976539,375.375,20.69,0.2337,233.7,231.7,2.0355,99.69,9072.0,16.0,1.0,,BenchmarkALPMatrix/float-histogram/smooth/n=120/buckets=8/time=regular/legacy/encode
simd,BenchmarkALPMatrix,float-histogram,smooth,32,8,regular,ALPv3,decode,6,828.6,825.8,829.3,38.619357953174024,3398.4849999999997,18.34,0.0259,25.9,25.825,0.06689,100.0,0.0,0.0,1.0,,BenchmarkALPMatrix/float-histogram/smooth/n=32/buckets=8/time=regular/ALPv3/decode
simd,BenchmarkALPMatrix,float-histogram,smooth,32,8,regular,ALPv3,encode,6,20411.5,20332.0,20535.0,1.5677436739093158,137.965,18.34,0.6372000000000001,637.2,634.95,1.865,99.89500000000001,5824.0,48.0,1.0,,BenchmarkALPMatrix/float-histogram/smooth/n=32/buckets=8/time=regular/ALPv3/encode
simd,BenchmarkALPMatrix,float-histogram,smooth,32,8,regular,legacy,decode,6,2418.5,2409.0,2438.0,13.231341740748398,1164.2350000000001,23.91,0.0756,75.6,75.32499999999999,0.15975,100.0,16.0,2.0,1.0,,BenchmarkALPMatrix/float-histogram/smooth/n=32/buckets=8/time=regular/legacy/decode
simd,BenchmarkALPMatrix,float-histogram,smooth,32,8,regular,legacy,encode,6,8425.5,8403.0,8462.0,3.7979941843214053,334.235,23.91,0.26294999999999996,262.95,262.25,0.8080499999999999,99.87,2544.0,13.0,1.0,,BenchmarkALPMatrix/float-histogram/smooth/n=32/buckets=8/time=regular/legacy/encode
simd,BenchmarkALPMatrix,float-histogram,stale,120,128,regular,ALPv3,decode,6,20293.5,20085.0,20806.0,5.913223445930963,5894.365,254.9,0.1685,168.5,167.0,1.5745,99.63499999999999,6240.0,24.0,6.0,,BenchmarkALPMatrix/float-histogram/stale/n=120/buckets=128/time=regular/ALPv3/decode
simd,BenchmarkALPMatrix,float-histogram,stale,120,128,regular,ALPv3,encode,6,563051.5,553223.0,604482.0,0.21312437672220036,212.46,254.9,4.6455,4645.5,4575.5,70.205,98.935,285168.0,344.0,6.0,,BenchmarkALPMatrix/float-histogram/stale/n=120/buckets=128/time=regular/ALPv3/encode
simd,BenchmarkALPMatrix,float-histogram,stale,120,128,regular,legacy,decode,6,106173.0,103153.0,108324.0,1.1302308496510411,1126.62,211.8,0.86445,864.45,849.75,14.365,97.745,7296.0,42.0,6.0,,BenchmarkALPMatrix/float-histogram/stale/n=120/buckets=128/time=regular/legacy/decode
simd,BenchmarkALPMatrix,float-histogram,stale,120,128,regular,legacy,encode,6,329400.0,325122.0,333823.0,0.36429872495446264,363.135,211.8,2.6705,2670.5,2600.5,72.37,97.5,121328.0,96.0,6.0,,BenchmarkALPMatrix/float-histogram/stale/n=120/buckets=128/time=regular/legacy/encode
simd,BenchmarkALPMatrix,float-histogram,stale,120,8,regular,ALPv3,decode,6,4442.0,4244.0,4652.0,27.014858171994597,2291.465,22.45,0.036955,36.955,36.56,0.40795,99.765,480.0,24.0,6.0,,BenchmarkALPMatrix/float-histogram/stale/n=120/buckets=8/time=regular/ALPv3/decode
simd,BenchmarkALPMatrix,float-histogram,stale,120,8,regular,ALPv3,encode,6,92437.0,90662.0,95307.0,1.298181464132328,110.09,22.45,0.7678499999999999,767.8499999999999,759.5,8.1055,99.58,27664.0,273.0,6.0,,BenchmarkALPMatrix/float-histogram/stale/n=120/buckets=8/time=regular/ALPv3/encode
simd,BenchmarkALPMatrix,float-histogram,stale,120,8,regular,legacy,decode,6,10756.0,10708.0,10830.0,11.156563778356267,946.0699999999999,24.8,0.08943999999999999,89.44,88.655,0.69865,99.755,1536.0,42.0,6.0,,BenchmarkALPMatrix/float-histogram/stale/n=120/buckets=8/time=regular/legacy/decode
simd,BenchmarkALPMatrix,float-histogram,stale,120,8,regular,legacy,encode,6,31007.0,30666.0,31141.0,3.870093849775857,328.185,24.8,0.25765,257.65,255.15,2.5535,99.715,9328.0,61.0,6.0,,BenchmarkALPMatrix/float-histogram/stale/n=120/buckets=8/time=regular/legacy/encode
simd,BenchmarkALPMatrix,float,computed,1024,0,regular,ALP,decode,6,4802.0,4785.0,4814.0,213.24448146605582,1705.995,6.737,0.004684,4.684,4.6425,0.040545,99.91,0.0,0.0,1.0,,BenchmarkALPMatrix/float/computed/n=1024/buckets=0/time=regular/ALP/decode
simd,BenchmarkALPMatrix,float,computed,1024,0,regular,ALP,encode,6,75846.5,75687.0,76377.0,13.500952581859414,108.005,6.737,0.07375,73.75,73.08,0.6607,99.52000000000001,38304.0,27.0,1.0,,BenchmarkALPMatrix/float/computed/n=1024/buckets=0/time=regular/ALP/encode
simd,BenchmarkALPMatrix,float,computed,1024,0,regular,XOR2,decode,6,19297.5,19075.0,19486.0,53.063868376732735,424.51,9.646,0.018799999999999997,18.799999999999997,18.645000000000003,0.1592,99.81,0.0,0.0,1.0,,BenchmarkALPMatrix/float/computed/n=1024/buckets=0/time=regular/XOR2/decode
simd,BenchmarkALPMatrix,float,computed,1024,0,regular,XOR2,encode,6,22025.0,21717.0,22444.0,46.49262202043133,371.935,9.646,0.021075,21.075,20.73,0.3403,97.8,46896.0,17.0,1.0,,BenchmarkALPMatrix/float/computed/n=1024/buckets=0/time=regular/XOR2/encode
simd,BenchmarkALPMatrix,float,computed,120,0,changing-st,ALP,decode,6,790.7,787.1,797.9,151.76425951688375,1214.08,7.9,0.00658,6.58,6.5280000000000005,0.055495,99.87,0.0,0.0,1.0,,BenchmarkALPMatrix/float/computed/n=120/buckets=0/time=changing-st/ALP/decode
simd,BenchmarkALPMatrix,float,computed,120,0,changing-st,ALP,encode,6,9604.5,9507.0,9640.0,12.494143370295173,99.955,7.9,0.079395,79.395,78.565,0.8248,99.33500000000001,7600.0,14.0,1.0,,BenchmarkALPMatrix/float/computed/n=120/buckets=0/time=changing-st/ALP/encode
simd,BenchmarkALPMatrix,float,computed,120,0,changing-st,XOR2,decode,6,2252.5,2239.0,2268.0,53.27413984461709,426.165,9.575,0.018734999999999998,18.735,18.605,0.1238,99.78999999999999,0.0,0.0,1.0,,BenchmarkALPMatrix/float/computed/n=120/buckets=0/time=changing-st/XOR2/decode
simd,BenchmarkALPMatrix,float,computed,120,0,changing-st,XOR2,encode,6,2557.5,2523.0,2588.0,46.9208211143695,375.365,9.575,0.02105,21.05,20.79,0.2509,98.765,3632.0,10.0,1.0,,BenchmarkALPMatrix/float/computed/n=120/buckets=0/time=changing-st/XOR2/encode
simd,BenchmarkALPMatrix,float,computed,120,0,jitter,ALP,decode,6,873.2,870.0,881.9,137.42556115437472,1099.4,8.708,0.0072664999999999995,7.2665,7.2005,0.06604499999999999,99.905,0.0,0.0,1.0,,BenchmarkALPMatrix/float/computed/n=120/buckets=0/time=jitter/ALP/decode
simd,BenchmarkALPMatrix,float,computed,120,0,jitter,ALP,encode,6,9801.5,9727.0,10285.0,12.243024026934654,97.945,8.708,0.08098999999999999,80.99,80.16499999999999,0.8344,99.125,9008.0,15.0,1.0,,BenchmarkALPMatrix/float/computed/n=120/buckets=0/time=jitter/ALP/encode
simd,BenchmarkALPMatrix,float,computed,120,0,jitter,XOR2,decode,6,1280.0,1276.0,1288.0,93.75,750.0,8.983,0.010655000000000001,10.655000000000001,10.59,0.066425,99.885,0.0,0.0,1.0,,BenchmarkALPMatrix/float/computed/n=120/buckets=0/time=jitter/XOR2/decode
simd,BenchmarkALPMatrix,float,computed,120,0,jitter,XOR2,encode,6,2328.5,2303.0,2356.0,51.53532316942238,412.26,8.983,0.019145,19.145,18.965,0.19135,98.715,3632.0,10.0,1.0,,BenchmarkALPMatrix/float/computed/n=120/buckets=0/time=jitter/XOR2/encode
simd,BenchmarkALPMatrix,float,computed,120,0,regular,ALP,decode,6,569.4,567.8,571.1,210.7481559536354,1685.915,6.808,0.0047355,4.7355,4.6915,0.045524999999999996,99.77000000000001,0.0,0.0,1.0,,BenchmarkALPMatrix/float/computed/n=120/buckets=0/time=regular/ALP/decode
simd,BenchmarkALPMatrix,float,computed,120,0,regular,ALP,encode,6,9548.0,9451.0,9612.0,12.568077084206116,100.55,6.808,0.078845,78.845,77.86500000000001,0.93065,99.27,7600.0,14.0,1.0,,BenchmarkALPMatrix/float/computed/n=120/buckets=0/time=regular/ALP/encode
simd,BenchmarkALPMatrix,float,computed,120,0,regular,XOR2,decode,6,934.55,927.1,944.0,128.40404472740892,1027.27,7.142,0.007763,7.763,7.7059999999999995,0.038224999999999995,99.7,0.0,0.0,1.0,,BenchmarkALPMatrix/float/computed/n=120/buckets=0/time=regular/XOR2/decode
simd,BenchmarkALPMatrix,float,computed,120,0,regular,XOR2,encode,6,2039.0,2032.0,2062.0,58.852378616969105,470.775,7.142,0.01682,16.82,16.645,0.15245,98.985,2224.0,9.0,1.0,,BenchmarkALPMatrix/float/computed/n=120/buckets=0/time=regular/XOR2/encode
simd,BenchmarkALPMatrix,float,computed,32,0,regular,ALP,decode,6,208.1,207.0,211.4,153.77222489187892,1230.085,8.281,0.006494,6.494,6.4399999999999995,0.055885000000000004,99.88499999999999,0.0,0.0,1.0,,BenchmarkALPMatrix/float/computed/n=32/buckets=0/time=regular/ALP/decode
simd,BenchmarkALPMatrix,float,computed,32,0,regular,ALP,encode,6,6983.0,6861.0,7043.0,4.582557639982816,36.66,8.281,0.21715,217.15,214.64999999999998,2.4219999999999997,99.55,2832.0,13.0,1.0,,BenchmarkALPMatrix/float/computed/n=32/buckets=0/time=regular/ALP/encode
simd,BenchmarkALPMatrix,float,computed,32,0,regular,XOR2,decode,6,269.15,267.3,280.6,118.89281070035297,951.12,7.531,0.0084035,8.4035,8.337499999999999,0.06366,99.84,0.0,0.0,1.0,,BenchmarkALPMatrix/float/computed/n=32/buckets=0/time=regular/XOR2/decode
simd,BenchmarkALPMatrix,float,computed,32,0,regular,XOR2,encode,6,617.15,615.3,625.5,51.8512517216236,414.805,7.531,0.01909,19.09,18.875,0.23185,98.94,816.0,7.0,1.0,,BenchmarkALPMatrix/float/computed/n=32/buckets=0/time=regular/XOR2/encode
simd,BenchmarkALPMatrix,float,constant,1024,0,regular,ALP,decode,6,2334.5,2325.0,2349.0,438.6378239451703,3508.955,0.3545,0.0022765,2.2765,2.256,0.021125,99.85,0.0,0.0,1.0,,BenchmarkALPMatrix/float/constant/n=1024/buckets=0/time=regular/ALP/decode
simd,BenchmarkALPMatrix,float,constant,1024,0,regular,ALP,encode,6,5797.5,5762.0,5878.0,176.62785683484262,1413.0,0.3545,0.005593999999999999,5.593999999999999,5.545,0.053775,98.805,7968.0,20.0,1.0,,BenchmarkALPMatrix/float/constant/n=1024/buckets=0/time=regular/ALP/encode
simd,BenchmarkALPMatrix,float,constant,1024,0,regular,XOR2,decode,6,14340.0,14321.0,14484.0,71.40864714086472,571.255,2.775,0.013985,13.985,13.885000000000002,0.11675,99.815,0.0,0.0,1.0,,BenchmarkALPMatrix/float/constant/n=1024/buckets=0/time=regular/XOR2/decode
simd,BenchmarkALPMatrix,float,constant,1024,0,regular,XOR2,encode,6,8597.0,8543.0,8672.0,119.11131790159358,952.885,2.775,0.0083235,8.3235,8.2275,0.08898500000000001,99.125,8752.0,12.0,1.0,,BenchmarkALPMatrix/float/constant/n=1024/buckets=0/time=regular/XOR2/encode
simd,BenchmarkALPMatrix,float,constant,120,0,regular,ALP,decode,6,282.15,277.2,298.7,425.30568846358324,3402.42,0.4,0.00233,2.33,2.2945,0.038470000000000004,99.03,0.0,0.0,1.0,,BenchmarkALPMatrix/float/constant/n=120/buckets=0/time=regular/ALP/decode
simd,BenchmarkALPMatrix,float,constant,120,0,regular,ALP,encode,6,1376.5,1354.0,1411.0,87.17762440973483,697.385,0.4,0.011,11.0,10.754999999999999,0.24885000000000002,96.15,7600.0,14.0,1.0,,BenchmarkALPMatrix/float/constant/n=120/buckets=0/time=regular/ALP/encode
simd,BenchmarkALPMatrix,float,constant,120,0,regular,XOR2,decode,6,383.05,381.9,428.6,313.27502936953397,2506.25,0.3083,0.003187,3.1870000000000003,3.17,0.021815,99.845,0.0,0.0,1.0,,BenchmarkALPMatrix/float/constant/n=120/buckets=0/time=regular/XOR2/decode
simd,BenchmarkALPMatrix,float,constant,120,0,regular,XOR2,encode,6,638.15,621.3,720.2,188.0435634255269,1504.605,0.3083,0.005240500000000001,5.240500000000001,5.1530000000000005,0.08778,98.55,560.0,6.0,1.0,,BenchmarkALPMatrix/float/constant/n=120/buckets=0/time=regular/XOR2/encode
simd,BenchmarkALPMatrix,float,constant,32,0,regular,ALP,decode,6,117.15,96.9,124.1,273.1540759709774,2186.7200000000003,1.5,0.0036615000000000003,3.6615,3.6525,0.0093385,100.0,0.0,0.0,1.0,,BenchmarkALPMatrix/float/constant/n=32/buckets=0/time=regular/ALP/decode
simd,BenchmarkALPMatrix,float,constant,32,0,regular,ALP,encode,6,492.29999999999995,481.5,502.0,65.0010156408694,519.995,1.5,0.01483,14.83,14.54,0.3065,97.12,2256.0,12.0,1.0,,BenchmarkALPMatrix/float/constant/n=32/buckets=0/time=regular/ALP/encode
simd,BenchmarkALPMatrix,float,constant,32,0,regular,XOR2,decode,6,195.15,185.3,205.1,163.97642838841915,1311.855,0.8125,0.006007500000000001,6.0075,5.9015,0.04426,99.65,0.0,0.0,1.0,,BenchmarkALPMatrix/float/constant/n=32/buckets=0/time=regular/XOR2/decode
simd,BenchmarkALPMatrix,float,constant,32,0,regular,XOR2,encode,6,261.85,258.6,264.3,122.20737063204123,977.6800000000001,0.8125,0.008051500000000001,8.0515,7.987,0.066355,98.53999999999999,560.0,6.0,1.0,,BenchmarkALPMatrix/float/constant/n=32/buckets=0/time=regular/XOR2/encode
simd,BenchmarkALPMatrix,float,counter,1024,0,regular,ALP,decode,6,3133.5,3128.0,3147.0,326.79112813148237,2614.395,1.769,0.0030555,3.0555,3.0315000000000003,0.02593,99.9,0.0,0.0,1.0,,BenchmarkALPMatrix/float/counter/n=1024/buckets=0/time=regular/ALP/decode
simd,BenchmarkALPMatrix,float,counter,1024,0,regular,ALP,encode,6,15044.0,14906.0,15196.0,68.06700345652752,544.5450000000001,1.769,0.01459,14.59,14.425,0.16045,99.23,13984.0,23.0,1.0,,BenchmarkALPMatrix/float/counter/n=1024/buckets=0/time=regular/ALP/encode
simd,BenchmarkALPMatrix,float,counter,1024,0,regular,XOR2,decode,6,16184.5,16119.0,16215.0,63.270413049522695,506.16499999999996,4.688,0.01578,15.78,15.665,0.1192,99.905,0.0,0.0,1.0,,BenchmarkALPMatrix/float/counter/n=1024/buckets=0/time=regular/XOR2/decode
simd,BenchmarkALPMatrix,float,counter,1024,0,regular,XOR2,encode,6,15387.0,15279.0,15501.0,66.54968479885618,532.405,4.688,0.014875,14.875,14.715,0.18905,98.99000000000001,18224.0,14.0,1.0,,BenchmarkALPMatrix/float/counter/n=1024/buckets=0/time=regular/XOR2/encode
simd,BenchmarkALPMatrix,float,counter,120,0,regular,ALP,decode,6,373.15,372.7,373.8,321.5864933672786,2572.755,1.842,0.0031095,3.1094999999999997,3.1,0.010360000000000001,100.0,0.0,0.0,1.0,,BenchmarkALPMatrix/float/counter/n=120/buckets=0/time=regular/ALP/decode
simd,BenchmarkALPMatrix,float,counter,120,0,regular,ALP,encode,6,2764.0,2745.0,2781.0,43.41534008683068,347.315,1.842,0.022549999999999997,22.549999999999997,22.325,0.21134999999999998,98.06,7600.0,14.0,1.0,,BenchmarkALPMatrix/float/counter/n=120/buckets=0/time=regular/ALP/encode
simd,BenchmarkALPMatrix,float,counter,120,0,regular,XOR2,decode,6,721.95,719.5,728.7,166.21649698732597,1329.685,2.0,0.0060165,6.0165,6.004,0.008967,100.0,0.0,0.0,1.0,,BenchmarkALPMatrix/float/counter/n=120/buckets=0/time=regular/XOR2/decode
simd,BenchmarkALPMatrix,float,counter,120,0,regular,XOR2,encode,6,1192.0,1190.0,1200.0,100.67114093959732,805.36,2.0,0.009891500000000001,9.8915,9.8535,0.03866,99.595,816.0,7.0,1.0,,BenchmarkALPMatrix/float/counter/n=120/buckets=0/time=regular/XOR2/encode
simd,BenchmarkALPMatrix,float,counter,32,0,regular,ALP,decode,6,136.5,135.8,138.0,234.43223443223442,1875.4050000000002,3.156,0.004266,4.266,4.2415,0.019415,99.995,0.0,0.0,1.0,,BenchmarkALPMatrix/float/counter/n=32/buckets=0/time=regular/ALP/decode
simd,BenchmarkALPMatrix,float,counter,32,0,regular,ALP,encode,6,1675.5,1670.0,1690.0,19.098776484631454,152.805,3.156,0.051855000000000005,51.855000000000004,51.515,0.3532,99.065,2256.0,12.0,1.0,,BenchmarkALPMatrix/float/counter/n=32/buckets=0/time=regular/ALP/encode
simd,BenchmarkALPMatrix,float,counter,32,0,regular,XOR2,decode,6,231.35,230.0,233.7,138.3185649448887,1106.4650000000001,2.344,0.0072295,7.2295,7.2135,0.016785,99.995,0.0,0.0,1.0,,BenchmarkALPMatrix/float/counter/n=32/buckets=0/time=regular/XOR2/decode
simd,BenchmarkALPMatrix,float,counter,32,0,regular,XOR2,encode,6,406.2,403.8,416.7,78.77892663712457,630.23,2.344,0.01257,12.57,12.49,0.08738,99.06,560.0,6.0,1.0,,BenchmarkALPMatrix/float/counter/n=32/buckets=0/time=regular/XOR2/encode
simd,BenchmarkALPMatrix,float,decimal2,1024,0,regular,ALP,decode,6,3227.0,3220.0,3237.0,317.3225906414627,2538.5249999999996,1.269,0.0031520000000000003,3.152,3.1425,0.009468,100.0,0.0,0.0,1.0,,BenchmarkALPMatrix/float/decimal2/n=1024/buckets=0/time=regular/ALP/decode
simd,BenchmarkALPMatrix,float,decimal2,1024,0,regular,ALP,encode,6,14869.5,14843.0,14961.0,68.86579911900198,550.925,1.269,0.01444,14.44,14.364999999999998,0.07444500000000001,99.485,11296.0,22.0,1.0,,BenchmarkALPMatrix/float/decimal2/n=1024/buckets=0/time=regular/ALP/encode
simd,BenchmarkALPMatrix,float,decimal2,1024,0,regular,XOR2,decode,6,19188.0,19155.0,19226.0,53.36668751302898,426.94,8.309,0.01874,18.74,18.7,0.040080000000000005,100.0,0.0,0.0,1.0,,BenchmarkALPMatrix/float/decimal2/n=1024/buckets=0/time=regular/XOR2/decode
simd,BenchmarkALPMatrix,float,decimal2,1024,0,regular,XOR2,encode,6,20338.0,20143.0,21112.0,50.34910020650998,402.795,8.309,0.01954,19.54,19.43,0.1327,98.49,34608.0,16.0,1.0,,BenchmarkALPMatrix/float/decimal2/n=1024/buckets=0/time=regular/XOR2/encode
simd,BenchmarkALPMatrix,float,decimal2,120,0,changing-st,ALP,decode,6,621.05,618.3,622.2,193.22115771677,1545.79,2.467,0.005166499999999999,5.166499999999999,5.1245,0.045015,99.86,0.0,0.0,1.0,,BenchmarkALPMatrix/float/decimal2/n=120/buckets=0/time=changing-st/ALP/decode
simd,BenchmarkALPMatrix,float,decimal2,120,0,changing-st,ALP,encode,6,3254.5,3088.0,3699.0,36.87202335228146,295.01,2.467,0.02653,26.53,25.88,0.5607,97.75,7600.0,14.0,1.0,,BenchmarkALPMatrix/float/decimal2/n=120/buckets=0/time=changing-st/ALP/encode
simd,BenchmarkALPMatrix,float,decimal2,120,0,changing-st,XOR2,decode,6,2174.0,2143.0,2306.0,55.19779208831647,441.55999999999995,8.242,0.017945,17.945,17.7,0.24145,98.985,0.0,0.0,1.0,,BenchmarkALPMatrix/float/decimal2/n=120/buckets=0/time=changing-st/XOR2/decode
simd,BenchmarkALPMatrix,float,decimal2,120,0,changing-st,XOR2,encode,6,2502.0,2454.0,2675.0,47.961630695443645,383.76,8.242,0.020515000000000002,20.515,20.255000000000003,0.26325,98.65,3632.0,10.0,1.0,,BenchmarkALPMatrix/float/decimal2/n=120/buckets=0/time=changing-st/XOR2/encode
simd,BenchmarkALPMatrix,float,decimal2,120,0,jitter,ALP,decode,6,680.6500000000001,678.0,685.2,176.30206420333502,1410.4,3.275,0.0056654999999999995,5.6655,5.6155,0.049055,99.89,0.0,0.0,1.0,,BenchmarkALPMatrix/float/decimal2/n=120/buckets=0/time=jitter/ALP/decode
simd,BenchmarkALPMatrix,float,decimal2,120,0,jitter,ALP,encode,6,3085.5,3061.0,3091.0,38.89158969372873,311.145,3.275,0.02521,25.21,24.825,0.3851,98.09,7600.0,14.0,1.0,,BenchmarkALPMatrix/float/decimal2/n=120/buckets=0/time=jitter/ALP/encode
simd,BenchmarkALPMatrix,float,decimal2,120,0,jitter,XOR2,decode,6,1183.0,1172.0,1214.0,101.43702451394759,811.61,7.667,0.009824,9.824,9.7665,0.06948499999999999,99.66499999999999,0.0,0.0,1.0,,BenchmarkALPMatrix/float/decimal2/n=120/buckets=0/time=jitter/XOR2/decode
simd,BenchmarkALPMatrix,float,decimal2,120,0,jitter,XOR2,encode,6,2185.5,2175.0,2210.0,54.9073438572409,439.27,7.667,0.01796,17.96,17.725,0.23725,98.67,3632.0,10.0,1.0,,BenchmarkALPMatrix/float/decimal2/n=120/buckets=0/time=jitter/XOR2/encode
simd,BenchmarkALPMatrix,float,decimal2,120,0,regular,ALP,decode,6,394.20000000000005,391.8,395.2,304.41400304414,2435.245,1.375,0.003278,3.278,3.2515,0.027245,99.89,0.0,0.0,1.0,,BenchmarkALPMatrix/float/decimal2/n=120/buckets=0/time=regular/ALP/decode
simd,BenchmarkALPMatrix,float,decimal2,120,0,regular,ALP,decode-cold,6,534.1,531.9,546.7,224.67702677401235,1797.415,1.375,0.0043605,4.3605,4.294499999999999,0.06623499999999999,97.755,1552.0,4.0,1.0,,BenchmarkALPMatrix/float/decimal2/n=120/buckets=0/time=regular/ALP/decode-cold
simd,BenchmarkALPMatrix,float,decimal2,120,0,regular,ALP,encode,6,2887.0,2874.0,2968.0,41.56563907170073,332.505,1.375,0.023565,23.564999999999998,23.28,0.30885,97.94,7600.0,14.0,1.0,,BenchmarkALPMatrix/float/decimal2/n=120/buckets=0/time=regular/ALP/encode
simd,BenchmarkALPMatrix,float,decimal2,120,0,regular,XOR2,decode,6,939.45,929.0,944.4,127.73431262973016,1021.825,5.8,0.0078135,7.8134999999999994,7.7684999999999995,0.04708,99.88,0.0,0.0,1.0,,BenchmarkALPMatrix/float/decimal2/n=120/buckets=0/time=regular/XOR2/decode
simd,BenchmarkALPMatrix,float,decimal2,120,0,regular,XOR2,decode-cold,6,981.25,975.4,1018.0,122.29299363057325,978.34,5.8,0.0081555,8.1555,8.0745,0.08341,99.74000000000001,144.0,2.0,1.0,,BenchmarkALPMatrix/float/decimal2/n=120/buckets=0/time=regular/XOR2/decode-cold
simd,BenchmarkALPMatrix,float,decimal2,120,0,regular,XOR2,encode,6,1911.0,1883.0,1932.0,62.79434850863422,502.33000000000004,5.8,0.01577,15.77,15.59,0.18359999999999999,99.025,2224.0,9.0,1.0,,BenchmarkALPMatrix/float/decimal2/n=120/buckets=0/time=regular/XOR2/encode
simd,BenchmarkALPMatrix,float,decimal2,32,0,regular,ALP,decode,6,147.45,146.9,148.4,217.0227195659546,1736.385,2.656,0.004606,4.606,4.571,0.03853,99.945,0.0,0.0,1.0,,BenchmarkALPMatrix/float/decimal2/n=32/buckets=0/time=regular/ALP/decode
simd,BenchmarkALPMatrix,float,decimal2,32,0,regular,ALP,encode,6,1740.5,1717.0,1758.0,18.385521401896007,147.07999999999998,2.656,0.053834999999999994,53.834999999999994,53.120000000000005,0.62595,98.94999999999999,2256.0,12.0,1.0,,BenchmarkALPMatrix/float/decimal2/n=32/buckets=0/time=regular/ALP/encode
simd,BenchmarkALPMatrix,float,decimal2,32,0,regular,XOR2,decode,6,254.05,253.4,257.8,125.95945679984254,1007.6199999999999,6.188,0.0079285,7.9285,7.8475,0.070485,99.71000000000001,0.0,0.0,1.0,,BenchmarkALPMatrix/float/decimal2/n=32/buckets=0/time=regular/XOR2/decode
simd,BenchmarkALPMatrix,float,decimal2,32,0,regular,XOR2,encode,6,594.85,578.0,597.1,53.7950743885013,430.385,6.188,0.018269999999999998,18.27,18.0,0.25415,98.53,816.0,7.0,1.0,,BenchmarkALPMatrix/float/decimal2/n=32/buckets=0/time=regular/XOR2/encode
simd,BenchmarkALPMatrix,float,decimal6,1024,0,regular,ALP,decode,6,3263.0,3261.0,3266.0,313.8216365307999,2510.715,1.356,0.0031864999999999997,3.1864999999999997,3.1790000000000003,0.0080015,100.0,0.0,0.0,1.0,,BenchmarkALPMatrix/float/decimal6/n=1024/buckets=0/time=regular/ALP/decode
simd,BenchmarkALPMatrix,float,decimal6,1024,0,regular,ALP,encode,6,19031.0,18982.0,19222.0,53.806946560874366,430.45,1.356,0.018520000000000002,18.520000000000003,18.450000000000003,0.07148499999999999,99.665,11296.0,22.0,1.0,,BenchmarkALPMatrix/float/decimal6/n=1024/buckets=0/time=regular/ALP/encode
simd,BenchmarkALPMatrix,float,decimal6,1024,0,regular,XOR2,decode,6,19287.5,19259.0,19811.0,53.09138042773817,424.73,8.272,0.01884,18.84,18.8,0.05564,99.995,0.0,0.0,1.0,,BenchmarkALPMatrix/float/decimal6/n=1024/buckets=0/time=regular/XOR2/decode
simd,BenchmarkALPMatrix,float,decimal6,1024,0,regular,XOR2,encode,6,20210.5,20120.0,20535.0,50.66673263897479,405.335,8.272,0.019469999999999998,19.47,19.355,0.10865,98.74000000000001,34608.0,16.0,1.0,,BenchmarkALPMatrix/float/decimal6/n=1024/buckets=0/time=regular/XOR2/encode
simd,BenchmarkALPMatrix,float,decimal6,120,0,regular,ALP,decode,6,389.45,383.7,393.7,308.1268455514187,2465.1800000000003,1.458,0.003238,3.238,3.2075,0.030765,99.745,0.0,0.0,1.0,,BenchmarkALPMatrix/float/decimal6/n=120/buckets=0/time=regular/ALP/decode
simd,BenchmarkALPMatrix,float,decimal6,120,0,regular,ALP,encode,6,7331.5,7217.0,7584.0,16.36772829571029,130.94,1.458,0.06041,60.41,59.63,0.7906,98.875,7600.0,14.0,1.0,,BenchmarkALPMatrix/float/decimal6/n=120/buckets=0/time=regular/ALP/encode
simd,BenchmarkALPMatrix,float,decimal6,120,0,regular,XOR2,decode,6,934.0999999999999,927.0,945.3,128.46590300824323,1027.7150000000001,5.767,0.007774,7.774,7.718,0.05480499999999999,99.87,0.0,0.0,1.0,,BenchmarkALPMatrix/float/decimal6/n=120/buckets=0/time=regular/XOR2/decode
simd,BenchmarkALPMatrix,float,decimal6,120,0,regular,XOR2,encode,6,1925.5,1907.0,1930.0,62.32147494157362,498.56,5.767,0.015875,15.875,15.675,0.1819,98.97999999999999,2224.0,9.0,1.0,,BenchmarkALPMatrix/float/decimal6/n=120/buckets=0/time=regular/XOR2/encode
simd,BenchmarkALPMatrix,float,decimal6,32,0,regular,ALP,decode,6,148.45,148.1,148.7,215.56079488043113,1724.815,2.656,0.004638999999999999,4.638999999999999,4.628,0.01269,100.0,0.0,0.0,1.0,,BenchmarkALPMatrix/float/decimal6/n=32/buckets=0/time=regular/ALP/decode
simd,BenchmarkALPMatrix,float,decimal6,32,0,regular,ALP,encode,6,5893.0,5849.0,6007.0,5.43017138978449,43.44,2.656,0.18355000000000002,183.55,182.8,0.6129,99.815,2256.0,12.0,1.0,,BenchmarkALPMatrix/float/decimal6/n=32/buckets=0/time=regular/ALP/encode
simd,BenchmarkALPMatrix,float,decimal6,32,0,regular,XOR2,decode,6,252.85,250.9,255.8,126.5572473798695,1012.4,6.219,0.0079015,7.9015,7.891,0.014025,100.0,0.0,0.0,1.0,,BenchmarkALPMatrix/float/decimal6/n=32/buckets=0/time=regular/XOR2/decode
simd,BenchmarkALPMatrix,float,decimal6,32,0,regular,XOR2,encode,6,567.55,566.3,574.8,56.38269755968638,451.065,6.219,0.01757,17.57,17.465,0.09877,98.99,816.0,7.0,1.0,,BenchmarkALPMatrix/float/decimal6/n=32/buckets=0/time=regular/XOR2/encode
simd,BenchmarkALPMatrix,float,noisy-decimal,1024,0,regular,ALP,decode,6,3344.0,3337.0,3371.0,306.2200956937799,2449.84,2.144,0.003262,3.262,3.234,0.02955,99.88,0.0,0.0,1.0,,BenchmarkALPMatrix/float/noisy-decimal/n=1024/buckets=0/time=regular/ALP/decode
simd,BenchmarkALPMatrix,float,noisy-decimal,1024,0,regular,ALP,encode,6,15760.0,15746.0,15820.0,64.9746192893401,519.79,2.144,0.01525,15.25,15.08,0.17025,99.03,17312.0,24.0,1.0,,BenchmarkALPMatrix/float/noisy-decimal/n=1024/buckets=0/time=regular/ALP/encode
simd,BenchmarkALPMatrix,float,noisy-decimal,1024,0,regular,XOR2,decode,6,13695.5,13562.0,13773.0,74.76908473586215,598.145,9.646,0.013359999999999999,13.36,13.26,0.0675,99.89500000000001,0.0,0.0,1.0,,BenchmarkALPMatrix/float/noisy-decimal/n=1024/buckets=0/time=regular/XOR2/decode
simd,BenchmarkALPMatrix,float,noisy-decimal,1024,0,regular,XOR2,encode,6,21312.0,21080.0,21479.0,48.048048048048045,384.38,9.646,0.020454999999999997,20.455,20.175,0.27725,98.25,46896.0,17.0,1.0,,BenchmarkALPMatrix/float/noisy-decimal/n=1024/buckets=0/time=regular/XOR2/encode
simd,BenchmarkALPMatrix,float,noisy-decimal,120,0,regular,ALP,decode,6,408.5,406.5,410.8,293.7576499388005,2349.9350000000004,2.242,0.0034005,3.4005,3.3689999999999998,0.032490000000000005,99.88,0.0,0.0,1.0,,BenchmarkALPMatrix/float/noisy-decimal/n=120/buckets=0/time=regular/ALP/decode
simd,BenchmarkALPMatrix,float,noisy-decimal,120,0,regular,ALP,encode,6,2973.0,2943.0,3127.0,40.36326942482341,322.9,2.242,0.02429,24.29,23.935000000000002,0.3954,97.87,7600.0,14.0,1.0,,BenchmarkALPMatrix/float/noisy-decimal/n=120/buckets=0/time=regular/ALP/encode
simd,BenchmarkALPMatrix,float,noisy-decimal,120,0,regular,XOR2,decode,6,941.9,934.5,945.7,127.40205966663127,1019.2249999999999,7.15,0.0078235,7.8235,7.7545,0.06708,99.72,0.0,0.0,1.0,,BenchmarkALPMatrix/float/noisy-decimal/n=120/buckets=0/time=regular/XOR2/decode
simd,BenchmarkALPMatrix,float,noisy-decimal,120,0,regular,XOR2,encode,6,2033.5,2019.0,2070.0,59.011556429800834,472.03999999999996,7.15,0.016755000000000003,16.755000000000003,16.595,0.18109999999999998,99.065,2224.0,9.0,1.0,,BenchmarkALPMatrix/float/noisy-decimal/n=120/buckets=0/time=regular/XOR2/encode
simd,BenchmarkALPMatrix,float,noisy-decimal,32,0,regular,ALP,decode,6,144.4,144.2,145.0,221.60664819944597,1772.725,3.656,0.0045055,4.5055,4.464,0.04147,99.83500000000001,0.0,0.0,1.0,,BenchmarkALPMatrix/float/noisy-decimal/n=32/buckets=0/time=regular/ALP/decode
simd,BenchmarkALPMatrix,float,noisy-decimal,32,0,regular,ALP,encode,6,1759.5,1734.0,1777.0,18.186984938903098,145.51999999999998,3.656,0.054375,54.375,53.65,0.59175,98.93,2256.0,12.0,1.0,,BenchmarkALPMatrix/float/noisy-decimal/n=32/buckets=0/time=regular/ALP/encode
simd,BenchmarkALPMatrix,float,noisy-decimal,32,0,regular,XOR2,decode,6,275.35,271.6,284.8,116.21572544034863,929.6800000000001,7.562,0.0085885,8.5885,8.494,0.09454,99.84,0.0,0.0,1.0,,BenchmarkALPMatrix/float/noisy-decimal/n=32/buckets=0/time=regular/XOR2/decode
simd,BenchmarkALPMatrix,float,noisy-decimal,32,0,regular,XOR2,encode,6,629.0,619.2,638.0,50.87440381558029,406.995,7.562,0.019414999999999998,19.415,19.185000000000002,0.24205,98.8,816.0,7.0,1.0,,BenchmarkALPMatrix/float/noisy-decimal/n=32/buckets=0/time=regular/XOR2/encode
simd,BenchmarkALPMatrix,float,outliers20,1024,0,regular,ALP,decode,6,3342.0,3339.0,3344.0,306.4033512866547,2451.365,3.271,0.0032645,3.2645,3.2554999999999996,0.007947,100.0,0.0,0.0,1.0,,BenchmarkALPMatrix/float/outliers20/n=1024/buckets=0/time=regular/ALP/decode
simd,BenchmarkALPMatrix,float,outliers20,1024,0,regular,ALP,encode,6,60706.0,60665.0,61065.0,16.86818436398379,134.945,3.271,0.059175,59.175,58.980000000000004,0.1829,99.815,22560.0,25.0,1.0,,BenchmarkALPMatrix/float/outliers20/n=1024/buckets=0/time=regular/ALP/encode
simd,BenchmarkALPMatrix,float,outliers20,1024,0,regular,XOR2,decode,6,18658.5,18627.0,18699.0,54.88115336173862,439.05,10.02,0.01822,18.22,18.19,0.028315,99.995,0.0,0.0,1.0,,BenchmarkALPMatrix/float/outliers20/n=1024/buckets=0/time=regular/XOR2/decode
simd,BenchmarkALPMatrix,float,outliers20,1024,0,regular,XOR2,encode,6,21974.0,21590.0,22019.0,46.60052789660508,372.79499999999996,10.02,0.02111,21.11,20.97,0.1401,98.47999999999999,46896.0,17.0,1.0,,BenchmarkALPMatrix/float/outliers20/n=1024/buckets=0/time=regular/XOR2/encode
simd,BenchmarkALPMatrix,float,outliers20,120,0,regular,ALP,decode,6,392.0,391.6,392.1,306.1224489795918,2448.9300000000003,5.042,0.003267,3.267,3.2584999999999997,0.008178,100.0,0.0,0.0,1.0,,BenchmarkALPMatrix/float/outliers20/n=120/buckets=0/time=regular/ALP/decode
simd,BenchmarkALPMatrix,float,outliers20,120,0,regular,ALP,encode,6,7177.5,7135.0,7402.0,16.718913270637408,133.75,5.042,0.059355000000000005,59.355000000000004,59.075,0.28035,99.23,7600.0,14.0,1.0,,BenchmarkALPMatrix/float/outliers20/n=120/buckets=0/time=regular/ALP/encode
simd,BenchmarkALPMatrix,float,outliers20,120,0,regular,XOR2,decode,6,950.65,949.6,952.6,126.22942197443855,1009.85,7.475,0.007922,7.922000000000001,7.9085,0.014305,100.0,0.0,0.0,1.0,,BenchmarkALPMatrix/float/outliers20/n=120/buckets=0/time=regular/XOR2/decode
simd,BenchmarkALPMatrix,float,outliers20,120,0,regular,XOR2,encode,6,2076.0,2073.0,2104.0,57.80346820809248,462.42,7.475,0.01709,17.09,16.965,0.12035000000000001,98.75,3632.0,10.0,1.0,,BenchmarkALPMatrix/float/outliers20/n=120/buckets=0/time=regular/XOR2/encode
simd,BenchmarkALPMatrix,float,outliers20,32,0,regular,ALP,decode,6,153.6,150.7,157.7,208.33333333333334,1667.165,4.844,0.0047915,4.7915,4.746,0.04186,99.89500000000001,0.0,0.0,1.0,,BenchmarkALPMatrix/float/outliers20/n=32/buckets=0/time=regular/ALP/decode
simd,BenchmarkALPMatrix,float,outliers20,32,0,regular,ALP,encode,6,6032.5,5991.0,6370.0,5.3046000828843765,42.435,4.844,0.18794999999999998,187.95,186.1,1.771,99.705,2256.0,12.0,1.0,,BenchmarkALPMatrix/float/outliers20/n=32/buckets=0/time=regular/ALP/encode
simd,BenchmarkALPMatrix,float,outliers20,32,0,regular,XOR2,decode,6,266.4,263.9,267.7,120.12012012012013,960.885,7.75,0.008315999999999999,8.315999999999999,8.2515,0.057965,99.87,0.0,0.0,1.0,,BenchmarkALPMatrix/float/outliers20/n=32/buckets=0/time=regular/XOR2/decode
simd,BenchmarkALPMatrix,float,outliers20,32,0,regular,XOR2,encode,6,626.2,621.4,639.2,51.10188438198658,408.82500000000005,7.75,0.019315000000000002,19.315,19.1,0.22265000000000001,98.78999999999999,816.0,7.0,1.0,,BenchmarkALPMatrix/float/outliers20/n=32/buckets=0/time=regular/XOR2/encode
simd,BenchmarkALPMatrix,float,random-bits,1024,0,regular,ALP,decode,6,2551.5,2546.0,2567.0,401.33254948069765,3210.9,8.292,0.0024915000000000002,2.4915000000000003,2.4855,0.0063549999999999995,100.0,0.0,0.0,1.0,,BenchmarkALPMatrix/float/random-bits/n=1024/buckets=0/time=regular/ALP/decode
simd,BenchmarkALPMatrix,float,random-bits,1024,0,regular,ALP,encode,6,100839.0,100035.0,101229.0,10.154801217782802,81.235,8.292,0.098235,98.235,97.875,0.34904999999999997,99.715,50336.0,28.0,1.0,,BenchmarkALPMatrix/float/random-bits/n=1024/buckets=0/time=regular/ALP/encode
simd,BenchmarkALPMatrix,float,random-bits,1024,0,regular,XOR2,decode,6,19736.5,19707.0,19759.0,51.88356598181035,415.075,11.02,0.019280000000000002,19.28,19.235,0.042975,100.0,0.0,0.0,1.0,,BenchmarkALPMatrix/float/random-bits/n=1024/buckets=0/time=regular/XOR2/decode
simd,BenchmarkALPMatrix,float,random-bits,1024,0,regular,XOR2,encode,6,23161.5,23143.0,23537.0,44.21129892278134,353.685,11.02,0.022295000000000002,22.295,22.165,0.1447,98.555,46896.0,17.0,1.0,,BenchmarkALPMatrix/float/random-bits/n=1024/buckets=0/time=regular/XOR2/encode
simd,BenchmarkALPMatrix,float,random-bits,120,0,regular,ALP,decode,6,315.20000000000005,308.9,322.1,380.7106598984771,3045.87,8.333,0.0026225000000000003,2.6225,2.5785,0.023615,99.895,0.0,0.0,1.0,,BenchmarkALPMatrix/float/random-bits/n=120/buckets=0/time=regular/ALP/decode
simd,BenchmarkALPMatrix,float,random-bits,120,0,regular,ALP,decode-cold,6,430.0,426.8,434.8,279.06976744186045,2232.54,8.333,0.0034905,3.4905,3.4375,0.055584999999999996,97.62,1296.0,3.0,1.0,,BenchmarkALPMatrix/float/random-bits/n=120/buckets=0/time=regular/ALP/decode-cold
simd,BenchmarkALPMatrix,float,random-bits,120,0,regular,ALP,encode,6,12489.0,12424.0,12608.0,9.608455440787893,76.87,8.333,0.1034,103.4,102.25,1.1135000000000002,99.36500000000001,9008.0,15.0,1.0,,BenchmarkALPMatrix/float/random-bits/n=120/buckets=0/time=regular/ALP/encode
simd,BenchmarkALPMatrix,float,random-bits,120,0,regular,XOR2,decode,6,974.4,967.1,977.8,123.15270935960591,985.185,8.517,0.008109,8.109,8.0435,0.055555,99.87,0.0,0.0,1.0,,BenchmarkALPMatrix/float/random-bits/n=120/buckets=0/time=regular/XOR2/decode
simd,BenchmarkALPMatrix,float,random-bits,120,0,regular,XOR2,decode-cold,6,1032.5,1024.0,1049.0,116.2227602905569,930.1700000000001,8.517,0.008583,8.583,8.504000000000001,0.07854,99.845,144.0,2.0,1.0,,BenchmarkALPMatrix/float/random-bits/n=120/buckets=0/time=regular/XOR2/decode-cold
simd,BenchmarkALPMatrix,float,random-bits,120,0,regular,XOR2,encode,6,2305.5,2299.0,2322.0,52.049446974625894,416.365,8.517,0.018979999999999997,18.979999999999997,18.75,0.2233,98.755,3632.0,10.0,1.0,,BenchmarkALPMatrix/float/random-bits/n=120/buckets=0/time=regular/XOR2/encode
simd,BenchmarkALPMatrix,float,random-bits,32,0,regular,ALP,decode,6,93.07499999999999,92.84,94.42,343.8087563792641,2750.46,9.25,0.0029089999999999997,2.909,2.901,0.0061275,100.0,0.0,0.0,1.0,,BenchmarkALPMatrix/float/random-bits/n=32/buckets=0/time=regular/ALP/decode
simd,BenchmarkALPMatrix,float,random-bits,32,0,regular,ALP,encode,6,7084.5,7078.0,7147.0,4.516903098313219,36.135,9.25,0.221,221.0,220.14999999999998,0.82885,99.815,2832.0,13.0,1.0,,BenchmarkALPMatrix/float/random-bits/n=32/buckets=0/time=regular/ALP/encode
simd,BenchmarkALPMatrix,float,random-bits,32,0,regular,XOR2,decode,6,269.25,268.9,270.0,118.84865366759517,950.815,8.906,0.008413499999999999,8.413499999999999,8.3995,0.014505,99.995,0.0,0.0,1.0,,BenchmarkALPMatrix/float/random-bits/n=32/buckets=0/time=regular/XOR2/decode
simd,BenchmarkALPMatrix,float,random-bits,32,0,regular,XOR2,encode,6,701.3,697.5,713.4,45.62954513047198,365.04,8.906,0.02163,21.63,21.5,0.1308,98.67500000000001,1328.0,8.0,1.0,,BenchmarkALPMatrix/float/random-bits/n=32/buckets=0/time=regular/XOR2/encode
simd,BenchmarkALPMatrix,float,random-finite,1024,0,regular,ALP,decode,6,4685.0,4680.0,4691.0,218.5699039487727,1748.62,7.464,0.0045755,4.5755,4.5555,0.019209999999999998,100.0,0.0,0.0,1.0,,BenchmarkALPMatrix/float/random-finite/n=1024/buckets=0/time=regular/ALP/decode
simd,BenchmarkALPMatrix,float,random-finite,1024,0,regular,ALP,encode,6,89444.0,89206.0,89770.0,11.448504091945798,91.59,7.464,0.08705500000000001,87.055,86.65,0.43635,99.68,49056.0,28.0,1.0,,BenchmarkALPMatrix/float/random-finite/n=1024/buckets=0/time=regular/ALP/encode
simd,BenchmarkALPMatrix,float,random-finite,1024,0,regular,XOR2,decode,6,19840.5,19825.0,19888.0,51.61160253017817,412.895,11.02,0.019370000000000002,19.37,19.34,0.04122,100.0,0.0,0.0,1.0,,BenchmarkALPMatrix/float/random-finite/n=1024/buckets=0/time=regular/XOR2/decode
simd,BenchmarkALPMatrix,float,random-finite,1024,0,regular,XOR2,encode,6,23476.0,23265.0,24073.0,43.61901516442324,348.95500000000004,11.02,0.022604999999999997,22.604999999999997,22.43,0.18964999999999999,98.435,46896.0,17.0,1.0,,BenchmarkALPMatrix/float/random-finite/n=1024/buckets=0/time=regular/XOR2/encode
simd,BenchmarkALPMatrix,float,random-finite,120,0,regular,ALP,decode,6,569.7,564.9,571.4,210.637177461822,1685.15,7.542,0.004737,4.737,4.698,0.039275000000000004,99.88,0.0,0.0,1.0,,BenchmarkALPMatrix/float/random-finite/n=120/buckets=0/time=regular/ALP/decode
simd,BenchmarkALPMatrix,float,random-finite,120,0,regular,ALP,encode,6,11073.5,10994.0,11206.0,10.836682169142547,86.695,7.542,0.09166999999999999,91.66999999999999,90.74000000000001,0.9793499999999999,99.46,7600.0,14.0,1.0,,BenchmarkALPMatrix/float/random-finite/n=120/buckets=0/time=regular/ALP/encode
simd,BenchmarkALPMatrix,float,random-finite,120,0,regular,XOR2,decode,6,968.35,963.4,972.3,123.92213559147002,991.335,8.5,0.008067499999999998,8.067499999999999,8.0105,0.058535000000000004,99.93,0.0,0.0,1.0,,BenchmarkALPMatrix/float/random-finite/n=120/buckets=0/time=regular/XOR2/decode
simd,BenchmarkALPMatrix,float,random-finite,120,0,regular,XOR2,encode,6,2279.0,2258.0,2292.0,52.65467310223782,421.275,8.5,0.01873,18.73,18.525,0.2084,98.755,3632.0,10.0,1.0,,BenchmarkALPMatrix/float/random-finite/n=120/buckets=0/time=regular/XOR2/encode
simd,BenchmarkALPMatrix,float,random-finite,32,0,regular,ALP,decode,6,206.3,205.9,206.6,155.11391177896266,1241.1100000000001,9.031,0.0064459999999999995,6.446,6.427,0.015385,100.0,0.0,0.0,1.0,,BenchmarkALPMatrix/float/random-finite/n=32/buckets=0/time=regular/ALP/decode
simd,BenchmarkALPMatrix,float,random-finite,32,0,regular,ALP,encode,6,7275.5,7241.0,7314.0,4.398323139303141,35.19,9.031,0.22675,226.75,226.10000000000002,0.66405,99.8,2832.0,13.0,1.0,,BenchmarkALPMatrix/float/random-finite/n=32/buckets=0/time=regular/ALP/encode
simd,BenchmarkALPMatrix,float,random-finite,32,0,regular,XOR2,decode,6,276.4,275.9,277.8,115.77424023154849,926.155,8.844,0.008638,8.638,8.615,0.02305,100.0,0.0,0.0,1.0,,BenchmarkALPMatrix/float/random-finite/n=32/buckets=0/time=regular/XOR2/decode
simd,BenchmarkALPMatrix,float,random-finite,32,0,regular,XOR2,encode,6,700.75,695.3,703.6,45.6653585444167,365.335,8.844,0.02162,21.62,21.485,0.13165,98.69,1328.0,8.0,1.0,,BenchmarkALPMatrix/float/random-finite/n=32/buckets=0/time=regular/XOR2/encode
simd,BenchmarkALPMatrix,float,stale5,1024,0,regular,ALP,decode,6,3318.0,3304.0,3329.0,308.6196503918023,2469.0950000000003,1.776,0.0032355,3.2355,3.2055,0.030199999999999998,99.89,0.0,0.0,1.0,,BenchmarkALPMatrix/float/stale5/n=1024/buckets=0/time=regular/ALP/decode
simd,BenchmarkALPMatrix,float,stale5,1024,0,regular,ALP,encode,6,20206.0,19917.0,20626.0,50.67801643076314,405.43,1.776,0.019615,19.615000000000002,19.39,0.20465,99.415,13984.0,23.0,1.0,,BenchmarkALPMatrix/float/stale5/n=1024/buckets=0/time=regular/ALP/encode
simd,BenchmarkALPMatrix,float,stale5,1024,0,regular,XOR2,decode,6,19548.5,19441.0,20013.0,52.38253574443052,419.065,8.069,0.019055,19.055,18.915,0.119,99.84,0.0,0.0,1.0,,BenchmarkALPMatrix/float/stale5/n=1024/buckets=0/time=regular/XOR2/decode
simd,BenchmarkALPMatrix,float,stale5,1024,0,regular,XOR2,encode,6,20751.0,20460.0,21191.0,49.347019420750804,394.785,8.069,0.01989,19.89,19.645,0.21765,98.59,34608.0,16.0,1.0,,BenchmarkALPMatrix/float/stale5/n=1024/buckets=0/time=regular/XOR2/encode
simd,BenchmarkALPMatrix,float,stale5,120,0,regular,ALP,decode,6,391.35,389.7,393.5,306.63089306247605,2453.1800000000003,1.875,0.003261,3.261,3.2355,0.02466,99.985,0.0,0.0,1.0,,BenchmarkALPMatrix/float/stale5/n=120/buckets=0/time=regular/ALP/decode
simd,BenchmarkALPMatrix,float,stale5,120,0,regular,ALP,encode,6,2898.0,2848.0,2915.0,41.40786749482402,331.22,1.875,0.023629999999999998,23.63,23.259999999999998,0.36495,97.975,7600.0,14.0,1.0,,BenchmarkALPMatrix/float/stale5/n=120/buckets=0/time=regular/ALP/encode
simd,BenchmarkALPMatrix,float,stale5,120,0,regular,XOR2,decode,6,899.95,890.6,909.8,133.34074115228623,1066.7350000000001,5.725,0.0074935,7.4935,7.4495000000000005,0.04828,99.875,0.0,0.0,1.0,,BenchmarkALPMatrix/float/stale5/n=120/buckets=0/time=regular/XOR2/decode
simd,BenchmarkALPMatrix,float,stale5,120,0,regular,XOR2,encode,6,1838.0,1831.0,1848.0,65.28835690968444,522.2,5.725,0.01514,15.14,14.965,0.17195,98.965,2224.0,9.0,1.0,,BenchmarkALPMatrix/float/stale5/n=120/buckets=0/time=regular/XOR2/encode
simd,BenchmarkALPMatrix,float,stale5,32,0,regular,ALP,decode,6,150.75,149.1,156.4,212.27197346600332,1697.935,3.281,0.004712,4.712,4.6875,0.031674999999999995,100.0,0.0,0.0,1.0,,BenchmarkALPMatrix/float/stale5/n=32/buckets=0/time=regular/ALP/decode
simd,BenchmarkALPMatrix,float,stale5,32,0,regular,ALP,encode,6,1663.0,1656.0,1676.0,19.242333132892362,153.93,3.281,0.05145,51.45,51.125,0.3466,99.03,2256.0,12.0,1.0,,BenchmarkALPMatrix/float/stale5/n=32/buckets=0/time=regular/ALP/encode
simd,BenchmarkALPMatrix,float,stale5,32,0,regular,XOR2,decode,6,251.7,249.4,252.4,127.13547874453715,1017.065,6.531,0.0078665,7.8665,7.854,0.01392,100.0,0.0,0.0,1.0,,BenchmarkALPMatrix/float/stale5/n=32/buckets=0/time=regular/XOR2/decode
simd,BenchmarkALPMatrix,float,stale5,32,0,regular,XOR2,encode,6,564.05,561.3,568.2,56.73255917028633,453.84000000000003,6.531,0.01744,17.44,17.34,0.10665,98.985,816.0,7.0,1.0,,BenchmarkALPMatrix/float/stale5/n=32/buckets=0/time=regular/XOR2/encode
simd,BenchmarkALPMatrix,integer-histogram,bursty,1024,8,regular,ALPv3,decode,6,36149.0,36035.0,36243.0,28.327201305706936,2492.81,19.51,0.035305,35.305,35.22,0.09293000000000001,100.0,0.0,0.0,1.0,,BenchmarkALPMatrix/integer-histogram/bursty/n=1024/buckets=8/time=regular/ALPv3/decode
simd,BenchmarkALPMatrix,integer-histogram,bursty,1024,8,regular,ALPv3,decode-float,6,35613.5,35497.0,35761.0,28.75314136493184,2530.26,19.51,0.034784999999999996,34.785,34.69,0.10339999999999999,100.0,0.0,0.0,1.0,,BenchmarkALPMatrix/integer-histogram/bursty/n=1024/buckets=8/time=regular/ALPv3/decode-float
simd,BenchmarkALPMatrix,integer-histogram,bursty,1024,8,regular,ALPv3,encode,6,445374.5,442915.0,454076.0,2.2991886603296776,202.325,19.51,0.43375,433.75,431.95000000000005,1.4235,99.72,188720.0,83.0,1.0,,BenchmarkALPMatrix/integer-histogram/bursty/n=1024/buckets=8/time=regular/ALPv3/encode
simd,BenchmarkALPMatrix,integer-histogram,bursty,1024,8,regular,legacy,decode,6,88338.0,88071.0,88641.0,11.591840431071565,1020.0799999999999,16.43,0.08627000000000001,86.27000000000001,85.975,0.2484,100.0,16.0,2.0,1.0,,BenchmarkALPMatrix/integer-histogram/bursty/n=1024/buckets=8/time=regular/legacy/decode
simd,BenchmarkALPMatrix,integer-histogram,bursty,1024,8,regular,legacy,decode-float,6,89718.5,89607.0,90499.0,11.413476596242692,1004.385,16.43,0.08761500000000001,87.61500000000001,87.46000000000001,0.15795,100.0,16.0,2.0,1.0,,BenchmarkALPMatrix/integer-histogram/bursty/n=1024/buckets=8/time=regular/legacy/decode-float
simd,BenchmarkALPMatrix,integer-histogram,bursty,1024,8,regular,legacy,encode,6,216979.5,215615.0,218272.0,4.719339845469272,415.305,16.43,0.21145,211.45,210.6,0.6849000000000001,99.745,85408.0,25.0,1.0,,BenchmarkALPMatrix/integer-histogram/bursty/n=1024/buckets=8/time=regular/legacy/encode
simd,BenchmarkALPMatrix,integer-histogram,bursty,120,128,regular,ALPv3,decode,6,30466.0,29864.0,31419.0,3.9388170419484014,4128.1900000000005,131.3,0.25155,251.55,247.85,3.6695,98.96000000000001,0.0,0.0,1.0,,BenchmarkALPMatrix/integer-histogram/bursty/n=120/buckets=128/time=regular/ALPv3/decode
simd,BenchmarkALPMatrix,integer-histogram,bursty,120,128,regular,ALPv3,decode-float,6,33881.0,33078.0,38566.0,3.541808093031493,3712.94,131.3,0.27454999999999996,274.54999999999995,266.1,8.4555,97.05000000000001,0.0,0.0,1.0,,BenchmarkALPMatrix/integer-histogram/bursty/n=120/buckets=128/time=regular/ALPv3/decode-float
simd,BenchmarkALPMatrix,integer-histogram,bursty,120,128,regular,ALPv3,encode,6,487130.5,470478.0,502254.0,0.24634055966522317,258.185,131.3,4.02,4020.0,3958.0,62.445,99.035,138496.0,73.0,1.0,,BenchmarkALPMatrix/integer-histogram/bursty/n=120/buckets=128/time=regular/ALPv3/encode
simd,BenchmarkALPMatrix,integer-histogram,bursty,120,128,regular,legacy,decode,6,99199.5,97886.0,103016.0,1.2096835165499826,1267.795,94.92,0.82505,825.05,815.9,8.7495,99.805,16.0,2.0,1.0,,BenchmarkALPMatrix/integer-histogram/bursty/n=120/buckets=128/time=regular/legacy/decode
simd,BenchmarkALPMatrix,integer-histogram,bursty,120,128,regular,legacy,decode-float,6,103581.5,102165.0,105391.0,1.1585080347359327,1214.125,94.92,0.8606500000000001,860.6500000000001,854.2,6.4635,99.74000000000001,16.0,2.0,1.0,,BenchmarkALPMatrix/integer-histogram/bursty/n=120/buckets=128/time=regular/legacy/decode-float
simd,BenchmarkALPMatrix,integer-histogram,bursty,120,128,regular,legacy,encode,6,244448.5,242183.0,250193.0,0.49090094641611626,514.47,94.92,2.0305,2030.5,2011.0,21.35,99.635,49184.0,23.0,1.0,,BenchmarkALPMatrix/integer-histogram/bursty/n=120/buckets=128/time=regular/legacy/encode
simd,BenchmarkALPMatrix,integer-histogram,bursty,120,8,regular,ALPv3,decode,6,4355.0,4349.0,4364.0,27.554535017221585,2424.855,20.36,0.036265,36.265,35.98,0.2767,99.935,0.0,0.0,1.0,,BenchmarkALPMatrix/integer-histogram/bursty/n=120/buckets=8/time=regular/ALPv3/decode
simd,BenchmarkALPMatrix,integer-histogram,bursty,120,8,regular,ALPv3,decode-float,6,4340.0,4299.0,4451.0,27.649769585253456,2433.37,20.36,0.036120000000000006,36.120000000000005,35.785,0.28905000000000003,99.87,0.0,0.0,1.0,,BenchmarkALPMatrix/integer-histogram/bursty/n=120/buckets=8/time=regular/ALPv3/decode-float
simd,BenchmarkALPMatrix,integer-histogram,bursty,120,8,regular,ALPv3,encode,6,50741.0,50376.0,51033.0,2.3649514199562485,208.115,20.36,0.42155000000000004,421.55,417.9,3.59,99.75999999999999,17008.0,60.0,1.0,,BenchmarkALPMatrix/integer-histogram/bursty/n=120/buckets=8/time=regular/ALPv3/encode
simd,BenchmarkALPMatrix,integer-histogram,bursty,120,8,regular,legacy,decode,6,8689.5,8603.0,8766.0,13.809770412566891,1215.25,14.06,0.072375,72.375,71.825,0.54215,99.88,16.0,2.0,1.0,,BenchmarkALPMatrix/integer-histogram/bursty/n=120/buckets=8/time=regular/legacy/decode
simd,BenchmarkALPMatrix,integer-histogram,bursty,120,8,regular,legacy,decode-float,6,9036.5,9021.0,9091.0,13.27947767387816,1168.63,14.06,0.07522999999999999,75.22999999999999,74.68,0.61365,99.86,16.0,2.0,1.0,,BenchmarkALPMatrix/integer-histogram/bursty/n=120/buckets=8/time=regular/legacy/decode-float
simd,BenchmarkALPMatrix,integer-histogram,bursty,120,8,regular,legacy,encode,6,23646.0,23354.0,23701.0,5.074854097944684,446.595,14.06,0.19625,196.25,194.45,1.915,99.69,6048.0,17.0,1.0,,BenchmarkALPMatrix/integer-histogram/bursty/n=120/buckets=8/time=regular/legacy/encode
simd,BenchmarkALPMatrix,integer-histogram,bursty,32,8,regular,ALPv3,decode,6,1220.5,1218.0,1224.0,26.218762802130275,2307.23,18.16,0.038145000000000005,38.145,38.019999999999996,0.10915,100.0,0.0,0.0,1.0,,BenchmarkALPMatrix/integer-histogram/bursty/n=32/buckets=8/time=regular/ALPv3/decode
simd,BenchmarkALPMatrix,integer-histogram,bursty,32,8,regular,ALPv3,decode-float,6,1220.0,1217.0,1226.0,26.229508196721312,2307.7,18.16,0.03814,38.14,38.02,0.11985,100.0,0.0,0.0,1.0,,BenchmarkALPMatrix/integer-histogram/bursty/n=32/buckets=8/time=regular/ALPv3/decode-float
simd,BenchmarkALPMatrix,integer-histogram,bursty,32,8,regular,ALPv3,encode,6,17755.0,17713.0,17953.0,1.802309208673613,158.60500000000002,18.16,0.5541500000000001,554.1500000000001,552.2,1.9345,99.875,5312.0,52.0,1.0,,BenchmarkALPMatrix/integer-histogram/bursty/n=32/buckets=8/time=regular/ALPv3/encode
simd,BenchmarkALPMatrix,integer-histogram,bursty,32,8,regular,legacy,decode,6,2096.5,2068.0,2106.0,15.263534462198903,1343.065,14.16,0.06552,65.52,65.42,0.1391,99.995,16.0,2.0,1.0,,BenchmarkALPMatrix/integer-histogram/bursty/n=32/buckets=8/time=regular/legacy/decode
simd,BenchmarkALPMatrix,integer-histogram,bursty,32,8,regular,legacy,decode-float,6,2180.5,2174.0,2183.0,14.675533134602155,1291.565,14.16,0.06813499999999999,68.13499999999999,67.925,0.20705,100.0,16.0,2.0,1.0,,BenchmarkALPMatrix/integer-histogram/bursty/n=32/buckets=8/time=regular/legacy/decode-float
simd,BenchmarkALPMatrix,integer-histogram,bursty,32,8,regular,legacy,encode,6,6279.0,6188.0,6306.0,5.096352922439879,448.485,14.16,0.196,196.0,195.3,0.6831499999999999,99.89,1696.0,14.0,1.0,,BenchmarkALPMatrix/integer-histogram/bursty/n=32/buckets=8/time=regular/legacy/encode
simd,BenchmarkALPMatrix,integer-histogram,gauge,120,128,regular,ALPv3,decode,6,31301.5,31255.0,31491.0,3.8336820919125283,4017.7200000000003,298.4,0.26085,260.85,260.29999999999995,0.5726,100.0,0.0,0.0,1.0,,BenchmarkALPMatrix/integer-histogram/gauge/n=120/buckets=128/time=regular/ALPv3/decode
simd,BenchmarkALPMatrix,integer-histogram,gauge,120,128,regular,ALPv3,decode-float,6,32632.5,32616.0,32652.0,3.6773155596414617,3853.85,298.4,0.27194999999999997,271.95,271.3,0.6856500000000001,100.0,0.0,0.0,1.0,,BenchmarkALPMatrix/integer-histogram/gauge/n=120/buckets=128/time=regular/ALPv3/decode-float
simd,BenchmarkALPMatrix,integer-histogram,gauge,120,128,regular,ALPv3,encode,6,686382.5,684131.0,687545.0,0.1748296321657385,183.22,298.4,5.696,5696.0,5675.5,20.32,99.58,421488.0,319.0,1.0,,BenchmarkALPMatrix/integer-histogram/gauge/n=120/buckets=128/time=regular/ALPv3/encode
simd,BenchmarkALPMatrix,integer-histogram,gauge,120,128,regular,legacy,decode,6,203633.0,203495.0,204148.0,0.5892954481837424,617.58,375.4,1.697,1697.0,1694.0,2.6435,100.0,16.0,2.0,1.0,,BenchmarkALPMatrix/integer-histogram/gauge/n=120/buckets=128/time=regular/legacy/decode
simd,BenchmarkALPMatrix,integer-histogram,gauge,120,128,regular,legacy,decode-float,6,207937.5,207843.0,208285.0,0.5770964833183048,604.7950000000001,375.4,1.733,1733.0,1729.0,4.587,100.0,16.0,2.0,1.0,,BenchmarkALPMatrix/integer-histogram/gauge/n=120/buckets=128/time=regular/legacy/decode-float
simd,BenchmarkALPMatrix,integer-histogram,gauge,120,128,regular,legacy,encode,6,375847.5,374072.0,377094.0,0.31927843074651285,334.605,375.4,3.116,3116.0,3104.5,10.765,99.61500000000001,216208.0,266.0,1.0,,BenchmarkALPMatrix/integer-histogram/gauge/n=120/buckets=128/time=regular/legacy/encode
simd,BenchmarkALPMatrix,integer-histogram,gauge,120,8,regular,ALPv3,decode,6,4540.5,4523.0,4560.0,26.428807400066074,2325.8050000000003,26.14,0.037785,37.785,37.47,0.35240000000000005,99.9,0.0,0.0,1.0,,BenchmarkALPMatrix/integer-histogram/gauge/n=120/buckets=8/time=regular/ALPv3/decode
simd,BenchmarkALPMatrix,integer-histogram,gauge,120,8,regular,ALPv3,decode-float,6,4480.5,4468.0,4516.0,26.782725142283226,2356.8999999999996,26.14,0.037335,37.335,37.025,0.33865,99.895,0.0,0.0,1.0,,BenchmarkALPMatrix/integer-histogram/gauge/n=120/buckets=8/time=regular/ALPv3/decode-float
simd,BenchmarkALPMatrix,integer-histogram,gauge,120,8,regular,ALPv3,encode,6,67333.0,66304.0,68144.0,1.7821870405299036,156.82999999999998,26.14,0.55825,558.25,552.4,5.9145,99.555,29664.0,301.0,1.0,,BenchmarkALPMatrix/integer-histogram/gauge/n=120/buckets=8/time=regular/ALPv3/encode
simd,BenchmarkALPMatrix,integer-histogram,gauge,120,8,regular,legacy,decode,6,15588.5,15538.0,15705.0,7.697982487089842,677.4200000000001,33.39,0.12975,129.75,129.05,0.8521,99.885,16.0,2.0,1.0,,BenchmarkALPMatrix/integer-histogram/gauge/n=120/buckets=8/time=regular/legacy/decode
simd,BenchmarkALPMatrix,integer-histogram,gauge,120,8,regular,legacy,decode-float,6,15996.5,15897.0,16029.0,7.501640983965243,660.1500000000001,33.39,0.13319999999999999,133.2,132.1,1.0965,99.925,16.0,2.0,1.0,,BenchmarkALPMatrix/integer-histogram/gauge/n=120/buckets=8/time=regular/legacy/decode-float
simd,BenchmarkALPMatrix,integer-histogram,gauge,120,8,regular,legacy,encode,6,32726.0,32566.0,33706.0,3.6668092648047423,322.68,33.39,0.27155,271.55,268.95000000000005,2.5725,99.52000000000001,15120.0,257.0,1.0,,BenchmarkALPMatrix/integer-histogram/gauge/n=120/buckets=8/time=regular/legacy/encode
simd,BenchmarkALPMatrix,integer-histogram,layout,120,128,regular,ALPv3,decode,6,26977.5,26947.0,27098.0,4.448151237142063,4697.3,26.03,0.2248,224.8,224.14999999999998,0.7674000000000001,100.0,0.0,0.0,2.0,,BenchmarkALPMatrix/integer-histogram/layout/n=120/buckets=128/time=regular/ALPv3/decode
simd,BenchmarkALPMatrix,integer-histogram,layout,120,128,regular,ALPv3,decode-float,6,27773.5,27752.0,27820.0,4.3206653824689,4562.585,26.03,0.2315,231.5,230.9,0.56085,100.0,0.0,0.0,2.0,,BenchmarkALPMatrix/integer-histogram/layout/n=120/buckets=128/time=regular/ALPv3/decode-float
simd,BenchmarkALPMatrix,integer-histogram,layout,120,128,regular,ALPv3,encode,6,238592.5,238254.0,239419.0,0.5029495897817409,531.115,26.03,1.987,1987.0,1981.0,6.359,99.93,44776.0,115.0,2.0,,BenchmarkALPMatrix/integer-histogram/layout/n=120/buckets=128/time=regular/ALPv3/encode
simd,BenchmarkALPMatrix,integer-histogram,layout,120,128,regular,legacy,decode,6,46628.5,46586.0,48535.0,2.5735333540645744,2717.63,27.71,0.3886,388.6,387.7,1.159,100.0,32.0,4.0,2.0,,BenchmarkALPMatrix/integer-histogram/layout/n=120/buckets=128/time=regular/legacy/decode
simd,BenchmarkALPMatrix,integer-histogram,layout,120,128,regular,legacy,decode-float,6,51062.0,51009.0,51170.0,2.350084211350907,2481.7,27.71,0.42560000000000003,425.6,424.5,1.108,100.0,32.0,4.0,2.0,,BenchmarkALPMatrix/integer-histogram/layout/n=120/buckets=128/time=regular/legacy/decode-float
simd,BenchmarkALPMatrix,integer-histogram,layout,120,128,regular,legacy,encode,6,135289.5,134583.0,136856.0,0.8869867949840897,936.6600000000001,27.71,1.127,1127.0,1102.5,24.67,99.98,15912.0,33.0,2.0,,BenchmarkALPMatrix/integer-histogram/layout/n=120/buckets=128/time=regular/legacy/encode
simd,BenchmarkALPMatrix,integer-histogram,layout,120,8,regular,ALPv3,decode,6,4467.5,4433.0,4499.0,26.86066032456631,2578.67,7.567,0.03724,37.24,37.114999999999995,0.11925,100.0,0.0,0.0,2.0,,BenchmarkALPMatrix/integer-histogram/layout/n=120/buckets=8/time=regular/ALPv3/decode
simd,BenchmarkALPMatrix,integer-histogram,layout,120,8,regular,ALPv3,decode-float,6,4436.0,4431.0,4446.0,27.051397655545536,2596.9700000000003,7.567,0.036965000000000005,36.965,36.875,0.1286,100.0,0.0,0.0,2.0,,BenchmarkALPMatrix/integer-histogram/layout/n=120/buckets=8/time=regular/ALPv3/decode-float
simd,BenchmarkALPMatrix,integer-histogram,layout,120,8,regular,ALPv3,encode,6,44695.5,44560.0,44854.0,2.684834043695674,257.74,7.567,0.37205,372.05,370.9,1.221,99.9,11448.0,105.0,2.0,,BenchmarkALPMatrix/integer-histogram/layout/n=120/buckets=8/time=regular/ALPv3/encode
simd,BenchmarkALPMatrix,integer-histogram,layout,120,8,regular,legacy,decode,6,5913.0,5907.0,5937.0,20.294266869609334,1948.205,9.4,0.049280000000000004,49.28,49.2,0.10933499999999999,100.0,32.0,4.0,2.0,,BenchmarkALPMatrix/integer-histogram/layout/n=120/buckets=8/time=regular/legacy/decode
simd,BenchmarkALPMatrix,integer-histogram,layout,120,8,regular,legacy,decode-float,6,6099.0,6090.0,6139.0,19.675356615838663,1888.795,9.4,0.050825,50.825,50.66,0.1671,100.0,32.0,4.0,2.0,,BenchmarkALPMatrix/integer-histogram/layout/n=120/buckets=8/time=regular/legacy/decode-float
simd,BenchmarkALPMatrix,integer-histogram,layout,120,8,regular,legacy,encode,6,17804.0,17693.0,17846.0,6.740058413839587,647.04,9.4,0.1482,148.2,147.6,0.6416999999999999,99.89,4968.0,29.0,2.0,,BenchmarkALPMatrix/integer-histogram/layout/n=120/buckets=8/time=regular/legacy/encode
simd,BenchmarkALPMatrix,integer-histogram,resets,120,128,regular,ALPv3,decode,6,27716.5,27330.0,28039.0,4.329550989482799,4537.67,33.3,0.22945,229.45,226.55,2.811,99.41,0.0,0.0,4.0,,BenchmarkALPMatrix/integer-histogram/resets/n=120/buckets=128/time=regular/ALPv3/decode
simd,BenchmarkALPMatrix,integer-histogram,resets,120,128,regular,ALPv3,decode-float,6,28935.5,28602.0,29522.0,4.147154878954917,4346.205,33.3,0.24014999999999997,240.14999999999998,237.35000000000002,2.8515,99.61000000000001,0.0,0.0,4.0,,BenchmarkALPMatrix/integer-histogram/resets/n=120/buckets=128/time=regular/ALPv3/decode-float
simd,BenchmarkALPMatrix,integer-histogram,resets,120,128,regular,ALPv3,encode,6,264306.0,260377.0,268549.0,0.45401920501237203,475.82500000000005,33.3,2.196,2196.0,2173.0,23.21,99.66999999999999,64944.0,209.0,4.0,,BenchmarkALPMatrix/integer-histogram/resets/n=120/buckets=128/time=regular/ALPv3/encode
simd,BenchmarkALPMatrix,integer-histogram,resets,120,128,regular,legacy,decode,6,48640.0,48450.0,48766.0,2.4671052631578947,2585.535,29.44,0.40475,404.75,401.29999999999995,3.4295,99.89500000000001,64.0,8.0,4.0,,BenchmarkALPMatrix/integer-histogram/resets/n=120/buckets=128/time=regular/legacy/decode
simd,BenchmarkALPMatrix,integer-histogram,resets,120,128,regular,legacy,decode-float,6,53167.5,52943.0,53602.0,2.2570179150797007,2365.335,29.44,0.44245,442.45,439.7,2.755,99.89,64.0,8.0,4.0,,BenchmarkALPMatrix/integer-histogram/resets/n=120/buckets=128/time=regular/legacy/decode-float
simd,BenchmarkALPMatrix,integer-histogram,resets,120,128,regular,legacy,encode,6,134277.5,133915.0,134924.0,0.8936716873638547,936.5699999999999,29.44,1.117,1117.0,1107.5,10.071,99.805,17136.0,53.0,4.0,,BenchmarkALPMatrix/integer-histogram/resets/n=120/buckets=128/time=regular/legacy/encode
simd,BenchmarkALPMatrix,integer-histogram,resets,120,8,regular,ALPv3,decode,6,4565.0,4551.0,4704.0,26.286966046002192,2313.285,10.9,0.03805,38.05,37.915,0.09978500000000001,100.0,0.0,0.0,4.0,,BenchmarkALPMatrix/integer-histogram/resets/n=120/buckets=8/time=regular/ALPv3/decode
simd,BenchmarkALPMatrix,integer-histogram,resets,120,8,regular,ALPv3,decode-float,6,4509.0,4504.0,4517.0,26.61343978709248,2342.065,10.9,0.037579999999999995,37.58,37.475,0.097315,100.0,0.0,0.0,4.0,,BenchmarkALPMatrix/integer-histogram/resets/n=120/buckets=8/time=regular/ALPv3/decode-float
simd,BenchmarkALPMatrix,integer-histogram,resets,120,8,regular,ALPv3,encode,6,57326.5,56688.0,58068.0,2.093272744716667,184.20999999999998,10.9,0.47525,475.25,472.9,1.52,99.465,17136.0,197.0,4.0,,BenchmarkALPMatrix/integer-histogram/resets/n=120/buckets=8/time=regular/ALPv3/encode
simd,BenchmarkALPMatrix,integer-histogram,resets,120,8,regular,legacy,decode,6,5752.0,5739.0,5770.0,20.86230876216968,1835.865,9.775,0.047945,47.945,47.805,0.1221,100.0,64.0,8.0,4.0,,BenchmarkALPMatrix/integer-histogram/resets/n=120/buckets=8/time=regular/legacy/decode
simd,BenchmarkALPMatrix,integer-histogram,resets,120,8,regular,legacy,decode-float,6,5895.0,5889.0,5932.0,20.356234096692113,1791.315,9.775,0.04912999999999999,49.129999999999995,49.004999999999995,0.09626,100.0,64.0,8.0,4.0,,BenchmarkALPMatrix/integer-histogram/resets/n=120/buckets=8/time=regular/legacy/decode-float
simd,BenchmarkALPMatrix,integer-histogram,resets,120,8,regular,legacy,encode,6,17235.5,16963.0,17273.0,6.962374169591831,612.685,9.775,0.1434,143.4,143.0,0.43875,99.83,5872.0,49.0,4.0,,BenchmarkALPMatrix/integer-histogram/resets/n=120/buckets=8/time=regular/legacy/encode
simd,BenchmarkALPMatrix,integer-histogram,smooth,1024,8,regular,ALPv3,decode,6,34525.5,34312.0,34775.0,29.65923737527335,2610.0,4.749,0.03367,33.67,33.370000000000005,0.29345,99.895,0.0,0.0,1.0,,BenchmarkALPMatrix/integer-histogram/smooth/n=1024/buckets=8/time=regular/ALPv3/decode
simd,BenchmarkALPMatrix,integer-histogram,smooth,1024,8,regular,ALPv3,decode-float,6,34451.5,34154.0,35055.0,29.722943848598756,2615.61,4.749,0.033585000000000004,33.585,33.290000000000006,0.31779999999999997,99.805,0.0,0.0,1.0,,BenchmarkALPMatrix/integer-histogram/smooth/n=1024/buckets=8/time=regular/ALPv3/decode-float
simd,BenchmarkALPMatrix,integer-histogram,smooth,1024,8,regular,ALPv3,encode,6,297532.0,294067.0,304124.0,3.4416466128013123,302.865,4.749,0.2894,289.4,286.75,2.6415,99.62,75824.0,73.0,1.0,,BenchmarkALPMatrix/integer-histogram/smooth/n=1024/buckets=8/time=regular/ALPv3/encode
simd,BenchmarkALPMatrix,integer-histogram,smooth,1024,8,regular,legacy,decode,6,52713.5,51963.0,53467.0,19.425763798647406,1709.47,11.29,0.051435,51.435,51.055,0.4353,99.91,16.0,2.0,1.0,,BenchmarkALPMatrix/integer-histogram/smooth/n=1024/buckets=8/time=regular/legacy/decode
simd,BenchmarkALPMatrix,integer-histogram,smooth,1024,8,regular,legacy,decode-float,6,54989.5,54245.0,55261.0,18.621736877040163,1638.7350000000001,11.29,0.053579999999999996,53.58,53.045,0.482,99.84,16.0,2.0,1.0,,BenchmarkALPMatrix/integer-histogram/smooth/n=1024/buckets=8/time=regular/legacy/decode-float
simd,BenchmarkALPMatrix,integer-histogram,smooth,1024,8,regular,legacy,encode,6,141235.5,138951.0,158784.0,7.250301800892835,638.0350000000001,11.29,0.1373,137.3,136.0,1.3205,99.51,47264.0,23.0,1.0,,BenchmarkALPMatrix/integer-histogram/smooth/n=1024/buckets=8/time=regular/legacy/encode
simd,BenchmarkALPMatrix,integer-histogram,smooth,120,1031,regular,ALPv3,decode,6,191285.5,191122.0,191435.0,0.6273345339819275,5189.305,129.6,1.594,1594.0,1589.0,4.803,100.0,0.0,0.0,1.0,,BenchmarkALPMatrix/integer-histogram/smooth/n=120/buckets=1031/time=regular/ALPv3/decode
simd,BenchmarkALPMatrix,integer-histogram,smooth,120,1031,regular,ALPv3,decode-float,6,221959.5,221389.0,223673.0,0.5406391706595122,4472.19,129.6,1.8495,1849.5,1845.5,4.399,100.0,0.0,0.0,1.0,,BenchmarkALPMatrix/integer-histogram/smooth/n=120/buckets=1031/time=regular/ALPv3/decode-float
simd,BenchmarkALPMatrix,integer-histogram,smooth,120,1031,regular,ALPv3,encode,6,1632414.5,1631910.0,1638810.0,0.07351074129762998,608.0799999999999,129.6,13.6,13600.0,13567.5,37.0,99.955,253824.0,75.0,1.0,,BenchmarkALPMatrix/integer-histogram/smooth/n=120/buckets=1031/time=regular/ALPv3/encode
simd,BenchmarkALPMatrix,integer-histogram,smooth,120,1031,regular,legacy,decode,6,341265.0,340968.0,341799.0,0.3516328952573513,2908.705,146.6,2.844,2844.0,2839.0,4.337,100.0,16.0,2.0,1.0,,BenchmarkALPMatrix/integer-histogram/smooth/n=120/buckets=1031/time=regular/legacy/decode
simd,BenchmarkALPMatrix,integer-histogram,smooth,120,1031,regular,legacy,decode-float,6,400353.0,399980.0,400542.0,0.29973548343586787,2479.415,146.6,3.336,3336.0,3328.0,8.4825,100.0,16.0,2.0,1.0,,BenchmarkALPMatrix/integer-histogram/smooth/n=120/buckets=1031/time=regular/legacy/decode-float
simd,BenchmarkALPMatrix,integer-histogram,smooth,120,1031,regular,legacy,encode,6,927811.0,926690.0,929572.0,0.12933668602765003,1069.875,146.6,7.729,7729.0,7706.0,23.12,99.96,104736.0,25.0,1.0,,BenchmarkALPMatrix/integer-histogram/smooth/n=120/buckets=1031/time=regular/legacy/encode
simd,BenchmarkALPMatrix,integer-histogram,smooth,120,128,regular,ALPv3,decode,6,26536.5,26443.0,26642.0,4.522073370640439,4739.145,21.23,0.22105000000000002,221.05,219.14999999999998,1.814,99.92500000000001,0.0,0.0,1.0,,BenchmarkALPMatrix/integer-histogram/smooth/n=120/buckets=128/time=regular/ALPv3/decode
simd,BenchmarkALPMatrix,integer-histogram,smooth,120,128,regular,ALPv3,decode-float,6,27955.5,27858.0,28071.0,4.292536352417234,4498.585,21.23,0.2327,232.7,230.75,2.0175,99.89,0.0,0.0,1.0,,BenchmarkALPMatrix/integer-histogram/smooth/n=120/buckets=128/time=regular/ALPv3/decode-float
simd,BenchmarkALPMatrix,integer-histogram,smooth,120,128,regular,ALPv3,encode,6,231166.0,228686.0,232597.0,0.5191074812039833,544.0250000000001,21.23,1.92,1920.0,1902.0,18.23,99.755,32128.0,62.0,1.0,,BenchmarkALPMatrix/integer-histogram/smooth/n=120/buckets=128/time=regular/ALPv3/encode
simd,BenchmarkALPMatrix,integer-histogram,smooth,120,128,regular,legacy,decode,6,45642.5,45439.0,45860.0,2.6291285534315607,2755.32,25.07,0.37960000000000005,379.6,377.25,2.5725,99.87,16.0,2.0,1.0,,BenchmarkALPMatrix/integer-histogram/smooth/n=120/buckets=128/time=regular/legacy/decode
simd,BenchmarkALPMatrix,integer-histogram,smooth,120,128,regular,legacy,decode-float,6,50018.5,49937.0,50323.0,2.399112328438478,2514.2650000000003,25.07,0.41635,416.35,412.54999999999995,3.58,99.87,16.0,2.0,1.0,,BenchmarkALPMatrix/integer-histogram/smooth/n=120/buckets=128/time=regular/legacy/decode-float
simd,BenchmarkALPMatrix,integer-histogram,smooth,120,128,regular,legacy,encode,6,127324.5,126939.0,128588.0,0.9424737579963008,987.715,25.07,1.0585,1058.5,1048.0,11.715,99.77000000000001,11040.0,18.0,1.0,,BenchmarkALPMatrix/integer-histogram/smooth/n=120/buckets=128/time=regular/legacy/encode
simd,BenchmarkALPMatrix,integer-histogram,smooth,120,8,regular,ALPv1,decode,6,3841.5,3829.0,3866.0,31.237797735259665,2748.885,11.71,0.03202,32.02,31.924999999999997,0.08502,100.0,0.0,0.0,1.0,,BenchmarkALPMatrix/integer-histogram/smooth/n=120/buckets=8/time=regular/ALPv1/decode
simd,BenchmarkALPMatrix,integer-histogram,smooth,120,8,regular,ALPv1,decode-cold,6,6620.0,6587.0,6874.0,18.12688821752266,1595.185,11.71,0.05439,54.39,54.019999999999996,0.3479,98.50999999999999,12080.0,16.0,1.0,,BenchmarkALPMatrix/integer-histogram/smooth/n=120/buckets=8/time=regular/ALPv1/decode-cold
simd,BenchmarkALPMatrix,integer-histogram,smooth,120,8,regular,ALPv1,decode-float,6,3789.0,3784.0,3798.0,31.670625494853525,2787.1549999999997,11.71,0.031575,31.575,31.490000000000002,0.089585,100.0,0.0,0.0,1.0,,BenchmarkALPMatrix/integer-histogram/smooth/n=120/buckets=8/time=regular/ALPv1/decode-float
simd,BenchmarkALPMatrix,integer-histogram,smooth,120,8,regular,ALPv1,encode,6,33828.0,33460.0,33877.0,3.5473572188719404,312.17,11.71,0.28145,281.45,280.0,1.0270000000000001,99.86500000000001,10432.0,57.0,1.0,,BenchmarkALPMatrix/integer-histogram/smooth/n=120/buckets=8/time=regular/ALPv1/encode
simd,BenchmarkALPMatrix,integer-histogram,smooth,120,8,regular,ALPv3,decode,6,4131.0,4122.0,4153.0,29.04865649963689,2556.1099999999997,5.825,0.034435,34.435,34.335,0.09533,100.0,0.0,0.0,1.0,,BenchmarkALPMatrix/integer-histogram/smooth/n=120/buckets=8/time=regular/ALPv3/decode
simd,BenchmarkALPMatrix,integer-histogram,smooth,120,8,regular,ALPv3,decode-cold,6,6418.5,6355.0,6462.0,18.6959569992989,1645.165,5.825,0.05328,53.28,52.99,0.21555000000000002,99.63,4272.0,16.0,1.0,,BenchmarkALPMatrix/integer-histogram/smooth/n=120/buckets=8/time=regular/ALPv3/decode-cold
simd,BenchmarkALPMatrix,integer-histogram,smooth,120,8,regular,ALPv3,decode-float,6,4050.5,4043.0,4056.0,29.625972102209605,2607.215,5.825,0.03375499999999999,33.754999999999995,33.644999999999996,0.100545,100.0,0.0,0.0,1.0,,BenchmarkALPMatrix/integer-histogram/smooth/n=120/buckets=8/time=regular/ALPv3/decode-float
simd,BenchmarkALPMatrix,integer-histogram,smooth,120,8,regular,ALPv3,encode,6,34201.0,34055.0,34254.0,3.508669337153884,308.76,5.825,0.28475,284.75,283.6,0.7348,99.9,8688.0,56.0,1.0,,BenchmarkALPMatrix/integer-histogram/smooth/n=120/buckets=8/time=regular/ALPv3/encode
simd,BenchmarkALPMatrix,integer-histogram,smooth,120,8,regular,legacy,decode,6,5188.5,5177.0,5221.0,23.12807169702226,2035.12,8.917,0.04325,43.25,42.81,0.4955,100.0,16.0,2.0,1.0,,BenchmarkALPMatrix/integer-histogram/smooth/n=120/buckets=8/time=regular/legacy/decode
simd,BenchmarkALPMatrix,integer-histogram,smooth,120,8,regular,legacy,decode-cold,6,6069.5,6049.0,6102.0,19.770986077930637,1739.855,8.917,0.050545,50.545,50.015,0.544,99.93,880.0,15.0,1.0,,BenchmarkALPMatrix/integer-histogram/smooth/n=120/buckets=8/time=regular/legacy/decode-cold
simd,BenchmarkALPMatrix,integer-histogram,smooth,120,8,regular,legacy,decode-float,6,5326.0,5307.0,5349.0,22.53098009763425,1982.705,8.917,0.04438,44.38,44.085,0.23104999999999998,100.0,16.0,2.0,1.0,,BenchmarkALPMatrix/integer-histogram/smooth/n=120/buckets=8/time=regular/legacy/decode-float
simd,BenchmarkALPMatrix,integer-histogram,smooth,120,8,regular,legacy,encode,6,15072.5,14992.0,15264.0,7.961519323270857,700.615,8.917,0.1255,125.5,124.35,1.2165,99.88,4000.0,16.0,1.0,,BenchmarkALPMatrix/integer-histogram/smooth/n=120/buckets=8/time=regular/legacy/encode
simd,BenchmarkALPMatrix,integer-histogram,smooth,32,8,regular,ALPv3,decode,6,1210.5,1207.0,1213.0,26.435357290375876,2326.635,10.34,0.037825000000000004,37.825,37.74,0.08953,100.0,0.0,0.0,1.0,,BenchmarkALPMatrix/integer-histogram/smooth/n=32/buckets=8/time=regular/ALPv3/decode
simd,BenchmarkALPMatrix,integer-histogram,smooth,32,8,regular,ALPv3,decode-float,6,1200.0,1197.0,1224.0,26.666666666666668,2346.285,10.34,0.037509999999999995,37.51,37.415,0.09791,100.0,0.0,0.0,1.0,,BenchmarkALPMatrix/integer-histogram/smooth/n=32/buckets=8/time=regular/ALPv3/decode-float
simd,BenchmarkALPMatrix,integer-histogram,smooth,32,8,regular,ALPv3,encode,6,14528.5,14510.0,14703.0,2.2025673675878448,193.82,10.34,0.45344999999999996,453.45,452.04999999999995,1.4475,99.875,4512.0,51.0,1.0,,BenchmarkALPMatrix/integer-histogram/smooth/n=32/buckets=8/time=regular/ALPv3/encode
simd,BenchmarkALPMatrix,integer-histogram,smooth,32,8,regular,legacy,decode,6,1499.0,1490.0,1501.0,21.34756504336224,1878.365,9.719,0.046845,46.845,46.775,0.07559,99.995,16.0,2.0,1.0,,BenchmarkALPMatrix/integer-histogram/smooth/n=32/buckets=8/time=regular/legacy/decode
simd,BenchmarkALPMatrix,integer-histogram,smooth,32,8,regular,legacy,decode-float,6,1550.0,1547.0,1585.0,20.64516129032258,1816.7849999999999,9.719,0.04844,48.44,48.32,0.11395,100.0,16.0,2.0,1.0,,BenchmarkALPMatrix/integer-histogram/smooth/n=32/buckets=8/time=regular/legacy/decode-float
simd,BenchmarkALPMatrix,integer-histogram,smooth,32,8,regular,legacy,encode,6,4528.5,4501.0,4537.0,7.06635751352545,621.84,9.719,0.14125,141.25,140.85000000000002,0.4485,99.815,1696.0,14.0,1.0,,BenchmarkALPMatrix/integer-histogram/smooth/n=32/buckets=8/time=regular/legacy/encode
simd,BenchmarkALPMatrix,integer-histogram,stale,120,128,regular,ALPv3,decode,6,30743.5,30430.0,31189.0,3.903264104607478,3890.8149999999996,62.02,0.25565,255.65,253.35,2.4095,99.74000000000001,6240.0,24.0,6.0,,BenchmarkALPMatrix/integer-histogram/stale/n=120/buckets=128/time=regular/ALPv3/decode
simd,BenchmarkALPMatrix,integer-histogram,stale,120,128,regular,ALPv3,decode-float,6,31872.0,31469.0,32001.0,3.7650602409638556,3753.0299999999997,62.02,0.26505,265.05,262.35,2.4335,99.795,6240.0,24.0,6.0,,BenchmarkALPMatrix/integer-histogram/stale/n=120/buckets=128/time=regular/ALPv3/decode-float
simd,BenchmarkALPMatrix,integer-histogram,stale,120,128,regular,ALPv3,encode,6,284031.5,283364.0,287205.0,0.4224883507639117,421.14,62.02,2.3575,2357.5,2334.0,25.15,99.595,107024.0,320.0,6.0,,BenchmarkALPMatrix/integer-histogram/stale/n=120/buckets=128/time=regular/ALPv3/encode
simd,BenchmarkALPMatrix,integer-histogram,stale,120,128,regular,legacy,decode,6,52797.0,52559.0,52957.0,2.272856412296153,2265.6,36.73,0.4387,438.7,435.20000000000005,2.9865000000000004,99.72999999999999,7296.0,42.0,6.0,,BenchmarkALPMatrix/integer-histogram/stale/n=120/buckets=128/time=regular/legacy/decode
simd,BenchmarkALPMatrix,integer-histogram,stale,120,128,regular,legacy,decode-float,6,56961.0,56574.0,57143.0,2.106704587349239,2099.955,36.73,0.47414999999999996,474.15,469.45,4.4265,99.88499999999999,7296.0,42.0,6.0,,BenchmarkALPMatrix/integer-histogram/stale/n=120/buckets=128/time=regular/legacy/decode-float
simd,BenchmarkALPMatrix,integer-histogram,stale,120,128,regular,legacy,encode,6,135194.0,134060.0,135579.0,0.8876133556222909,884.77,36.73,1.124,1124.0,1112.0,11.225000000000001,99.765,25616.0,78.0,6.0,,BenchmarkALPMatrix/integer-histogram/stale/n=120/buckets=128/time=regular/legacy/encode
simd,BenchmarkALPMatrix,integer-histogram,stale,120,8,regular,ALPv3,decode,6,6408.0,6270.0,6551.0,18.726591760299627,1588.155,20.02,0.053340000000000005,53.34,52.870000000000005,0.5103,99.815,480.0,24.0,6.0,,BenchmarkALPMatrix/integer-histogram/stale/n=120/buckets=8/time=regular/ALPv3/decode
simd,BenchmarkALPMatrix,integer-histogram,stale,120,8,regular,ALPv3,decode-float,6,6017.5,5910.0,6380.0,19.941836310760284,1691.0,20.02,0.050125,50.125,49.730000000000004,0.4172,99.89500000000001,480.0,24.0,6.0,,BenchmarkALPMatrix/integer-histogram/stale/n=120/buckets=8/time=regular/ALPv3/decode-float
simd,BenchmarkALPMatrix,integer-histogram,stale,120,8,regular,ALPv3,encode,6,73810.5,73325.0,74158.0,1.6257849492958318,137.865,20.02,0.6124,612.4000000000001,605.9,6.547000000000001,99.58,24176.0,293.0,6.0,,BenchmarkALPMatrix/integer-histogram/stale/n=120/buckets=8/time=regular/ALPv3/encode
simd,BenchmarkALPMatrix,integer-histogram,stale,120,8,regular,legacy,decode,6,7652.5,7558.0,7767.0,15.681149950996407,1329.77,11.05,0.063625,63.625,63.239999999999995,0.43820000000000003,99.775,1536.0,42.0,6.0,,BenchmarkALPMatrix/integer-histogram/stale/n=120/buckets=8/time=regular/legacy/decode
simd,BenchmarkALPMatrix,integer-histogram,stale,120,8,regular,legacy,decode-float,6,7897.5,7839.0,8008.0,15.194681861348528,1288.545,11.05,0.06575,65.75,65.22,0.5479,99.85499999999999,1536.0,42.0,6.0,,BenchmarkALPMatrix/integer-histogram/stale/n=120/buckets=8/time=regular/legacy/decode-float
simd,BenchmarkALPMatrix,integer-histogram,stale,120,8,regular,legacy,encode,6,18470.0,18292.0,18599.0,6.497022198159177,550.9549999999999,11.05,0.15335000000000001,153.35000000000002,151.85,1.6219999999999999,99.64500000000001,5648.0,66.0,6.0,,BenchmarkALPMatrix/integer-histogram/stale/n=120/buckets=8/time=regular/legacy/encode
simd,BenchmarkALPMatrixTranscode,float-histogram,fractional,120,8,regular,adaptive,transcode,6,28667.5,28545.0,28780.0,4.185924827766635,368.36,23.66,0.23839999999999997,238.39999999999998,236.3,1.968,99.745,4362.0,16.0,,100.0,BenchmarkALPMatrixTranscode/float-histogram/fractional/n=120/buckets=8/time=regular/adaptive
simd,BenchmarkALPMatrixTranscode,float-histogram,fractional,120,8,regular,forced,transcode,6,28609.5,28472.0,29701.0,4.194410947412573,369.115,23.66,0.23795,237.95,236.35000000000002,1.9234999999999998,99.76,4362.0,16.0,,100.0,BenchmarkALPMatrixTranscode/float-histogram/fractional/n=120/buckets=8/time=regular/forced
simd,BenchmarkALPMatrixTranscode,float-histogram,noisy-fractional,120,128,regular,adaptive,transcode,6,667299.0,661300.0,671630.0,0.17982943178395291,188.465,832.6,5.5025,5502.5,5448.0,54.91,99.005,623656.0,40.0,,100.0,BenchmarkALPMatrixTranscode/float-histogram/noisy-fractional/n=120/buckets=128/time=regular/adaptive
simd,BenchmarkALPMatrixTranscode,float-histogram,noisy-fractional,120,128,regular,forced,transcode,6,668145.5,660201.0,672436.0,0.1796015987535649,188.22500000000002,832.6,5.509,5509.0,5449.5,53.349999999999994,98.97,623656.0,40.0,,100.0,BenchmarkALPMatrixTranscode/float-histogram/noisy-fractional/n=120/buckets=128/time=regular/forced
simd,BenchmarkALPMatrixTranscode,float,computed,120,0,regular,adaptive,transcode,6,117.5,116.9,119.4,1021.2765957446809,8169.025,7.142,0.00097675,0.97675,0.96765,0.008803,99.77000000000001,16.0,0.0,,0.0,BenchmarkALPMatrixTranscode/float/computed/n=120/buckets=0/time=regular/adaptive
simd,BenchmarkALPMatrixTranscode,float,computed,120,0,regular,forced,transcode,6,9361.0,9327.0,9453.0,12.819143253925862,102.55000000000001,6.808,0.07790000000000001,77.9,77.295,0.57935,99.86,1136.0,3.0,,100.0,BenchmarkALPMatrixTranscode/float/computed/n=120/buckets=0/time=regular/forced
simd,BenchmarkALPMatrixTranscode,float,decimal2,120,0,regular,adaptive,transcode,6,2489.0,2467.0,2497.0,48.21213338690237,385.645,1.375,0.02068,20.68,20.490000000000002,0.1862,99.655,944.0,3.0,,100.0,BenchmarkALPMatrixTranscode/float/decimal2/n=120/buckets=0/time=regular/adaptive
simd,BenchmarkALPMatrixTranscode,float,decimal2,120,0,regular,forced,transcode,6,2435.5,2422.0,2446.0,49.271196879490866,394.235,1.375,0.020215000000000004,20.215000000000003,20.035,0.18805,99.63499999999999,944.0,3.0,,100.0,BenchmarkALPMatrixTranscode/float/decimal2/n=120/buckets=0/time=regular/forced
simd,BenchmarkALPMatrixTranscode,float,random-bits,120,0,regular,adaptive,transcode,6,66.515,64.29,69.58,1804.104337367511,14432.825,8.517,0.00055135,0.55135,0.5458000000000001,0.005161000000000001,99.63,16.0,0.0,,0.0,BenchmarkALPMatrixTranscode/float/random-bits/n=120/buckets=0/time=regular/adaptive
simd,BenchmarkALPMatrixTranscode,float,random-bits,120,0,regular,forced,transcode,6,12271.5,12188.0,12408.0,9.778755653343111,78.23,8.333,0.10215,102.15,101.25,0.9528,99.83500000000001,1264.0,3.0,,100.0,BenchmarkALPMatrixTranscode/float/random-bits/n=120/buckets=0/time=regular/forced
simd,BenchmarkALPMatrixTranscode,integer-histogram,bursty,120,128,regular,adaptive,transcode,6,187400.5,186564.0,189136.0,0.6403398069909099,671.075,94.92,1.559,1559.0,1545.0,13.825,99.85499999999999,20591.0,16.0,,0.0,BenchmarkALPMatrixTranscode/integer-histogram/bursty/n=120/buckets=128/time=regular/adaptive
simd,BenchmarkALPMatrixTranscode,integer-histogram,bursty,120,128,regular,forced,transcode,6,188043.5,187596.0,191384.0,0.6381502152427497,668.785,131.3,1.563,1563.0,1549.0,14.695,99.765,20591.0,16.0,,100.0,BenchmarkALPMatrixTranscode/integer-histogram/bursty/n=120/buckets=128/time=regular/forced
simd,BenchmarkALPMatrixTranscode,integer-histogram,smooth,120,8,regular,adaptive,transcode,6,18235.5,18009.0,18342.0,6.580570864522497,579.09,5.825,0.15159999999999998,151.6,150.14999999999998,1.5545,99.785,2024.0,16.0,,100.0,BenchmarkALPMatrixTranscode/integer-histogram/smooth/n=120/buckets=8/time=regular/adaptive
simd,BenchmarkALPMatrixTranscode,integer-histogram,smooth,120,8,regular,forced,transcode,6,17972.5,17685.0,18212.0,6.676867436361107,587.5699999999999,5.825,0.1495,149.5,148.05,1.486,99.8,2024.0,16.0,,100.0,BenchmarkALPMatrixTranscode/integer-histogram/smooth/n=120/buckets=8/time=regular/forced
